Training on FEN 1/18: r1bqkbnr/pppp1ppp/2n5/4p3/2B1P3/5N2/PPPP1PPP/RNBQK2R w KQkq - 2 4
P: -5.12, N: -4.85, B: -5.72, R: -6.99, Q: 0.43, K: 0.61, M: 25.00
Game finished: 1/2-1/2
Win rate: 0.00%, Loss rate: 0.00%, Draw rate: 100.00%
P: -2.54, N: -4.64, B: -4.80, R: -5.91, Q: 1.10, K: 0.61, M: 25.00
Game finished: 0-1
Win rate: 0.00%, Loss rate: 50.00%, Draw rate: 50.00%
P: -7.64, N: -3.19, B: -2.85, R: -4.64, Q: 2.93, K: 0.61, M: 25.00
Game finished: 0-1
Win rate: 0.00%, Loss rate: 66.67%, Draw rate: 33.33%
P: -10.29, N: -2.94, B: -3.02, R: -4.84, Q: 2.28, K: 0.61, M: 25.00
Game finished: 0-1
Win rate: 0.00%, Loss rate: 75.00%, Draw rate: 25.00%
P: -8.01, N: -2.39, B: -2.38, R: -3.92, Q: 2.57, K: 0.61, M: 25.00
Game finished: 0-1
Win rate: 0.00%, Loss rate: 80.00%, Draw rate: 20.00%
P: -9.76, N: -2.77, B: -2.48, R: -4.55, Q: 2.20, K: 0.61, M: 25.00
Game finished: 0-1
Win rate: 0.00%, Loss rate: 83.33%, Draw rate: 16.67%
P: -9.24, N: -2.86, B: -2.44, R: -4.68, Q: 1.64, K: 0.61, M: 25.00
Game finished: 1/2-1/2
Win rate: 0.00%, Loss rate: 71.43%, Draw rate: 28.57%
P: -6.72, N: -2.69, B: -1.87, R: -4.03, Q: 1.40, K: 0.61, M: 25.00
Game finished: 0-1
Win rate: 0.00%, Loss rate: 75.00%, Draw rate: 25.00%
P: -5.62, N: -2.65, B: -1.37, R: -3.92, Q: 1.51, K: 0.61, M: 25.00
Game finished: 0-1
Win rate: 0.00%, Loss rate: 77.78%, Draw rate: 22.22%
P: -7.97, N: -2.91, B: -0.94, R: -4.50, Q: 1.49, K: 0.61, M: 25.00
Game finished: 0-1
Win rate: 0.00%, Loss rate: 80.00%, Draw rate: 20.00%
P: -7.01, N: -2.82, B: -0.21, R: -4.38, Q: 1.07, K: 0.61, M: 25.00
Game finished: 0-1
Win rate: 0.00%, Loss rate: 81.82%, Draw rate: 18.18%
P: -9.16, N: -2.83, B: -0.29, R: -4.69, Q: 0.55, K: 0.61, M: 25.00
Game finished: 0-1
Win rate: 0.00%, Loss rate: 83.33%, Draw rate: 16.67%
P: -9.06, N: -2.80, B: -0.32, R: -4.72, Q: -0.08, K: 0.61, M: 25.00
Game finished: 0-1
Win rate: 0.00%, Loss rate: 84.62%, Draw rate: 15.38%
P: -7.24, N: -2.74, B: -0.05, R: -4.14, Q: -0.19, K: 0.61, M: 25.00
Game finished: 1/2-1/2
Win rate: 0.00%, Loss rate: 78.57%, Draw rate: 21.43%
P: -7.56, N: -2.98, B: -0.80, R: -5.49, Q: -1.07, K: 0.61, M: 25.00
Game finished: 0-1
Win rate: 0.00%, Loss rate: 80.00%, Draw rate: 20.00%
P: -8.85, N: -3.62, B: -1.34, R: -6.42, Q: -1.48, K: 0.61, M: 25.00
Game finished: 0-1
Win rate: 0.00%, Loss rate: 81.25%, Draw rate: 18.75%
P: -7.67, N: -3.39, B: -1.03, R: -6.11, Q: -1.48, K: 0.61, M: 25.00
Game finished: 0-1
Win rate: 0.00%, Loss rate: 82.35%, Draw rate: 17.65%
P: -7.78, N: -3.36, B: -0.93, R: -6.18, Q: -1.59, K: 0.61, M: 25.00
Game finished: 0-1
Win rate: 0.00%, Loss rate: 83.33%, Draw rate: 16.67%
P: -8.68, N: -4.07, B: -1.32, R: -7.05, Q: -1.77, K: 0.61, M: 25.00
Game finished: 0-1
Win rate: 0.00%, Loss rate: 84.21%, Draw rate: 15.79%
P: -9.11, N: -4.06, B: -1.32, R: -7.39, Q: -1.83, K: 0.61, M: 25.00
Game finished: 0-1
Win rate: 0.00%, Loss rate: 85.00%, Draw rate: 15.00%
P: -9.34, N: -3.84, B: -1.50, R: -7.52, Q: -1.96, K: 0.61, M: 25.00
Game finished: 0-1
Win rate: 0.00%, Loss rate: 85.71%, Draw rate: 14.29%
P: -8.38, N: -3.34, B: -1.17, R: -7.35, Q: -1.55, K: 0.61, M: 25.00
Game finished: 0-1
Win rate: 0.00%, Loss rate: 86.36%, Draw rate: 13.64%
P: -7.99, N: -2.74, B: -0.95, R: -7.00, Q: -1.43, K: 0.61, M: 25.00
Game finished: 0-1
Win rate: 0.00%, Loss rate: 86.96%, Draw rate: 13.04%
P: -7.59, N: -2.35, B: -1.01, R: -6.85, Q: -1.12, K: 0.61, M: 25.00
Game finished: 0-1
Win rate: 0.00%, Loss rate: 87.50%, Draw rate: 12.50%
P: -5.50, N: -2.39, B: -0.16, R: -6.16, Q: -1.14, K: 0.61, M: 25.00
Game finished: 0-1
Win rate: 0.00%, Loss rate: 88.00%, Draw rate: 12.00%
P: -6.24, N: -2.47, B: -0.78, R: -6.29, Q: -1.57, K: 0.61, M: 25.00
Game finished: 0-1
Win rate: 0.00%, Loss rate: 88.46%, Draw rate: 11.54%
P: -5.71, N: -2.43, B: -0.59, R: -5.90, Q: -1.46, K: 0.61, M: 25.00
Game finished: 0-1
Win rate: 0.00%, Loss rate: 88.89%, Draw rate: 11.11%
P: -7.12, N: -2.25, B: -0.82, R: -6.29, Q: -1.64, K: 0.61, M: 25.00
Game finished: 0-1
Win rate: 0.00%, Loss rate: 89.29%, Draw rate: 10.71%
P: -9.15, N: -2.09, B: -0.91, R: -5.97, Q: -1.48, K: 0.61, M: 25.00
Game finished: 0-1
Win rate: 0.00%, Loss rate: 89.66%, Draw rate: 10.34%
P: -9.44, N: -1.41, B: -0.78, R: -5.40, Q: -1.23, K: 0.61, M: 25.00
Game finished: 0-1
Win rate: 0.00%, Loss rate: 90.00%, Draw rate: 10.00%
P: -10.47, N: -1.18, B: -0.54, R: -5.43, Q: -0.85, K: 0.61, M: 25.00
Game finished: 0-1
Win rate: 0.00%, Loss rate: 90.32%, Draw rate: 9.68%
P: -9.13, N: -0.79, B: -0.63, R: -5.04, Q: -0.95, K: 0.61, M: 25.00
Game finished: 0-1
Win rate: 0.00%, Loss rate: 90.62%, Draw rate: 9.38%
P: -9.09, N: -0.59, B: -1.05, R: -5.45, Q: -1.19, K: 0.61, M: 25.00
Game finished: 0-1
Win rate: 0.00%, Loss rate: 90.91%, Draw rate: 9.09%
P: -9.14, N: -0.51, B: -0.69, R: -5.14, Q: -1.22, K: 0.61, M: 25.00
Game finished: 0-1
Win rate: 0.00%, Loss rate: 91.18%, Draw rate: 8.82%
P: -9.26, N: -0.99, B: -0.90, R: -5.07, Q: -1.62, K: 0.61, M: 25.00
Game finished: 0-1
Win rate: 0.00%, Loss rate: 91.43%, Draw rate: 8.57%
P: -9.80, N: -0.68, B: -1.22, R: -5.55, Q: -1.89, K: 0.61, M: 25.00
Game finished: 0-1
Win rate: 0.00%, Loss rate: 91.67%, Draw rate: 8.33%
P: -10.18, N: -0.86, B: -1.37, R: -5.96, Q: -1.89, K: 0.61, M: 25.00
Game finished: 0-1
Win rate: 0.00%, Loss rate: 91.89%, Draw rate: 8.11%
P: -11.57, N: -0.60, B: -1.29, R: -6.17, Q: -2.13, K: 0.61, M: 25.00
Game finished: 0-1
Win rate: 0.00%, Loss rate: 92.11%, Draw rate: 7.89%
P: -9.22, N: -0.85, B: -1.54, R: -6.03, Q: -2.33, K: 0.61, M: 25.00
Game finished: 1/2-1/2
Win rate: 0.00%, Loss rate: 89.74%, Draw rate: 10.26%
P: -6.38, N: -0.98, B: -1.38, R: -5.88, Q: -3.14, K: 0.61, M: 25.00
Game finished: 0-1
Win rate: 0.00%, Loss rate: 90.00%, Draw rate: 10.00%
P: -6.88, N: -1.13, B: -1.58, R: -6.16, Q: -3.00, K: 0.61, M: 25.00
Game finished: 0-1
Win rate: 0.00%, Loss rate: 90.24%, Draw rate: 9.76%
P: -9.51, N: -1.23, B: -2.85, R: -6.96, Q: -3.23, K: 0.61, M: 25.00
Game finished: 0-1
Win rate: 0.00%, Loss rate: 90.48%, Draw rate: 9.52%
P: -7.71, N: -0.70, B: -2.91, R: -6.68, Q: -3.17, K: 0.61, M: 25.00
Game finished: 0-1
Win rate: 0.00%, Loss rate: 90.70%, Draw rate: 9.30%
P: -7.07, N: -0.90, B: -2.90, R: -6.54, Q: -2.90, K: 0.61, M: 25.00
Game finished: 0-1
Win rate: 0.00%, Loss rate: 90.91%, Draw rate: 9.09%
P: -7.22, N: -0.85, B: -2.86, R: -6.91, Q: -3.11, K: 0.61, M: 25.00
Game finished: 0-1
Win rate: 0.00%, Loss rate: 91.11%, Draw rate: 8.89%
P: -7.23, N: -1.11, B: -2.70, R: -6.54, Q: -3.46, K: 0.61, M: 25.00
Game finished: 0-1
Win rate: 0.00%, Loss rate: 91.30%, Draw rate: 8.70%
P: -7.63, N: -1.03, B: -3.21, R: -6.91, Q: -3.52, K: 0.61, M: 25.00
Game finished: 0-1
Win rate: 0.00%, Loss rate: 91.49%, Draw rate: 8.51%
P: -8.85, N: -1.77, B: -3.02, R: -7.48, Q: -3.72, K: 0.61, M: 25.00
Game finished: 0-1
Win rate: 0.00%, Loss rate: 91.67%, Draw rate: 8.33%
P: -10.05, N: -2.31, B: -3.77, R: -8.33, Q: -4.29, K: 0.61, M: 25.00
Game finished: 0-1
Win rate: 0.00%, Loss rate: 91.84%, Draw rate: 8.16%
P: -10.35, N: -2.39, B: -3.85, R: -8.53, Q: -5.06, K: 0.61, M: 25.00
Game finished: 0-1
Win rate: 0.00%, Loss rate: 92.00%, Draw rate: 8.00%
P: -9.95, N: -1.70, B: -3.15, R: -8.07, Q: -4.77, K: 0.61, M: 25.00
Game finished: 0-1
Win rate: 0.00%, Loss rate: 92.16%, Draw rate: 7.84%
P: -12.12, N: -2.08, B: -4.18, R: -9.07, Q: -5.41, K: 0.61, M: 25.00
Game finished: 0-1
Win rate: 0.00%, Loss rate: 92.31%, Draw rate: 7.69%
P: -10.59, N: -1.33, B: -3.52, R: -7.78, Q: -4.97, K: 0.61, M: 25.00
Game finished: 0-1
Win rate: 0.00%, Loss rate: 92.45%, Draw rate: 7.55%
P: -10.63, N: -1.27, B: -3.09, R: -7.65, Q: -5.07, K: 0.61, M: 25.00
Game finished: 0-1
Win rate: 0.00%, Loss rate: 92.59%, Draw rate: 7.41%
P: -10.98, N: -1.29, B: -3.48, R: -7.69, Q: -5.25, K: 0.61, M: 25.00
Game finished: 0-1
Win rate: 0.00%, Loss rate: 92.73%, Draw rate: 7.27%
P: -11.80, N: -1.76, B: -4.30, R: -8.20, Q: -5.42, K: 0.61, M: 25.00
Game finished: 0-1
Win rate: 0.00%, Loss rate: 92.86%, Draw rate: 7.14%
P: -8.47, N: -1.02, B: -4.05, R: -7.39, Q: -4.94, K: 0.61, M: 25.00
Game finished: 0-1
Win rate: 0.00%, Loss rate: 92.98%, Draw rate: 7.02%
P: -7.55, N: -2.02, B: -2.85, R: -7.45, Q: -5.11, K: 0.61, M: 25.00
Game finished: 0-1
Win rate: 0.00%, Loss rate: 93.10%, Draw rate: 6.90%
P: -7.77, N: -1.20, B: -2.29, R: -6.95, Q: -4.31, K: 0.61, M: 25.00
Game finished: 0-1
Win rate: 0.00%, Loss rate: 93.22%, Draw rate: 6.78%
P: -9.46, N: -1.38, B: -2.83, R: -7.84, Q: -4.44, K: 0.61, M: 25.00
Game finished: 0-1
Win rate: 0.00%, Loss rate: 93.33%, Draw rate: 6.67%
P: -11.40, N: -2.11, B: -4.06, R: -8.76, Q: -4.72, K: 0.61, M: 25.00
Game finished: 0-1
Win rate: 0.00%, Loss rate: 93.44%, Draw rate: 6.56%
P: -6.98, N: -2.39, B: -2.56, R: -7.20, Q: -4.61, K: 0.61, M: 25.00
Game finished: 0-1
Win rate: 0.00%, Loss rate: 93.55%, Draw rate: 6.45%
P: -6.05, N: -2.56, B: -2.50, R: -6.28, Q: -4.48, K: 0.61, M: 25.00
Game finished: 0-1
Win rate: 0.00%, Loss rate: 93.65%, Draw rate: 6.35%
P: -5.01, N: -2.05, B: -1.93, R: -5.44, Q: -4.49, K: 0.61, M: 25.00
Game finished: 1/2-1/2
Win rate: 0.00%, Loss rate: 92.19%, Draw rate: 7.81%
P: -5.85, N: -2.28, B: -1.79, R: -5.78, Q: -4.46, K: 0.61, M: 25.00
Game finished: 0-1
Win rate: 0.00%, Loss rate: 92.31%, Draw rate: 7.69%
P: -7.25, N: -2.32, B: -2.00, R: -6.17, Q: -4.41, K: 0.61, M: 25.00
Game finished: 0-1
Win rate: 0.00%, Loss rate: 92.42%, Draw rate: 7.58%
P: -7.51, N: -2.24, B: -1.98, R: -6.05, Q: -4.19, K: 0.61, M: 25.00
Game finished: 0-1
Win rate: 0.00%, Loss rate: 92.54%, Draw rate: 7.46%
P: -5.97, N: -2.18, B: -1.46, R: -5.81, Q: -4.43, K: 0.61, M: 25.00
Game finished: 0-1
Win rate: 0.00%, Loss rate: 92.65%, Draw rate: 7.35%
P: -8.04, N: -3.05, B: -2.16, R: -6.71, Q: -4.35, K: 0.61, M: 25.00
Game finished: 0-1
Win rate: 0.00%, Loss rate: 92.75%, Draw rate: 7.25%
P: -8.51, N: -2.70, B: -2.00, R: -6.59, Q: -4.37, K: 0.61, M: 25.00
Game finished: 0-1
Win rate: 0.00%, Loss rate: 92.86%, Draw rate: 7.14%
P: -10.05, N: -2.65, B: -2.35, R: -7.62, Q: -4.93, K: 0.61, M: 25.00
Game finished: 0-1
Win rate: 0.00%, Loss rate: 92.96%, Draw rate: 7.04%
P: -9.74, N: -2.91, B: -2.48, R: -7.77, Q: -4.92, K: 0.61, M: 25.00
Game finished: 0-1
Win rate: 0.00%, Loss rate: 93.06%, Draw rate: 6.94%
P: -8.40, N: -2.77, B: -2.35, R: -7.21, Q: -4.89, K: 0.61, M: 25.00
Game finished: 0-1
Win rate: 0.00%, Loss rate: 93.15%, Draw rate: 6.85%
P: -7.74, N: -2.79, B: -2.22, R: -7.11, Q: -4.97, K: 0.61, M: 25.00
Game finished: 0-1
Win rate: 0.00%, Loss rate: 93.24%, Draw rate: 6.76%
P: -6.31, N: -2.46, B: -2.02, R: -6.47, Q: -4.84, K: 0.61, M: 25.00
Game finished: 0-1
Win rate: 0.00%, Loss rate: 93.33%, Draw rate: 6.67%
P: -6.35, N: -2.50, B: -1.91, R: -6.44, Q: -4.88, K: 0.61, M: 25.00
Game finished: 0-1
Win rate: 0.00%, Loss rate: 93.42%, Draw rate: 6.58%
P: -7.88, N: -2.48, B: -2.26, R: -6.82, Q: -4.84, K: 0.61, M: 25.00
Game finished: 0-1
Win rate: 0.00%, Loss rate: 93.51%, Draw rate: 6.49%
P: -7.96, N: -2.22, B: -2.30, R: -6.84, Q: -4.90, K: 0.61, M: 25.00
Game finished: 0-1
Win rate: 0.00%, Loss rate: 93.59%, Draw rate: 6.41%
P: -8.43, N: -2.01, B: -2.01, R: -6.69, Q: -4.96, K: 0.61, M: 25.00
Game finished: 1-0
Win rate: 1.27%, Loss rate: 92.41%, Draw rate: 6.33%
P: -8.47, N: -1.91, B: -1.70, R: -6.50, Q: -5.23, K: 0.61, M: 25.00
Game finished: 0-1
Win rate: 1.25%, Loss rate: 92.50%, Draw rate: 6.25%
P: -8.80, N: -1.78, B: -2.54, R: -6.92, Q: -5.15, K: 0.61, M: 25.00
Game finished: 0-1
Win rate: 1.23%, Loss rate: 92.59%, Draw rate: 6.17%
P: -10.10, N: -1.75, B: -2.81, R: -8.00, Q: -5.49, K: 0.61, M: 25.00
Game finished: 0-1
Win rate: 1.22%, Loss rate: 92.68%, Draw rate: 6.10%
P: -8.51, N: -1.55, B: -2.56, R: -7.41, Q: -5.09, K: 0.61, M: 25.00
Game finished: 0-1
Win rate: 1.20%, Loss rate: 92.77%, Draw rate: 6.02%
P: -8.58, N: -1.82, B: -3.01, R: -7.85, Q: -5.32, K: 0.61, M: 25.00
Game finished: 0-1
Win rate: 1.19%, Loss rate: 92.86%, Draw rate: 5.95%
P: -8.64, N: -2.32, B: -2.57, R: -8.21, Q: -5.56, K: 0.61, M: 25.00
Game finished: 0-1
Win rate: 1.18%, Loss rate: 92.94%, Draw rate: 5.88%
P: -10.09, N: -2.50, B: -2.99, R: -8.69, Q: -5.80, K: 0.61, M: 25.00
Game finished: 0-1
Win rate: 1.16%, Loss rate: 93.02%, Draw rate: 5.81%
P: -10.25, N: -2.20, B: -2.97, R: -8.64, Q: -5.61, K: 0.61, M: 25.00
Game finished: 1/2-1/2
Win rate: 1.15%, Loss rate: 91.95%, Draw rate: 6.90%
P: -11.67, N: -2.88, B: -3.34, R: -9.36, Q: -5.75, K: 0.61, M: 25.00
Game finished: 0-1
Win rate: 1.14%, Loss rate: 92.05%, Draw rate: 6.82%
P: -12.22, N: -3.04, B: -3.41, R: -9.41, Q: -5.54, K: 0.61, M: 25.00
Game finished: 0-1
Win rate: 1.12%, Loss rate: 92.13%, Draw rate: 6.74%
P: -12.62, N: -3.04, B: -3.35, R: -9.50, Q: -5.52, K: 0.61, M: 25.00
Game finished: 0-1
Win rate: 1.11%, Loss rate: 92.22%, Draw rate: 6.67%
P: -6.51, N: -2.03, B: -1.22, R: -7.80, Q: -5.53, K: 0.61, M: 25.00
Game finished: 1/2-1/2
Win rate: 1.10%, Loss rate: 91.21%, Draw rate: 7.69%
P: -7.85, N: -2.02, B: -1.31, R: -8.01, Q: -5.73, K: 0.61, M: 25.00
Game finished: 1/2-1/2
Win rate: 1.09%, Loss rate: 90.22%, Draw rate: 8.70%
P: -8.27, N: -1.64, B: -1.24, R: -8.37, Q: -5.58, K: 0.61, M: 25.00
Game finished: 0-1
Win rate: 1.08%, Loss rate: 90.32%, Draw rate: 8.60%
P: -9.04, N: -1.87, B: -1.68, R: -8.40, Q: -5.69, K: 0.61, M: 25.00
Game finished: 0-1
Win rate: 1.06%, Loss rate: 90.43%, Draw rate: 8.51%
P: -8.14, N: -1.89, B: -1.31, R: -8.05, Q: -5.66, K: 0.61, M: 25.00
Game finished: 1/2-1/2
Win rate: 1.05%, Loss rate: 89.47%, Draw rate: 9.47%
P: -7.81, N: -2.33, B: -1.80, R: -8.49, Q: -5.66, K: 0.61, M: 25.00
Game finished: 0-1
Win rate: 1.04%, Loss rate: 89.58%, Draw rate: 9.38%
P: -7.33, N: -2.34, B: -1.60, R: -7.92, Q: -5.79, K: 0.61, M: 25.00
Game finished: 0-1
Win rate: 1.03%, Loss rate: 89.69%, Draw rate: 9.28%
P: -6.52, N: -3.12, B: -1.07, R: -8.25, Q: -5.69, K: 0.61, M: 25.00
Game finished: 0-1
Win rate: 1.02%, Loss rate: 89.80%, Draw rate: 9.18%
P: -5.91, N: -3.15, B: -1.09, R: -8.19, Q: -5.62, K: 0.61, M: 25.00
Game finished: 0-1
Win rate: 1.01%, Loss rate: 89.90%, Draw rate: 9.09%
P: -7.04, N: -3.13, B: -1.13, R: -8.56, Q: -5.84, K: 0.61, M: 25.00
Game finished: 0-1
Win rate: 1.00%, Loss rate: 90.00%, Draw rate: 9.00%
Epsilon: 0.0950
Results saved to mf2_results/results.csv
Epsilon history saved to mf2_epsilon/epsilon.csv
Elapsed time: 0:00:38
P: -10.16, N: -3.65, B: -1.78, R: -9.38, Q: -6.24, K: 0.61, M: 25.00
Game finished: 0-1
Win rate: 0.99%, Loss rate: 90.10%, Draw rate: 8.91%
P: -9.20, N: -3.53, B: -1.62, R: -8.87, Q: -6.27, K: 0.61, M: 25.00
Game finished: 0-1
Win rate: 0.98%, Loss rate: 90.20%, Draw rate: 8.82%
P: -7.96, N: -2.75, B: -1.78, R: -8.56, Q: -5.94, K: 0.61, M: 25.00
Game finished: 0-1
Win rate: 0.97%, Loss rate: 90.29%, Draw rate: 8.74%
P: -9.36, N: -3.34, B: -1.69, R: -8.37, Q: -5.78, K: 0.61, M: 25.00
Game finished: 0-1
Win rate: 0.96%, Loss rate: 90.38%, Draw rate: 8.65%
P: -8.34, N: -2.77, B: -1.58, R: -7.55, Q: -5.64, K: 0.61, M: 25.00
Game finished: 0-1
Win rate: 0.95%, Loss rate: 90.48%, Draw rate: 8.57%
P: -6.05, N: -2.71, B: -1.52, R: -7.32, Q: -5.71, K: 0.61, M: 25.00
Game finished: 0-1
Win rate: 0.94%, Loss rate: 90.57%, Draw rate: 8.49%
P: -6.10, N: -3.19, B: -1.55, R: -7.41, Q: -5.69, K: 0.61, M: 25.00
Game finished: 0-1
Win rate: 0.93%, Loss rate: 90.65%, Draw rate: 8.41%
P: -6.46, N: -3.33, B: -1.39, R: -7.32, Q: -5.63, K: 0.61, M: 25.00
Game finished: 0-1
Win rate: 0.93%, Loss rate: 90.74%, Draw rate: 8.33%
P: -7.36, N: -2.93, B: -0.37, R: -6.26, Q: -5.24, K: 0.61, M: 25.00
Game finished: 0-1
Win rate: 0.92%, Loss rate: 90.83%, Draw rate: 8.26%
P: -8.99, N: -3.19, B: -0.88, R: -7.01, Q: -5.39, K: 0.61, M: 25.00
Game finished: 0-1
Win rate: 0.91%, Loss rate: 90.91%, Draw rate: 8.18%
P: -8.97, N: -3.03, B: -1.10, R: -7.02, Q: -5.27, K: 0.61, M: 25.00
Game finished: 0-1
Win rate: 0.90%, Loss rate: 90.99%, Draw rate: 8.11%
P: -8.30, N: -3.04, B: 0.36, R: -7.06, Q: -4.78, K: 0.61, M: 25.00
Game finished: 1-0
Win rate: 1.79%, Loss rate: 90.18%, Draw rate: 8.04%
P: -6.42, N: -2.78, B: 0.36, R: -6.15, Q: -4.80, K: 0.61, M: 25.00
Game finished: 0-1
Win rate: 1.77%, Loss rate: 90.27%, Draw rate: 7.96%
P: -7.54, N: -2.94, B: -0.28, R: -6.57, Q: -4.79, K: 0.61, M: 25.00
Game finished: 0-1
Win rate: 1.75%, Loss rate: 90.35%, Draw rate: 7.89%
P: -10.49, N: -2.95, B: -0.16, R: -7.62, Q: -4.69, K: 0.61, M: 25.00
Game finished: 0-1
Win rate: 1.74%, Loss rate: 90.43%, Draw rate: 7.83%
P: -9.76, N: -2.69, B: 0.45, R: -7.40, Q: -4.48, K: 0.61, M: 25.00
Game finished: 0-1
Win rate: 1.72%, Loss rate: 90.52%, Draw rate: 7.76%
P: -7.21, N: -2.56, B: 1.25, R: -6.82, Q: -4.43, K: 0.61, M: 25.00
Game finished: 0-1
Win rate: 1.71%, Loss rate: 90.60%, Draw rate: 7.69%
P: -6.39, N: -2.65, B: 1.37, R: -7.04, Q: -6.50, K: 0.61, M: 25.00
Game finished: 0-1
Win rate: 1.69%, Loss rate: 90.68%, Draw rate: 7.63%
P: -5.77, N: -2.50, B: 1.58, R: -6.72, Q: -6.27, K: 0.61, M: 25.00
Game finished: 0-1
Win rate: 1.68%, Loss rate: 90.76%, Draw rate: 7.56%
P: -5.18, N: -2.35, B: 1.85, R: -6.97, Q: -6.16, K: 0.61, M: 25.00
Game finished: 0-1
Win rate: 1.67%, Loss rate: 90.83%, Draw rate: 7.50%
P: -7.45, N: -2.69, B: 0.74, R: -7.92, Q: -6.72, K: 0.61, M: 25.00
Game finished: 0-1
Win rate: 1.65%, Loss rate: 90.91%, Draw rate: 7.44%
P: -8.46, N: -2.91, B: 0.39, R: -8.35, Q: -6.69, K: 0.61, M: 25.00
Game finished: 0-1
Win rate: 1.64%, Loss rate: 90.98%, Draw rate: 7.38%
P: -9.41, N: -3.27, B: 0.35, R: -8.24, Q: -6.66, K: 0.61, M: 25.00
Game finished: 0-1
Win rate: 1.63%, Loss rate: 91.06%, Draw rate: 7.32%
P: -8.83, N: -3.31, B: 0.22, R: -8.11, Q: -6.55, K: 0.61, M: 25.00
Game finished: 0-1
Win rate: 1.61%, Loss rate: 91.13%, Draw rate: 7.26%
P: -11.25, N: -3.51, B: -0.29, R: -8.59, Q: -6.72, K: 0.61, M: 25.00
Game finished: 0-1
Win rate: 1.60%, Loss rate: 91.20%, Draw rate: 7.20%
P: -8.99, N: -3.05, B: -0.09, R: -7.86, Q: -6.01, K: 0.61, M: 25.00
Game finished: 0-1
Win rate: 1.59%, Loss rate: 91.27%, Draw rate: 7.14%
P: -7.56, N: -2.93, B: -0.01, R: -7.24, Q: -5.87, K: 0.61, M: 25.00
Game finished: 0-1
Win rate: 1.57%, Loss rate: 91.34%, Draw rate: 7.09%
P: -8.19, N: -3.12, B: -0.24, R: -7.61, Q: -5.63, K: 0.61, M: 25.00
Game finished: 0-1
Win rate: 1.56%, Loss rate: 91.41%, Draw rate: 7.03%
P: -9.42, N: -3.03, B: 0.24, R: -7.74, Q: -5.04, K: 0.61, M: 25.00
Game finished: 0-1
Win rate: 1.55%, Loss rate: 91.47%, Draw rate: 6.98%
P: -9.85, N: -3.44, B: 0.31, R: -7.55, Q: -5.24, K: 0.61, M: 25.00
Game finished: 0-1
Win rate: 1.54%, Loss rate: 91.54%, Draw rate: 6.92%
P: -8.93, N: -3.49, B: 0.34, R: -7.07, Q: -5.47, K: 0.61, M: 25.00
Game finished: 0-1
Win rate: 1.53%, Loss rate: 91.60%, Draw rate: 6.87%
P: -9.65, N: -3.49, B: -0.05, R: -7.05, Q: -5.46, K: 0.61, M: 25.00
Game finished: 0-1
Win rate: 1.52%, Loss rate: 91.67%, Draw rate: 6.82%
P: -9.96, N: -3.60, B: -0.01, R: -7.39, Q: -5.47, K: 0.61, M: 25.00
Game finished: 0-1
Win rate: 1.50%, Loss rate: 91.73%, Draw rate: 6.77%
P: -6.28, N: -3.42, B: 0.10, R: -6.21, Q: -5.04, K: 0.61, M: 25.00
Game finished: 0-1
Win rate: 1.49%, Loss rate: 91.79%, Draw rate: 6.72%
P: -9.23, N: -3.96, B: -0.75, R: -7.04, Q: -5.02, K: 0.61, M: 25.00
Game finished: 0-1
Win rate: 1.48%, Loss rate: 91.85%, Draw rate: 6.67%
P: -7.06, N: -4.11, B: -0.87, R: -6.52, Q: -4.87, K: 0.61, M: 25.00
Game finished: 0-1
Win rate: 1.47%, Loss rate: 91.91%, Draw rate: 6.62%
P: -6.26, N: -4.13, B: -0.98, R: -6.23, Q: -5.26, K: 0.61, M: 25.00
Game finished: 0-1
Win rate: 1.46%, Loss rate: 91.97%, Draw rate: 6.57%
P: -7.65, N: -4.10, B: -1.07, R: -6.48, Q: -5.90, K: 0.61, M: 25.00
Game finished: 0-1
Win rate: 1.45%, Loss rate: 92.03%, Draw rate: 6.52%
P: -7.47, N: -4.26, B: -1.14, R: -6.63, Q: -6.17, K: 0.61, M: 25.00
Game finished: 0-1
Win rate: 1.44%, Loss rate: 92.09%, Draw rate: 6.47%
P: -8.27, N: -4.24, B: -1.54, R: -6.68, Q: -5.85, K: 0.61, M: 25.00
Game finished: 0-1
Win rate: 1.43%, Loss rate: 92.14%, Draw rate: 6.43%
P: -6.05, N: -3.94, B: -1.28, R: -5.91, Q: -5.79, K: 0.61, M: 25.00
Game finished: 0-1
Win rate: 1.42%, Loss rate: 92.20%, Draw rate: 6.38%
P: -5.93, N: -3.50, B: -1.28, R: -5.67, Q: -5.73, K: 0.61, M: 25.00
Game finished: 0-1
Win rate: 1.41%, Loss rate: 92.25%, Draw rate: 6.34%
P: -10.48, N: -4.49, B: -2.21, R: -7.13, Q: -6.29, K: 0.61, M: 25.00
Game finished: 0-1
Win rate: 1.40%, Loss rate: 92.31%, Draw rate: 6.29%
P: -8.32, N: -4.14, B: -1.79, R: -6.42, Q: -6.13, K: 0.61, M: 25.00
Game finished: 0-1
Win rate: 1.39%, Loss rate: 92.36%, Draw rate: 6.25%
P: -7.68, N: -4.07, B: -0.96, R: -5.84, Q: -5.77, K: 0.61, M: 25.00
Game finished: 0-1
Win rate: 1.38%, Loss rate: 92.41%, Draw rate: 6.21%
P: -8.02, N: -3.74, B: -0.91, R: -5.67, Q: -5.72, K: 0.61, M: 25.00
Game finished: 0-1
Win rate: 1.37%, Loss rate: 92.47%, Draw rate: 6.16%
P: -9.33, N: -3.92, B: -0.96, R: -6.16, Q: -5.97, K: 0.61, M: 25.00
Game finished: 0-1
Win rate: 1.36%, Loss rate: 92.52%, Draw rate: 6.12%
P: -10.12, N: -3.89, B: -1.61, R: -6.53, Q: -6.09, K: 0.61, M: 25.00
Game finished: 0-1
Win rate: 1.35%, Loss rate: 92.57%, Draw rate: 6.08%
P: -7.69, N: -3.80, B: -1.70, R: -5.94, Q: -6.18, K: 0.61, M: 25.00
Game finished: 1-0
Win rate: 2.01%, Loss rate: 91.95%, Draw rate: 6.04%
P: -7.20, N: -3.92, B: -2.25, R: -6.13, Q: -7.33, K: 0.61, M: 25.00
Game finished: 0-1
Win rate: 2.00%, Loss rate: 92.00%, Draw rate: 6.00%
P: -7.46, N: -3.56, B: -2.25, R: -5.99, Q: -7.23, K: 0.61, M: 25.00
Game finished: 0-1
Win rate: 1.99%, Loss rate: 92.05%, Draw rate: 5.96%
P: -7.88, N: -3.53, B: -2.62, R: -6.21, Q: -7.07, K: 0.61, M: 25.00
Game finished: 0-1
Win rate: 1.97%, Loss rate: 92.11%, Draw rate: 5.92%
P: -8.27, N: -3.10, B: -2.34, R: -5.78, Q: -6.66, K: 0.61, M: 25.00
Game finished: 0-1
Win rate: 1.96%, Loss rate: 92.16%, Draw rate: 5.88%
P: -9.45, N: -3.20, B: -2.55, R: -6.10, Q: -6.96, K: 0.61, M: 25.00
Game finished: 0-1
Win rate: 1.95%, Loss rate: 92.21%, Draw rate: 5.84%
P: -10.29, N: -2.90, B: -2.91, R: -6.61, Q: -6.69, K: 0.61, M: 25.00
Game finished: 0-1
Win rate: 1.94%, Loss rate: 92.26%, Draw rate: 5.81%
P: -9.70, N: -3.02, B: -2.31, R: -6.53, Q: -6.26, K: 0.61, M: 25.00
Game finished: 0-1
Win rate: 1.92%, Loss rate: 92.31%, Draw rate: 5.77%
P: -9.10, N: -2.44, B: -2.41, R: -6.00, Q: -6.11, K: 0.61, M: 25.00
Game finished: 0-1
Win rate: 1.91%, Loss rate: 92.36%, Draw rate: 5.73%
P: -7.23, N: -2.41, B: -2.28, R: -5.55, Q: -6.11, K: 0.61, M: 25.00
Game finished: 0-1
Win rate: 1.90%, Loss rate: 92.41%, Draw rate: 5.70%
P: -8.00, N: -2.27, B: -2.23, R: -5.51, Q: -6.06, K: 0.61, M: 25.00
Game finished: 0-1
Win rate: 1.89%, Loss rate: 92.45%, Draw rate: 5.66%
P: -7.51, N: -2.91, B: -2.53, R: -5.78, Q: -5.82, K: 0.61, M: 25.00
Game finished: 0-1
Win rate: 1.88%, Loss rate: 92.50%, Draw rate: 5.62%
P: -8.62, N: -3.32, B: -2.57, R: -6.63, Q: -5.97, K: 0.61, M: 25.00
Game finished: 1/2-1/2
Win rate: 1.86%, Loss rate: 91.93%, Draw rate: 6.21%
P: -9.49, N: -3.38, B: -2.78, R: -6.96, Q: -6.07, K: 0.61, M: 25.00
Game finished: 0-1
Win rate: 1.85%, Loss rate: 91.98%, Draw rate: 6.17%
P: -9.26, N: -2.95, B: -2.60, R: -6.28, Q: -5.90, K: 0.61, M: 25.00
Game finished: 0-1
Win rate: 1.84%, Loss rate: 92.02%, Draw rate: 6.13%
P: -9.05, N: -3.02, B: -2.28, R: -6.22, Q: -5.89, K: 0.61, M: 25.00
Game finished: 0-1
Win rate: 1.83%, Loss rate: 92.07%, Draw rate: 6.10%
P: -8.60, N: -2.83, B: -2.13, R: -6.29, Q: -5.77, K: 0.61, M: 25.00
Game finished: 0-1
Win rate: 1.82%, Loss rate: 92.12%, Draw rate: 6.06%
P: -9.45, N: -2.83, B: -2.27, R: -6.65, Q: -5.65, K: 0.61, M: 25.00
Game finished: 0-1
Win rate: 1.81%, Loss rate: 92.17%, Draw rate: 6.02%
P: -9.33, N: -2.95, B: -2.33, R: -6.64, Q: -5.77, K: 0.61, M: 25.00
Game finished: 1/2-1/2
Win rate: 1.80%, Loss rate: 91.62%, Draw rate: 6.59%
P: -9.76, N: -3.08, B: -2.75, R: -6.61, Q: -5.48, K: 0.61, M: 25.00
Game finished: 0-1
Win rate: 1.79%, Loss rate: 91.67%, Draw rate: 6.55%
P: -6.82, N: -2.67, B: -2.38, R: -5.38, Q: -4.94, K: 0.61, M: 25.00
Game finished: 0-1
Win rate: 1.78%, Loss rate: 91.72%, Draw rate: 6.51%
P: -6.10, N: -2.62, B: -2.59, R: -5.16, Q: -5.20, K: 0.61, M: 25.00
Game finished: 0-1
Win rate: 1.76%, Loss rate: 91.76%, Draw rate: 6.47%
P: -6.84, N: -2.81, B: -2.63, R: -5.68, Q: -5.22, K: 0.61, M: 25.00
Game finished: 0-1
Win rate: 1.75%, Loss rate: 91.81%, Draw rate: 6.43%
P: -8.95, N: -3.48, B: -2.95, R: -6.09, Q: -5.47, K: 0.61, M: 25.00
Game finished: 0-1
Win rate: 1.74%, Loss rate: 91.86%, Draw rate: 6.40%
P: -10.19, N: -3.62, B: -3.25, R: -6.62, Q: -5.58, K: 0.61, M: 25.00
Game finished: 0-1
Win rate: 1.73%, Loss rate: 91.91%, Draw rate: 6.36%
P: -8.73, N: -3.64, B: -2.81, R: -6.61, Q: -5.57, K: 0.61, M: 25.00
Game finished: 0-1
Win rate: 1.72%, Loss rate: 91.95%, Draw rate: 6.32%
P: -8.04, N: -3.44, B: -2.45, R: -6.54, Q: -5.26, K: 0.61, M: 25.00
Game finished: 0-1
Win rate: 1.71%, Loss rate: 92.00%, Draw rate: 6.29%
P: -8.07, N: -3.46, B: -2.36, R: -6.66, Q: -4.89, K: 0.61, M: 25.00
Game finished: 0-1
Win rate: 1.70%, Loss rate: 92.05%, Draw rate: 6.25%
P: -9.91, N: -3.27, B: -2.96, R: -7.32, Q: -4.89, K: 0.61, M: 25.00
Game finished: 0-1
Win rate: 1.69%, Loss rate: 92.09%, Draw rate: 6.21%
P: -10.89, N: -3.12, B: -3.00, R: -7.99, Q: -4.80, K: 0.61, M: 25.00
Game finished: 0-1
Win rate: 1.69%, Loss rate: 92.13%, Draw rate: 6.18%
P: -9.14, N: -3.38, B: -2.78, R: -6.89, Q: -4.45, K: 0.61, M: 25.00
Game finished: 0-1
Win rate: 1.68%, Loss rate: 92.18%, Draw rate: 6.15%
P: -10.16, N: -3.41, B: -2.99, R: -7.14, Q: -4.58, K: 0.61, M: 25.00
Game finished: 0-1
Win rate: 1.67%, Loss rate: 92.22%, Draw rate: 6.11%
P: -7.70, N: -4.03, B: -2.12, R: -6.09, Q: -5.22, K: 0.61, M: 25.00
Game finished: 0-1
Win rate: 1.66%, Loss rate: 92.27%, Draw rate: 6.08%
P: -8.32, N: -4.17, B: -1.93, R: -6.61, Q: -5.42, K: 0.61, M: 25.00
Game finished: 1/2-1/2
Win rate: 1.65%, Loss rate: 91.76%, Draw rate: 6.59%
P: -8.24, N: -4.26, B: -2.22, R: -6.88, Q: -5.41, K: 0.61, M: 25.00
Game finished: 0-1
Win rate: 1.64%, Loss rate: 91.80%, Draw rate: 6.56%
P: -9.20, N: -4.28, B: -2.49, R: -7.31, Q: -5.47, K: 0.61, M: 25.00
Game finished: 0-1
Win rate: 1.63%, Loss rate: 91.85%, Draw rate: 6.52%
P: -8.47, N: -4.47, B: -2.17, R: -7.11, Q: -5.03, K: 0.61, M: 25.00
Game finished: 0-1
Win rate: 1.62%, Loss rate: 91.89%, Draw rate: 6.49%
P: -8.85, N: -4.75, B: -1.88, R: -7.09, Q: -4.91, K: 0.61, M: 25.00
Game finished: 0-1
Win rate: 1.61%, Loss rate: 91.94%, Draw rate: 6.45%
P: -6.02, N: -4.22, B: -1.97, R: -7.03, Q: -4.47, K: 0.61, M: 25.00
Game finished: 0-1
Win rate: 1.60%, Loss rate: 91.98%, Draw rate: 6.42%
P: -6.82, N: -3.95, B: -2.49, R: -7.98, Q: -4.64, K: 0.61, M: 25.00
Game finished: 0-1
Win rate: 1.60%, Loss rate: 92.02%, Draw rate: 6.38%
P: -9.19, N: -4.33, B: -2.98, R: -8.61, Q: -5.22, K: 0.61, M: 25.00
Game finished: 0-1
Win rate: 1.59%, Loss rate: 92.06%, Draw rate: 6.35%
P: -8.68, N: -4.32, B: -3.04, R: -8.68, Q: -5.75, K: 0.61, M: 25.00
Game finished: 0-1
Win rate: 1.58%, Loss rate: 92.11%, Draw rate: 6.32%
P: -9.05, N: -4.44, B: -3.29, R: -9.08, Q: -5.50, K: 0.61, M: 25.00
Game finished: 0-1
Win rate: 1.57%, Loss rate: 92.15%, Draw rate: 6.28%
P: -8.55, N: -4.69, B: -3.26, R: -9.01, Q: -5.49, K: 0.61, M: 25.00
Game finished: 0-1
Win rate: 1.56%, Loss rate: 92.19%, Draw rate: 6.25%
P: -6.04, N: -4.49, B: -2.43, R: -8.68, Q: -5.55, K: 0.61, M: 25.00
Game finished: 0-1
Win rate: 1.55%, Loss rate: 92.23%, Draw rate: 6.22%
P: -5.89, N: -4.24, B: -2.65, R: -8.67, Q: -5.74, K: 0.61, M: 25.00
Game finished: 0-1
Win rate: 1.55%, Loss rate: 92.27%, Draw rate: 6.19%
P: -9.87, N: -4.40, B: -2.91, R: -8.82, Q: -5.74, K: 0.61, M: 25.00
Game finished: 0-1
Win rate: 1.54%, Loss rate: 92.31%, Draw rate: 6.15%
P: -10.58, N: -4.60, B: -3.19, R: -9.07, Q: -5.67, K: 0.61, M: 25.00
Game finished: 0-1
Win rate: 1.53%, Loss rate: 92.35%, Draw rate: 6.12%
P: -6.00, N: -4.40, B: -2.16, R: -7.60, Q: -4.94, K: 0.61, M: 25.00
Game finished: 0-1
Win rate: 1.52%, Loss rate: 92.39%, Draw rate: 6.09%
P: -8.13, N: -5.25, B: -2.25, R: -8.31, Q: -5.36, K: 0.61, M: 25.00
Game finished: 1/2-1/2
Win rate: 1.52%, Loss rate: 91.92%, Draw rate: 6.57%
P: -9.56, N: -5.37, B: -2.36, R: -8.84, Q: -5.51, K: 0.61, M: 25.00
Game finished: 0-1
Win rate: 1.51%, Loss rate: 91.96%, Draw rate: 6.53%
P: -8.85, N: -5.49, B: -1.78, R: -9.06, Q: -5.58, K: 0.61, M: 25.00
Game finished: 0-1
Win rate: 1.50%, Loss rate: 92.00%, Draw rate: 6.50%
Epsilon: 0.0950
Results saved to mf2_results/results.csv
Epsilon history saved to mf2_epsilon/epsilon.csv
Elapsed time: 0:01:14
P: -8.35, N: -5.78, B: -2.01, R: -9.00, Q: -5.40, K: 0.61, M: 25.00
Game finished: 1/2-1/2
Win rate: 1.49%, Loss rate: 91.54%, Draw rate: 6.97%
P: -5.99, N: -5.45, B: -0.86, R: -8.66, Q: -4.75, K: 0.61, M: 25.00
Game finished: 0-1
Win rate: 1.49%, Loss rate: 91.58%, Draw rate: 6.93%
P: -6.53, N: -5.54, B: -0.92, R: -8.59, Q: -4.59, K: 0.61, M: 25.00
Game finished: 0-1
Win rate: 1.48%, Loss rate: 91.63%, Draw rate: 6.90%
P: -7.96, N: -5.95, B: -1.44, R: -8.91, Q: -4.97, K: 0.61, M: 25.00
Game finished: 0-1
Win rate: 1.47%, Loss rate: 91.67%, Draw rate: 6.86%
P: -10.30, N: -5.97, B: -1.79, R: -9.47, Q: -5.20, K: 0.61, M: 25.00
Game finished: 0-1
Win rate: 1.46%, Loss rate: 91.71%, Draw rate: 6.83%
P: -10.26, N: -5.88, B: -1.97, R: -9.42, Q: -5.16, K: 0.61, M: 25.00
Game finished: 0-1
Win rate: 1.46%, Loss rate: 91.75%, Draw rate: 6.80%
P: -10.26, N: -6.10, B: -2.18, R: -9.41, Q: -4.78, K: 0.61, M: 25.00
Game finished: 0-1
Win rate: 1.45%, Loss rate: 91.79%, Draw rate: 6.76%
P: -7.97, N: -5.33, B: -1.34, R: -8.21, Q: -4.21, K: 0.61, M: 25.00
Game finished: 1/2-1/2
Win rate: 1.44%, Loss rate: 91.35%, Draw rate: 7.21%
P: -6.69, N: -5.07, B: -0.66, R: -7.44, Q: -4.30, K: 0.61, M: 25.00
Game finished: 0-1
Win rate: 1.44%, Loss rate: 91.39%, Draw rate: 7.18%
P: -7.37, N: -4.98, B: -0.66, R: -7.79, Q: -4.41, K: 0.61, M: 25.00
Game finished: 0-1
Win rate: 1.43%, Loss rate: 91.43%, Draw rate: 7.14%
P: -7.23, N: -5.84, B: 0.05, R: -8.52, Q: -4.91, K: 0.61, M: 25.00
Game finished: 0-1
Win rate: 1.42%, Loss rate: 91.47%, Draw rate: 7.11%
P: -8.24, N: -5.82, B: -0.13, R: -8.90, Q: -5.21, K: 0.61, M: 25.00
Game finished: 0-1
Win rate: 1.42%, Loss rate: 91.51%, Draw rate: 7.08%
P: -8.44, N: -5.67, B: -0.11, R: -8.87, Q: -5.40, K: 0.61, M: 25.00
Game finished: 0-1
Win rate: 1.41%, Loss rate: 91.55%, Draw rate: 7.04%
P: -8.35, N: -5.52, B: -0.74, R: -9.12, Q: -5.14, K: 0.61, M: 25.00
Game finished: 1/2-1/2
Win rate: 1.40%, Loss rate: 91.12%, Draw rate: 7.48%
P: -8.54, N: -5.23, B: -0.91, R: -8.46, Q: -5.38, K: 0.61, M: 25.00
Game finished: 0-1
Win rate: 1.40%, Loss rate: 91.16%, Draw rate: 7.44%
P: -6.96, N: -5.29, B: -0.92, R: -8.55, Q: -5.29, K: 0.61, M: 25.00
Game finished: 0-1
Win rate: 1.39%, Loss rate: 91.20%, Draw rate: 7.41%
P: -8.08, N: -5.36, B: -1.17, R: -8.83, Q: -5.44, K: 0.61, M: 25.00
Game finished: 0-1
Win rate: 1.38%, Loss rate: 91.24%, Draw rate: 7.37%
P: -6.55, N: -5.28, B: -1.04, R: -8.47, Q: -5.14, K: 0.61, M: 25.00
Game finished: 0-1
Win rate: 1.38%, Loss rate: 91.28%, Draw rate: 7.34%
P: -7.86, N: -5.26, B: -1.54, R: -8.76, Q: -5.27, K: 0.61, M: 25.00
Game finished: 0-1
Win rate: 1.37%, Loss rate: 91.32%, Draw rate: 7.31%
P: -10.30, N: -4.89, B: -2.09, R: -9.76, Q: -5.74, K: 0.61, M: 25.00
Game finished: 0-1
Win rate: 1.36%, Loss rate: 91.36%, Draw rate: 7.27%
P: -8.79, N: -4.48, B: -1.77, R: -9.42, Q: -5.83, K: 0.61, M: 25.00
Game finished: 0-1
Win rate: 1.36%, Loss rate: 91.40%, Draw rate: 7.24%
P: -8.35, N: -4.48, B: -1.62, R: -9.27, Q: -5.79, K: 0.61, M: 25.00
Game finished: 0-1
Win rate: 1.35%, Loss rate: 91.44%, Draw rate: 7.21%
P: -9.34, N: -5.07, B: -2.11, R: -9.44, Q: -5.60, K: 0.61, M: 25.00
Game finished: 0-1
Win rate: 1.35%, Loss rate: 91.48%, Draw rate: 7.17%
P: -8.90, N: -5.04, B: -2.27, R: -9.27, Q: -5.36, K: 0.61, M: 25.00
Game finished: 0-1
Win rate: 1.34%, Loss rate: 91.52%, Draw rate: 7.14%
P: -8.30, N: -5.50, B: -2.53, R: -8.91, Q: -5.50, K: 0.61, M: 25.00
Game finished: 0-1
Win rate: 1.33%, Loss rate: 91.56%, Draw rate: 7.11%
P: -8.61, N: -5.48, B: -2.60, R: -8.90, Q: -5.34, K: 0.61, M: 25.00
Game finished: 0-1
Win rate: 1.33%, Loss rate: 91.59%, Draw rate: 7.08%
P: -7.92, N: -5.34, B: -2.46, R: -8.08, Q: -4.95, K: 0.61, M: 25.00
Game finished: 0-1
Win rate: 1.32%, Loss rate: 91.63%, Draw rate: 7.05%
P: -7.67, N: -5.59, B: -2.24, R: -8.17, Q: -4.81, K: 0.61, M: 25.00
Game finished: 0-1
Win rate: 1.32%, Loss rate: 91.67%, Draw rate: 7.02%
P: -5.91, N: -5.56, B: -2.31, R: -7.75, Q: -4.63, K: 0.61, M: 25.00
Game finished: 0-1
Win rate: 1.31%, Loss rate: 91.70%, Draw rate: 6.99%
P: -6.10, N: -5.11, B: -2.31, R: -7.44, Q: -4.60, K: 0.61, M: 25.00
Game finished: 0-1
Win rate: 1.30%, Loss rate: 91.74%, Draw rate: 6.96%
P: -6.58, N: -5.04, B: -2.39, R: -7.60, Q: -4.62, K: 0.61, M: 25.00
Game finished: 1/2-1/2
Win rate: 1.30%, Loss rate: 91.34%, Draw rate: 7.36%
P: -7.30, N: -5.02, B: -2.16, R: -8.11, Q: -4.61, K: 0.61, M: 25.00
Game finished: 0-1
Win rate: 1.29%, Loss rate: 91.38%, Draw rate: 7.33%
P: -7.78, N: -5.05, B: -2.28, R: -8.34, Q: -4.62, K: 0.61, M: 25.00
Game finished: 0-1
Win rate: 1.29%, Loss rate: 91.42%, Draw rate: 7.30%
P: -7.13, N: -4.60, B: -2.03, R: -7.93, Q: -4.48, K: 0.61, M: 25.00
Game finished: 0-1
Win rate: 1.28%, Loss rate: 91.45%, Draw rate: 7.26%
P: -6.19, N: -4.32, B: -1.97, R: -7.43, Q: -4.48, K: 0.61, M: 25.00
Game finished: 0-1
Win rate: 1.28%, Loss rate: 91.49%, Draw rate: 7.23%
P: -6.44, N: -4.20, B: -2.03, R: -7.38, Q: -4.55, K: 0.61, M: 25.00
Game finished: 1/2-1/2
Win rate: 1.27%, Loss rate: 91.10%, Draw rate: 7.63%
P: -6.41, N: -3.94, B: -1.77, R: -6.86, Q: -4.33, K: 0.61, M: 25.00
Game finished: 0-1
Win rate: 1.27%, Loss rate: 91.14%, Draw rate: 7.59%
P: -7.30, N: -4.25, B: -2.21, R: -7.36, Q: -4.38, K: 0.61, M: 25.00
Game finished: 0-1
Win rate: 1.26%, Loss rate: 91.18%, Draw rate: 7.56%
P: -7.17, N: -4.27, B: -2.27, R: -7.45, Q: -4.31, K: 0.61, M: 25.00
Game finished: 0-1
Win rate: 1.26%, Loss rate: 91.21%, Draw rate: 7.53%
P: -8.12, N: -4.08, B: -2.88, R: -7.56, Q: -4.08, K: 0.61, M: 25.00
Game finished: 0-1
Win rate: 1.25%, Loss rate: 91.25%, Draw rate: 7.50%
P: -6.96, N: -3.50, B: -2.27, R: -6.99, Q: -3.66, K: 0.61, M: 25.00
Game finished: 0-1
Win rate: 1.24%, Loss rate: 91.29%, Draw rate: 7.47%
P: -6.25, N: -3.58, B: -2.35, R: -6.82, Q: -3.63, K: 0.61, M: 25.00
Game finished: 0-1
Win rate: 1.24%, Loss rate: 91.32%, Draw rate: 7.44%
P: -8.35, N: -4.33, B: -3.02, R: -7.82, Q: -4.02, K: 0.61, M: 25.00
Game finished: 0-1
Win rate: 1.23%, Loss rate: 91.36%, Draw rate: 7.41%
P: -7.51, N: -4.58, B: -3.25, R: -8.08, Q: -4.05, K: 0.61, M: 25.00
Game finished: 0-1
Win rate: 1.23%, Loss rate: 91.39%, Draw rate: 7.38%
P: -7.65, N: -4.50, B: -3.75, R: -8.43, Q: -4.12, K: 0.61, M: 25.00
Game finished: 0-1
Win rate: 1.22%, Loss rate: 91.43%, Draw rate: 7.35%
P: -6.98, N: -4.42, B: -3.36, R: -8.12, Q: -4.08, K: 0.61, M: 25.00
Game finished: 0-1
Win rate: 1.22%, Loss rate: 91.46%, Draw rate: 7.32%
P: -6.99, N: -4.47, B: -2.99, R: -8.56, Q: -3.86, K: 0.61, M: 25.00
Game finished: 0-1
Win rate: 1.21%, Loss rate: 91.50%, Draw rate: 7.29%
P: -6.32, N: -4.43, B: -2.75, R: -8.62, Q: -3.96, K: 0.61, M: 25.00
Game finished: 0-1
Win rate: 1.21%, Loss rate: 91.53%, Draw rate: 7.26%
P: -7.01, N: -4.17, B: -2.93, R: -8.99, Q: -3.97, K: 0.61, M: 25.00
Game finished: 0-1
Win rate: 1.20%, Loss rate: 91.57%, Draw rate: 7.23%
P: -6.42, N: -4.33, B: -2.68, R: -8.58, Q: -3.94, K: 0.61, M: 25.00
Game finished: 0-1
Win rate: 1.20%, Loss rate: 91.60%, Draw rate: 7.20%
P: -9.44, N: -4.42, B: -2.83, R: -8.79, Q: -4.53, K: 0.61, M: 25.00
Game finished: 0-1
Win rate: 1.20%, Loss rate: 91.63%, Draw rate: 7.17%
P: -9.63, N: -4.42, B: -2.85, R: -8.77, Q: -4.25, K: 0.61, M: 25.00
Game finished: 0-1
Win rate: 1.19%, Loss rate: 91.67%, Draw rate: 7.14%
P: -8.69, N: -4.66, B: -3.09, R: -9.24, Q: -5.01, K: 0.61, M: 25.00
Game finished: 1/2-1/2
Win rate: 1.19%, Loss rate: 91.30%, Draw rate: 7.51%
P: -8.06, N: -4.30, B: -2.63, R: -8.75, Q: -5.16, K: 0.61, M: 25.00
Game finished: 0-1
Win rate: 1.18%, Loss rate: 91.34%, Draw rate: 7.48%
P: -6.93, N: -3.93, B: -2.48, R: -8.28, Q: -5.24, K: 0.61, M: 25.00
Game finished: 0-1
Win rate: 1.18%, Loss rate: 91.37%, Draw rate: 7.45%
P: -10.61, N: -4.38, B: -3.44, R: -9.08, Q: -5.76, K: 0.61, M: 25.00
Game finished: 1/2-1/2
Win rate: 1.17%, Loss rate: 91.02%, Draw rate: 7.81%
P: -10.78, N: -4.26, B: -3.69, R: -8.93, Q: -5.47, K: 0.61, M: 25.00
Game finished: 0-1
Win rate: 1.17%, Loss rate: 91.05%, Draw rate: 7.78%
P: -11.52, N: -4.32, B: -3.89, R: -8.98, Q: -5.56, K: 0.61, M: 25.00
Game finished: 0-1
Win rate: 1.16%, Loss rate: 91.09%, Draw rate: 7.75%
P: -9.88, N: -4.51, B: -3.38, R: -8.65, Q: -5.36, K: 0.61, M: 25.00
Game finished: 0-1
Win rate: 1.16%, Loss rate: 91.12%, Draw rate: 7.72%
P: -7.80, N: -4.64, B: -3.34, R: -8.34, Q: -5.19, K: 0.61, M: 25.00
Game finished: 0-1
Win rate: 1.15%, Loss rate: 91.15%, Draw rate: 7.69%
P: -7.99, N: -4.79, B: -3.25, R: -8.27, Q: -5.05, K: 0.61, M: 25.00
Game finished: 0-1
Win rate: 1.15%, Loss rate: 91.19%, Draw rate: 7.66%
P: -7.51, N: -4.72, B: -2.86, R: -8.00, Q: -4.90, K: 0.61, M: 25.00
Game finished: 0-1
Win rate: 1.15%, Loss rate: 91.22%, Draw rate: 7.63%
P: -6.89, N: -3.95, B: -2.71, R: -7.34, Q: -4.59, K: 0.61, M: 25.00
Game finished: 0-1
Win rate: 1.14%, Loss rate: 91.25%, Draw rate: 7.60%
P: -7.38, N: -4.04, B: -3.20, R: -8.54, Q: -4.63, K: 0.61, M: 25.00
Game finished: 0-1
Win rate: 1.14%, Loss rate: 91.29%, Draw rate: 7.58%
P: -7.03, N: -3.59, B: -3.16, R: -7.73, Q: -4.77, K: 0.61, M: 25.00
Game finished: 0-1
Win rate: 1.13%, Loss rate: 91.32%, Draw rate: 7.55%
P: -7.12, N: -3.45, B: -2.69, R: -7.91, Q: -4.23, K: 0.61, M: 25.00
Game finished: 0-1
Win rate: 1.13%, Loss rate: 91.35%, Draw rate: 7.52%
P: -8.34, N: -3.72, B: -3.10, R: -8.31, Q: -4.19, K: 0.61, M: 25.00
Game finished: 1/2-1/2
Win rate: 1.12%, Loss rate: 91.01%, Draw rate: 7.87%
P: -8.26, N: -3.39, B: -3.16, R: -8.04, Q: -4.07, K: 0.61, M: 25.00
Game finished: 0-1
Win rate: 1.12%, Loss rate: 91.04%, Draw rate: 7.84%
P: -9.23, N: -3.75, B: -3.47, R: -8.64, Q: -4.26, K: 0.61, M: 25.00
Game finished: 0-1
Win rate: 1.12%, Loss rate: 91.08%, Draw rate: 7.81%
P: -8.68, N: -3.26, B: -3.61, R: -8.44, Q: -4.19, K: 0.61, M: 25.00
Game finished: 0-1
Win rate: 1.11%, Loss rate: 91.11%, Draw rate: 7.78%
P: -9.77, N: -3.33, B: -4.08, R: -9.03, Q: -4.11, K: 0.61, M: 25.00
Game finished: 0-1
Win rate: 1.11%, Loss rate: 91.14%, Draw rate: 7.75%
P: -9.26, N: -3.35, B: -4.85, R: -8.93, Q: -3.97, K: 0.61, M: 25.00
Game finished: 0-1
Win rate: 1.10%, Loss rate: 91.18%, Draw rate: 7.72%
P: -9.19, N: -2.96, B: -4.97, R: -8.97, Q: -3.95, K: 0.61, M: 25.00
Game finished: 1-0
Win rate: 1.47%, Loss rate: 90.84%, Draw rate: 7.69%
P: -8.96, N: -3.12, B: -4.80, R: -9.39, Q: -4.22, K: 0.61, M: 25.00
Game finished: 1/2-1/2
Win rate: 1.46%, Loss rate: 90.51%, Draw rate: 8.03%
P: -8.21, N: -3.38, B: -4.71, R: -9.07, Q: -4.10, K: 0.61, M: 25.00
Game finished: 0-1
Win rate: 1.45%, Loss rate: 90.55%, Draw rate: 8.00%
P: -8.86, N: -3.42, B: -4.68, R: -8.80, Q: -3.31, K: 0.61, M: 25.00
Game finished: 0-1
Win rate: 1.45%, Loss rate: 90.58%, Draw rate: 7.97%
P: -9.56, N: -3.85, B: -5.26, R: -9.50, Q: -3.52, K: 0.61, M: 25.00
Game finished: 0-1
Win rate: 1.44%, Loss rate: 90.61%, Draw rate: 7.94%
P: -7.54, N: -3.37, B: -4.34, R: -9.14, Q: -3.69, K: 0.61, M: 25.00
Game finished: 0-1
Win rate: 1.44%, Loss rate: 90.65%, Draw rate: 7.91%
P: -8.50, N: -3.31, B: -4.18, R: -9.47, Q: -3.90, K: 0.61, M: 25.00
Game finished: 0-1
Win rate: 1.43%, Loss rate: 90.68%, Draw rate: 7.89%
P: -8.36, N: -3.09, B: -3.95, R: -9.24, Q: -3.97, K: 0.61, M: 25.00
Game finished: 0-1
Win rate: 1.43%, Loss rate: 90.71%, Draw rate: 7.86%
P: -8.02, N: -3.26, B: -3.84, R: -9.05, Q: -4.06, K: 0.61, M: 25.00
Game finished: 0-1
Win rate: 1.42%, Loss rate: 90.75%, Draw rate: 7.83%
P: -6.32, N: -3.24, B: -4.16, R: -9.27, Q: -3.71, K: 0.61, M: 25.00
Game finished: 0-1
Win rate: 1.42%, Loss rate: 90.78%, Draw rate: 7.80%
P: -7.54, N: -3.55, B: -4.47, R: -9.90, Q: -3.79, K: 0.61, M: 25.00
Game finished: 0-1
Win rate: 1.41%, Loss rate: 90.81%, Draw rate: 7.77%
P: -8.57, N: -3.78, B: -4.25, R: -10.07, Q: -3.53, K: 0.61, M: 25.00
Game finished: 0-1
Win rate: 1.41%, Loss rate: 90.85%, Draw rate: 7.75%
P: -8.36, N: -4.10, B: -4.49, R: -10.78, Q: -3.84, K: 0.61, M: 25.00
Game finished: 0-1
Win rate: 1.40%, Loss rate: 90.88%, Draw rate: 7.72%
P: -10.18, N: -4.18, B: -4.39, R: -11.49, Q: -3.67, K: 0.61, M: 25.00
Game finished: 0-1
Win rate: 1.40%, Loss rate: 90.91%, Draw rate: 7.69%
P: -6.02, N: -4.02, B: -2.83, R: -10.23, Q: -2.79, K: 0.61, M: 25.00
Game finished: 0-1
Win rate: 1.39%, Loss rate: 90.94%, Draw rate: 7.67%
P: -5.14, N: -3.46, B: -2.83, R: -10.12, Q: -3.13, K: 0.61, M: 25.00
Game finished: 0-1
Win rate: 1.39%, Loss rate: 90.97%, Draw rate: 7.64%
P: -5.07, N: -3.57, B: -2.96, R: -10.25, Q: -3.07, K: 0.61, M: 25.00
Game finished: 0-1
Win rate: 1.38%, Loss rate: 91.00%, Draw rate: 7.61%
P: -8.96, N: -4.23, B: -4.27, R: -11.66, Q: -3.51, K: 0.61, M: 25.00
Game finished: 0-1
Win rate: 1.38%, Loss rate: 91.03%, Draw rate: 7.59%
P: -8.86, N: -4.41, B: -3.70, R: -11.68, Q: -3.52, K: 0.61, M: 25.00
Game finished: 0-1
Win rate: 1.37%, Loss rate: 91.07%, Draw rate: 7.56%
P: -7.82, N: -3.80, B: -3.04, R: -10.95, Q: -2.86, K: 0.61, M: 25.00
Game finished: 0-1
Win rate: 1.37%, Loss rate: 91.10%, Draw rate: 7.53%
P: -8.32, N: -4.23, B: -3.25, R: -11.34, Q: -2.84, K: 0.61, M: 25.00
Game finished: 0-1
Win rate: 1.37%, Loss rate: 91.13%, Draw rate: 7.51%
P: -7.01, N: -3.75, B: -3.65, R: -11.37, Q: -3.01, K: 0.61, M: 25.00
Game finished: 0-1
Win rate: 1.36%, Loss rate: 91.16%, Draw rate: 7.48%
P: -6.54, N: -3.19, B: -3.74, R: -11.20, Q: -3.08, K: 0.61, M: 25.00
Game finished: 0-1
Win rate: 1.36%, Loss rate: 91.19%, Draw rate: 7.46%
P: -6.13, N: -3.35, B: -3.64, R: -11.12, Q: -3.20, K: 0.61, M: 25.00
Game finished: 0-1
Win rate: 1.35%, Loss rate: 91.22%, Draw rate: 7.43%
P: -6.53, N: -3.23, B: -3.87, R: -10.87, Q: -3.16, K: 0.61, M: 25.00
Game finished: 1-0
Win rate: 1.68%, Loss rate: 90.91%, Draw rate: 7.41%
P: -7.19, N: -3.28, B: -3.75, R: -11.00, Q: -3.15, K: 0.61, M: 25.00
Game finished: 0-1
Win rate: 1.68%, Loss rate: 90.94%, Draw rate: 7.38%
P: -8.29, N: -2.96, B: -3.99, R: -11.63, Q: -3.17, K: 0.61, M: 25.00
Game finished: 0-1
Win rate: 1.67%, Loss rate: 90.97%, Draw rate: 7.36%
P: -7.90, N: -2.82, B: -3.89, R: -11.32, Q: -2.94, K: 0.61, M: 25.00
Game finished: 0-1
Win rate: 1.67%, Loss rate: 91.00%, Draw rate: 7.33%
Epsilon: 0.0949
Results saved to mf2_results/results.csv
Epsilon history saved to mf2_epsilon/epsilon.csv
Elapsed time: 0:01:48
P: -7.76, N: -2.81, B: -3.53, R: -11.19, Q: -2.99, K: 0.61, M: 25.00
Game finished: 0-1
Win rate: 1.66%, Loss rate: 91.03%, Draw rate: 7.31%
P: -8.68, N: -3.49, B: -4.37, R: -11.28, Q: -3.48, K: 0.61, M: 25.00
Game finished: 0-1
Win rate: 1.66%, Loss rate: 91.06%, Draw rate: 7.28%
P: -8.63, N: -3.32, B: -4.13, R: -11.08, Q: -3.35, K: 0.61, M: 25.00
Game finished: 0-1
Win rate: 1.65%, Loss rate: 91.09%, Draw rate: 7.26%
P: -8.47, N: -3.47, B: -4.74, R: -11.90, Q: -2.78, K: 0.61, M: 25.00
Game finished: 0-1
Win rate: 1.64%, Loss rate: 91.12%, Draw rate: 7.24%
P: -8.57, N: -2.80, B: -4.36, R: -11.04, Q: -2.52, K: 0.61, M: 25.00
Game finished: 0-1
Win rate: 1.64%, Loss rate: 91.15%, Draw rate: 7.21%
P: -6.07, N: -2.38, B: -3.83, R: -10.52, Q: -2.47, K: 0.61, M: 25.00
Game finished: 1-0
Win rate: 1.96%, Loss rate: 90.85%, Draw rate: 7.19%
P: -6.98, N: -2.28, B: -4.33, R: -10.74, Q: -2.29, K: 0.61, M: 25.00
Game finished: 0-1
Win rate: 1.95%, Loss rate: 90.88%, Draw rate: 7.17%
P: -5.52, N: -2.10, B: -4.41, R: -10.44, Q: -2.24, K: 0.61, M: 25.00
Game finished: 0-1
Win rate: 1.95%, Loss rate: 90.91%, Draw rate: 7.14%
P: -5.13, N: -2.07, B: -4.06, R: -10.39, Q: -2.54, K: 0.61, M: 25.00
Game finished: 0-1
Win rate: 1.94%, Loss rate: 90.94%, Draw rate: 7.12%
P: -7.10, N: -2.03, B: -4.33, R: -11.01, Q: -2.87, K: 0.61, M: 25.00
Game finished: 0-1
Win rate: 1.94%, Loss rate: 90.97%, Draw rate: 7.10%
P: -6.15, N: -2.07, B: -3.95, R: -10.65, Q: -2.95, K: 0.61, M: 25.00
Game finished: 0-1
Win rate: 1.93%, Loss rate: 91.00%, Draw rate: 7.07%
P: -5.97, N: -1.99, B: -3.59, R: -10.02, Q: -2.90, K: 0.61, M: 25.00
Game finished: 0-1
Win rate: 1.92%, Loss rate: 91.03%, Draw rate: 7.05%
P: -6.69, N: -2.21, B: -3.90, R: -10.59, Q: -2.96, K: 0.61, M: 25.00
Game finished: 0-1
Win rate: 1.92%, Loss rate: 91.05%, Draw rate: 7.03%
P: -5.67, N: -2.06, B: -3.36, R: -10.01, Q: -2.94, K: 0.61, M: 25.00
Game finished: 0-1
Win rate: 1.91%, Loss rate: 91.08%, Draw rate: 7.01%
P: -7.21, N: -2.88, B: -3.79, R: -10.87, Q: -3.16, K: 0.61, M: 25.00
Game finished: 0-1
Win rate: 1.90%, Loss rate: 91.11%, Draw rate: 6.98%
P: -7.63, N: -3.07, B: -3.86, R: -11.07, Q: -3.01, K: 0.61, M: 25.00
Game finished: 0-1
Win rate: 1.90%, Loss rate: 91.14%, Draw rate: 6.96%
P: -7.61, N: -2.95, B: -3.39, R: -10.68, Q: -3.06, K: 0.61, M: 25.00
Game finished: 0-1
Win rate: 1.89%, Loss rate: 91.17%, Draw rate: 6.94%
P: -6.95, N: -2.86, B: -3.59, R: -10.29, Q: -2.92, K: 0.61, M: 25.00
Game finished: 0-1
Win rate: 1.89%, Loss rate: 91.19%, Draw rate: 6.92%
P: -6.07, N: -2.89, B: -3.56, R: -10.25, Q: -2.95, K: 0.61, M: 25.00
Game finished: 0-1
Win rate: 1.88%, Loss rate: 91.22%, Draw rate: 6.90%
P: -4.44, N: -2.32, B: -3.31, R: -9.62, Q: -3.06, K: 0.61, M: 25.00
Game finished: 0-1
Win rate: 1.88%, Loss rate: 91.25%, Draw rate: 6.88%
P: -3.77, N: -2.26, B: -3.15, R: -9.43, Q: -2.88, K: 0.61, M: 25.00
Game finished: 0-1
Win rate: 1.87%, Loss rate: 91.28%, Draw rate: 6.85%
P: -4.93, N: -2.27, B: -2.04, R: -9.88, Q: -3.32, K: 0.61, M: 25.00
Game finished: 0-1
Win rate: 1.86%, Loss rate: 91.30%, Draw rate: 6.83%
P: -5.01, N: -2.35, B: -1.79, R: -10.13, Q: -3.12, K: 0.61, M: 25.00
Game finished: 0-1
Win rate: 1.86%, Loss rate: 91.33%, Draw rate: 6.81%
P: -7.21, N: -2.67, B: -2.24, R: -10.73, Q: -3.89, K: 0.61, M: 25.00
Game finished: 1/2-1/2
Win rate: 1.85%, Loss rate: 91.05%, Draw rate: 7.10%
P: -7.86, N: -2.63, B: -2.29, R: -10.61, Q: -3.99, K: 0.61, M: 25.00
Game finished: 0-1
Win rate: 1.85%, Loss rate: 91.08%, Draw rate: 7.08%
P: -5.78, N: -2.09, B: -1.87, R: -9.11, Q: -3.45, K: 0.61, M: 25.00
Game finished: 0-1
Win rate: 1.84%, Loss rate: 91.10%, Draw rate: 7.06%
P: -5.31, N: -2.06, B: -2.19, R: -9.14, Q: -3.37, K: 0.61, M: 25.00
Game finished: 0-1
Win rate: 1.83%, Loss rate: 91.13%, Draw rate: 7.03%
P: -5.46, N: -1.85, B: -2.43, R: -8.86, Q: -3.23, K: 0.61, M: 25.00
Game finished: 0-1
Win rate: 1.83%, Loss rate: 91.16%, Draw rate: 7.01%
P: -5.53, N: -1.93, B: -2.58, R: -8.64, Q: -3.49, K: 0.61, M: 25.00
Game finished: 0-1
Win rate: 1.82%, Loss rate: 91.19%, Draw rate: 6.99%
P: -5.81, N: -2.00, B: -2.92, R: -8.86, Q: -3.67, K: 0.61, M: 25.00
Game finished: 0-1
Win rate: 1.82%, Loss rate: 91.21%, Draw rate: 6.97%
P: -6.52, N: -2.05, B: -3.25, R: -9.15, Q: -3.77, K: 0.61, M: 25.00
Game finished: 0-1
Win rate: 1.81%, Loss rate: 91.24%, Draw rate: 6.95%
P: -6.58, N: -2.18, B: -3.38, R: -9.19, Q: -3.53, K: 0.61, M: 25.00
Game finished: 0-1
Win rate: 1.81%, Loss rate: 91.27%, Draw rate: 6.93%
P: -6.32, N: -2.14, B: -3.40, R: -9.49, Q: -3.27, K: 0.61, M: 25.00
Game finished: 0-1
Win rate: 1.80%, Loss rate: 91.29%, Draw rate: 6.91%
P: -8.29, N: -3.19, B: -3.52, R: -10.48, Q: -3.84, K: 0.61, M: 25.00
Game finished: 0-1
Win rate: 1.80%, Loss rate: 91.32%, Draw rate: 6.89%
P: -8.64, N: -3.12, B: -3.72, R: -10.99, Q: -3.77, K: 0.61, M: 25.00
Game finished: 0-1
Win rate: 1.79%, Loss rate: 91.34%, Draw rate: 6.87%
P: -5.97, N: -3.22, B: -3.41, R: -10.85, Q: -3.68, K: 0.61, M: 25.00
Game finished: 0-1
Win rate: 1.79%, Loss rate: 91.37%, Draw rate: 6.85%
P: -7.39, N: -3.40, B: -3.62, R: -10.97, Q: -3.81, K: 0.61, M: 25.00
Game finished: 0-1
Win rate: 1.78%, Loss rate: 91.39%, Draw rate: 6.82%
P: -7.56, N: -3.49, B: -3.54, R: -11.18, Q: -3.63, K: 0.61, M: 25.00
Game finished: 0-1
Win rate: 1.78%, Loss rate: 91.42%, Draw rate: 6.80%
P: -3.54, N: -2.80, B: -2.97, R: -10.46, Q: -3.21, K: 0.61, M: 25.00
Game finished: 0-1
Win rate: 1.77%, Loss rate: 91.45%, Draw rate: 6.78%
P: -7.40, N: -3.08, B: -3.85, R: -10.77, Q: -4.09, K: 0.61, M: 25.00
Game finished: 0-1
Win rate: 1.76%, Loss rate: 91.47%, Draw rate: 6.76%
P: -6.74, N: -3.24, B: -3.56, R: -10.90, Q: -4.21, K: 0.61, M: 25.00
Game finished: 0-1
Win rate: 1.76%, Loss rate: 91.50%, Draw rate: 6.74%
P: -5.89, N: -3.16, B: -3.22, R: -10.46, Q: -4.12, K: 0.61, M: 25.00
Game finished: 0-1
Win rate: 1.75%, Loss rate: 91.52%, Draw rate: 6.73%
P: -7.01, N: -3.30, B: -3.97, R: -11.42, Q: -3.97, K: 0.61, M: 25.00
Game finished: 0-1
Win rate: 1.75%, Loss rate: 91.55%, Draw rate: 6.71%
P: -6.52, N: -3.29, B: -3.71, R: -11.68, Q: -4.13, K: 0.61, M: 25.00
Game finished: 0-1
Win rate: 1.74%, Loss rate: 91.57%, Draw rate: 6.69%
P: -8.03, N: -3.78, B: -4.26, R: -11.72, Q: -4.31, K: 0.61, M: 25.00
Game finished: 0-1
Win rate: 1.74%, Loss rate: 91.59%, Draw rate: 6.67%
P: -8.09, N: -3.74, B: -4.25, R: -11.62, Q: -4.26, K: 0.61, M: 25.00
Game finished: 0-1
Win rate: 1.73%, Loss rate: 91.62%, Draw rate: 6.65%
P: -8.39, N: -3.87, B: -4.75, R: -11.96, Q: -4.16, K: 0.61, M: 25.00
Game finished: 0-1
Win rate: 1.73%, Loss rate: 91.64%, Draw rate: 6.63%
P: -8.95, N: -3.70, B: -4.82, R: -11.86, Q: -4.45, K: 0.61, M: 25.00
Game finished: 0-1
Win rate: 1.72%, Loss rate: 91.67%, Draw rate: 6.61%
P: -7.85, N: -3.94, B: -4.60, R: -11.33, Q: -4.71, K: 0.61, M: 25.00
Game finished: 0-1
Win rate: 1.72%, Loss rate: 91.69%, Draw rate: 6.59%
P: -6.80, N: -3.56, B: -4.33, R: -10.99, Q: -4.66, K: 0.61, M: 25.00
Game finished: 0-1
Win rate: 1.71%, Loss rate: 91.71%, Draw rate: 6.57%
P: -5.73, N: -3.29, B: -4.01, R: -10.57, Q: -4.74, K: 0.61, M: 25.00
Game finished: 0-1
Win rate: 1.71%, Loss rate: 91.74%, Draw rate: 6.55%
P: -6.14, N: -3.18, B: -3.82, R: -10.21, Q: -4.40, K: 0.61, M: 25.00
Game finished: 0-1
Win rate: 1.70%, Loss rate: 91.76%, Draw rate: 6.53%
P: -9.57, N: -3.78, B: -4.72, R: -11.65, Q: -4.40, K: 0.61, M: 25.00
Game finished: 0-1
Win rate: 1.70%, Loss rate: 91.78%, Draw rate: 6.52%
P: -6.01, N: -3.19, B: -4.17, R: -10.00, Q: -4.08, K: 0.61, M: 25.00
Game finished: 0-1
Win rate: 1.69%, Loss rate: 91.81%, Draw rate: 6.50%
P: -8.16, N: -3.71, B: -5.09, R: -10.77, Q: -4.10, K: 0.61, M: 25.00
Game finished: 1/2-1/2
Win rate: 1.69%, Loss rate: 91.55%, Draw rate: 6.76%
P: -8.97, N: -4.11, B: -5.45, R: -11.22, Q: -4.14, K: 0.61, M: 25.00
Game finished: 0-1
Win rate: 1.69%, Loss rate: 91.57%, Draw rate: 6.74%
P: -7.30, N: -3.94, B: -5.09, R: -10.63, Q: -3.90, K: 0.61, M: 25.00
Game finished: 0-1
Win rate: 1.68%, Loss rate: 91.60%, Draw rate: 6.72%
P: -8.71, N: -4.33, B: -5.13, R: -11.03, Q: -3.79, K: 0.61, M: 25.00
Game finished: 1/2-1/2
Win rate: 1.68%, Loss rate: 91.34%, Draw rate: 6.98%
P: -10.52, N: -4.55, B: -5.75, R: -11.75, Q: -3.75, K: 0.61, M: 25.00
Game finished: 0-1
Win rate: 1.67%, Loss rate: 91.36%, Draw rate: 6.96%
P: -8.04, N: -4.04, B: -5.26, R: -10.94, Q: -3.14, K: 0.61, M: 25.00
Game finished: 0-1
Win rate: 1.67%, Loss rate: 91.39%, Draw rate: 6.94%
P: -4.92, N: -3.17, B: -4.52, R: -10.03, Q: -3.12, K: 0.61, M: 25.00
Game finished: 0-1
Win rate: 1.66%, Loss rate: 91.41%, Draw rate: 6.93%
P: -5.35, N: -3.44, B: -4.24, R: -10.36, Q: -3.08, K: 0.61, M: 25.00
Game finished: 0-1
Win rate: 1.66%, Loss rate: 91.44%, Draw rate: 6.91%
P: -5.01, N: -2.90, B: -4.01, R: -10.03, Q: -3.08, K: 0.61, M: 25.00
Game finished: 0-1
Win rate: 1.65%, Loss rate: 91.46%, Draw rate: 6.89%
P: -4.99, N: -3.15, B: -3.94, R: -10.12, Q: -3.32, K: 0.61, M: 25.00
Game finished: 0-1
Win rate: 1.65%, Loss rate: 91.48%, Draw rate: 6.87%
P: -5.14, N: -3.11, B: -4.07, R: -10.08, Q: -3.43, K: 0.61, M: 25.00
Game finished: 0-1
Win rate: 1.64%, Loss rate: 91.51%, Draw rate: 6.85%
P: -5.03, N: -3.09, B: -4.11, R: -10.19, Q: -3.52, K: 0.61, M: 25.00
Game finished: 0-1
Win rate: 1.64%, Loss rate: 91.53%, Draw rate: 6.83%
P: -5.26, N: -2.77, B: -3.57, R: -10.03, Q: -3.38, K: 0.61, M: 25.00
Game finished: 0-1
Win rate: 1.63%, Loss rate: 91.55%, Draw rate: 6.81%
P: -5.78, N: -3.04, B: -4.16, R: -10.99, Q: -3.82, K: 0.61, M: 25.00
Game finished: 0-1
Win rate: 1.63%, Loss rate: 91.58%, Draw rate: 6.79%
P: -7.07, N: -3.50, B: -4.16, R: -11.59, Q: -3.95, K: 0.61, M: 25.00
Game finished: 0-1
Win rate: 1.63%, Loss rate: 91.60%, Draw rate: 6.78%
P: -7.81, N: -3.51, B: -4.17, R: -11.85, Q: -4.01, K: 0.61, M: 25.00
Game finished: 0-1
Win rate: 1.62%, Loss rate: 91.62%, Draw rate: 6.76%
P: -7.32, N: -3.49, B: -4.00, R: -11.75, Q: -3.97, K: 0.61, M: 25.00
Game finished: 0-1
Win rate: 1.62%, Loss rate: 91.64%, Draw rate: 6.74%
P: -6.96, N: -3.79, B: -3.81, R: -11.42, Q: -4.03, K: 0.61, M: 25.00
Game finished: 0-1
Win rate: 1.61%, Loss rate: 91.67%, Draw rate: 6.72%
P: -6.05, N: -3.18, B: -3.05, R: -10.95, Q: -4.16, K: 0.61, M: 25.00
Game finished: 0-1
Win rate: 1.61%, Loss rate: 91.69%, Draw rate: 6.70%
P: -6.19, N: -3.04, B: -3.11, R: -11.11, Q: -4.02, K: 0.61, M: 25.00
Game finished: 0-1
Win rate: 1.60%, Loss rate: 91.71%, Draw rate: 6.68%
P: -7.06, N: -3.03, B: -3.55, R: -11.40, Q: -4.36, K: 0.61, M: 25.00
Game finished: 0-1
Win rate: 1.60%, Loss rate: 91.73%, Draw rate: 6.67%
P: -7.80, N: -3.64, B: -3.98, R: -11.96, Q: -4.54, K: 0.61, M: 25.00
Game finished: 0-1
Win rate: 1.60%, Loss rate: 91.76%, Draw rate: 6.65%
P: -5.56, N: -3.37, B: -3.42, R: -11.20, Q: -4.28, K: 0.61, M: 25.00
Game finished: 0-1
Win rate: 1.59%, Loss rate: 91.78%, Draw rate: 6.63%
P: -5.53, N: -3.59, B: -3.62, R: -11.32, Q: -4.22, K: 0.61, M: 25.00
Game finished: 0-1
Win rate: 1.59%, Loss rate: 91.80%, Draw rate: 6.61%
P: -6.56, N: -3.53, B: -3.94, R: -11.57, Q: -4.27, K: 0.61, M: 25.00
Game finished: 0-1
Win rate: 1.58%, Loss rate: 91.82%, Draw rate: 6.60%
P: -6.69, N: -3.78, B: -4.09, R: -11.99, Q: -4.45, K: 0.61, M: 25.00
Game finished: 1-0
Win rate: 1.84%, Loss rate: 91.58%, Draw rate: 6.58%
P: -6.57, N: -3.73, B: -4.12, R: -11.80, Q: -4.36, K: 0.61, M: 25.00
Game finished: 0-1
Win rate: 1.84%, Loss rate: 91.60%, Draw rate: 6.56%
P: -6.45, N: -3.72, B: -4.34, R: -11.89, Q: -4.41, K: 0.61, M: 25.00
Game finished: 0-1
Win rate: 1.83%, Loss rate: 91.62%, Draw rate: 6.54%
P: -6.57, N: -4.61, B: -4.18, R: -12.27, Q: -4.41, K: 0.61, M: 25.00
Game finished: 1-0
Win rate: 2.09%, Loss rate: 91.38%, Draw rate: 6.53%
P: -5.25, N: -4.38, B: -4.02, R: -11.67, Q: -4.59, K: 0.61, M: 25.00
Game finished: 0-1
Win rate: 2.08%, Loss rate: 91.41%, Draw rate: 6.51%
P: -5.28, N: -4.21, B: -4.00, R: -11.58, Q: -4.56, K: 0.61, M: 25.00
Game finished: 0-1
Win rate: 2.08%, Loss rate: 91.43%, Draw rate: 6.49%
P: -6.66, N: -4.23, B: -4.25, R: -11.68, Q: -4.27, K: 0.61, M: 25.00
Game finished: 0-1
Win rate: 2.07%, Loss rate: 91.45%, Draw rate: 6.48%
P: -7.61, N: -4.05, B: -4.12, R: -11.70, Q: -4.54, K: 0.61, M: 25.00
Game finished: 0-1
Win rate: 2.07%, Loss rate: 91.47%, Draw rate: 6.46%
P: -7.55, N: -4.08, B: -2.91, R: -10.81, Q: -3.49, K: 0.61, M: 25.00
Game finished: 0-1
Win rate: 2.06%, Loss rate: 91.49%, Draw rate: 6.44%
P: -6.92, N: -3.68, B: -2.54, R: -10.16, Q: -2.87, K: 0.61, M: 25.00
Game finished: 0-1
Win rate: 2.06%, Loss rate: 91.52%, Draw rate: 6.43%
P: -7.35, N: -3.38, B: -2.23, R: -10.31, Q: -2.83, K: 0.61, M: 25.00
Game finished: 0-1
Win rate: 2.05%, Loss rate: 91.54%, Draw rate: 6.41%
P: -7.69, N: -3.88, B: -2.71, R: -11.03, Q: -2.82, K: 0.61, M: 25.00
Game finished: 0-1
Win rate: 2.05%, Loss rate: 91.56%, Draw rate: 6.39%
P: -8.12, N: -3.87, B: -2.61, R: -11.31, Q: -2.83, K: 0.61, M: 25.00
Game finished: 0-1
Win rate: 2.04%, Loss rate: 91.58%, Draw rate: 6.38%
P: -8.50, N: -4.10, B: -3.56, R: -11.78, Q: -2.65, K: 0.61, M: 25.00
Game finished: 0-1
Win rate: 2.04%, Loss rate: 91.60%, Draw rate: 6.36%
P: -6.85, N: -4.11, B: -3.42, R: -11.19, Q: -2.74, K: 0.61, M: 25.00
Game finished: 0-1
Win rate: 2.03%, Loss rate: 91.62%, Draw rate: 6.35%
P: -5.69, N: -3.76, B: -2.97, R: -10.73, Q: -2.37, K: 0.61, M: 25.00
Game finished: 1-0
Win rate: 2.28%, Loss rate: 91.39%, Draw rate: 6.33%
P: -6.08, N: -3.70, B: -2.31, R: -10.74, Q: -2.50, K: 0.61, M: 25.00
Game finished: 0-1
Win rate: 2.27%, Loss rate: 91.41%, Draw rate: 6.31%
P: -7.68, N: -4.06, B: -3.19, R: -11.79, Q: -2.81, K: 0.61, M: 25.00
Game finished: 0-1
Win rate: 2.27%, Loss rate: 91.44%, Draw rate: 6.30%
P: -6.97, N: -3.91, B: -2.69, R: -11.12, Q: -2.52, K: 0.61, M: 25.00
Game finished: 0-1
Win rate: 2.26%, Loss rate: 91.46%, Draw rate: 6.28%
P: -8.38, N: -3.88, B: -3.12, R: -11.60, Q: -3.26, K: 0.61, M: 25.00
Game finished: 0-1
Win rate: 2.26%, Loss rate: 91.48%, Draw rate: 6.27%
P: -7.62, N: -3.08, B: -2.41, R: -10.37, Q: -3.39, K: 0.61, M: 25.00
Game finished: 0-1
Win rate: 2.25%, Loss rate: 91.50%, Draw rate: 6.25%
Epsilon: 0.0949
Results saved to mf2_results/results.csv
Epsilon history saved to mf2_epsilon/epsilon.csv
Elapsed time: 0:02:21
P: -7.97, N: -3.33, B: -2.42, R: -10.35, Q: -3.31, K: 0.61, M: 25.00
Game finished: 0-1
Win rate: 2.24%, Loss rate: 91.52%, Draw rate: 6.23%
P: -9.82, N: -4.17, B: -3.90, R: -11.72, Q: -3.98, K: 0.61, M: 25.00
Game finished: 0-1
Win rate: 2.24%, Loss rate: 91.54%, Draw rate: 6.22%
P: -7.41, N: -3.71, B: -3.54, R: -10.84, Q: -3.34, K: 0.61, M: 25.00
Game finished: 0-1
Win rate: 2.23%, Loss rate: 91.56%, Draw rate: 6.20%
P: -6.47, N: -3.84, B: -4.06, R: -10.69, Q: -3.62, K: 0.61, M: 25.00
Game finished: 0-1
Win rate: 2.23%, Loss rate: 91.58%, Draw rate: 6.19%
P: -5.43, N: -3.99, B: -3.43, R: -10.37, Q: -3.68, K: 0.61, M: 25.00
Game finished: 0-1
Win rate: 2.22%, Loss rate: 91.60%, Draw rate: 6.17%
P: -5.77, N: -3.96, B: -3.70, R: -10.39, Q: -3.66, K: 0.61, M: 25.00
Game finished: 0-1
Win rate: 2.22%, Loss rate: 91.63%, Draw rate: 6.16%
P: -6.53, N: -4.53, B: -4.36, R: -10.81, Q: -3.54, K: 0.61, M: 25.00
Game finished: 0-1
Win rate: 2.21%, Loss rate: 91.65%, Draw rate: 6.14%
P: -6.88, N: -4.32, B: -4.24, R: -10.73, Q: -3.69, K: 0.61, M: 25.00
Game finished: 0-1
Win rate: 2.21%, Loss rate: 91.67%, Draw rate: 6.13%
P: -6.24, N: -4.36, B: -4.12, R: -10.67, Q: -3.94, K: 0.61, M: 25.00
Game finished: 1-0
Win rate: 2.44%, Loss rate: 91.44%, Draw rate: 6.11%
P: -6.63, N: -4.31, B: -4.14, R: -10.59, Q: -3.92, K: 0.61, M: 25.00
Game finished: 0-1
Win rate: 2.44%, Loss rate: 91.46%, Draw rate: 6.10%
P: -6.14, N: -4.37, B: -4.45, R: -10.55, Q: -3.90, K: 0.61, M: 25.00
Game finished: 0-1
Win rate: 2.43%, Loss rate: 91.48%, Draw rate: 6.08%
P: -4.85, N: -4.13, B: -4.35, R: -10.36, Q: -3.95, K: 0.61, M: 25.00
Game finished: 0-1
Win rate: 2.43%, Loss rate: 91.50%, Draw rate: 6.07%
P: -4.56, N: -3.99, B: -4.67, R: -10.70, Q: -4.15, K: 0.61, M: 25.00
Game finished: 1-0
Win rate: 2.66%, Loss rate: 91.28%, Draw rate: 6.05%
P: -5.16, N: -3.93, B: -4.61, R: -10.90, Q: -4.27, K: 0.61, M: 25.00
Game finished: 0-1
Win rate: 2.66%, Loss rate: 91.30%, Draw rate: 6.04%
P: -6.93, N: -4.09, B: -4.53, R: -11.58, Q: -4.58, K: 0.61, M: 25.00
Game finished: 0-1
Win rate: 2.65%, Loss rate: 91.33%, Draw rate: 6.02%
P: -6.12, N: -3.72, B: -3.69, R: -11.02, Q: -4.51, K: 0.61, M: 25.00
Game finished: 0-1
Win rate: 2.64%, Loss rate: 91.35%, Draw rate: 6.01%
P: -6.25, N: -3.88, B: -3.66, R: -11.20, Q: -4.53, K: 0.61, M: 25.00
Game finished: 0-1
Win rate: 2.64%, Loss rate: 91.37%, Draw rate: 6.00%
P: -7.76, N: -4.14, B: -4.22, R: -11.10, Q: -4.45, K: 0.61, M: 25.00
Game finished: 0-1
Win rate: 2.63%, Loss rate: 91.39%, Draw rate: 5.98%
P: -7.91, N: -4.24, B: -4.11, R: -11.04, Q: -4.71, K: 0.61, M: 25.00
Game finished: 1-0
Win rate: 2.86%, Loss rate: 91.17%, Draw rate: 5.97%
P: -5.99, N: -3.56, B: -3.96, R: -10.44, Q: -4.33, K: 0.61, M: 25.00
Game finished: 0-1
Win rate: 2.86%, Loss rate: 91.19%, Draw rate: 5.95%
P: -6.65, N: -3.53, B: -4.55, R: -10.54, Q: -4.42, K: 0.61, M: 25.00
Game finished: 0-1
Win rate: 2.85%, Loss rate: 91.21%, Draw rate: 5.94%
P: -7.09, N: -3.84, B: -4.69, R: -10.59, Q: -4.19, K: 0.61, M: 25.00
Game finished: 0-1
Win rate: 2.84%, Loss rate: 91.23%, Draw rate: 5.92%
P: -6.74, N: -3.80, B: -4.60, R: -10.51, Q: -4.18, K: 0.61, M: 25.00
Game finished: 0-1
Win rate: 2.84%, Loss rate: 91.25%, Draw rate: 5.91%
P: -8.65, N: -4.82, B: -4.88, R: -11.41, Q: -4.25, K: 0.61, M: 25.00
Game finished: 0-1
Win rate: 2.83%, Loss rate: 91.27%, Draw rate: 5.90%
P: -7.90, N: -4.93, B: -4.59, R: -11.43, Q: -4.11, K: 0.61, M: 25.00
Game finished: 0-1
Win rate: 2.82%, Loss rate: 91.29%, Draw rate: 5.88%
P: -5.02, N: -4.42, B: -3.84, R: -10.35, Q: -3.34, K: 0.61, M: 25.00
Game finished: 0-1
Win rate: 2.82%, Loss rate: 91.31%, Draw rate: 5.87%
P: -5.69, N: -4.55, B: -3.80, R: -10.37, Q: -3.13, K: 0.61, M: 25.00
Game finished: 1-0
Win rate: 3.04%, Loss rate: 91.10%, Draw rate: 5.85%
P: -6.06, N: -4.61, B: -3.51, R: -10.27, Q: -3.16, K: 0.61, M: 25.00
Game finished: 0-1
Win rate: 3.04%, Loss rate: 91.12%, Draw rate: 5.84%
P: -4.42, N: -4.26, B: -2.80, R: -9.51, Q: -2.86, K: 0.61, M: 25.00
Game finished: 1-0
Win rate: 3.26%, Loss rate: 90.91%, Draw rate: 5.83%
P: -4.70, N: -4.37, B: -2.81, R: -9.76, Q: -2.58, K: 0.61, M: 25.00
Game finished: 0-1
Win rate: 3.26%, Loss rate: 90.93%, Draw rate: 5.81%
P: -4.10, N: -4.71, B: -3.20, R: -9.62, Q: -2.59, K: 0.61, M: 25.00
Game finished: 1-0
Win rate: 3.48%, Loss rate: 90.72%, Draw rate: 5.80%
P: -7.10, N: -4.89, B: -3.81, R: -10.98, Q: -2.67, K: 0.61, M: 25.00
Game finished: 0-1
Win rate: 3.47%, Loss rate: 90.74%, Draw rate: 5.79%
P: -7.35, N: -5.26, B: -4.00, R: -11.18, Q: -2.68, K: 0.61, M: 25.00
Game finished: 0-1
Win rate: 3.46%, Loss rate: 90.76%, Draw rate: 5.77%
P: -7.28, N: -4.72, B: -3.72, R: -10.87, Q: -2.80, K: 0.61, M: 25.00
Game finished: 0-1
Win rate: 3.46%, Loss rate: 90.78%, Draw rate: 5.76%
P: -5.25, N: -3.99, B: -3.19, R: -10.13, Q: -2.68, K: 0.61, M: 25.00
Game finished: 1/2-1/2
Win rate: 3.45%, Loss rate: 90.57%, Draw rate: 5.98%
P: -4.91, N: -4.00, B: -3.17, R: -9.82, Q: -2.62, K: 0.61, M: 25.00
Game finished: 0-1
Win rate: 3.44%, Loss rate: 90.60%, Draw rate: 5.96%
P: -6.14, N: -4.04, B: -3.28, R: -10.35, Q: -2.70, K: 0.61, M: 25.00
Game finished: 0-1
Win rate: 3.43%, Loss rate: 90.62%, Draw rate: 5.95%
P: -6.47, N: -4.20, B: -3.49, R: -10.48, Q: -2.66, K: 0.61, M: 25.00
Game finished: 0-1
Win rate: 3.42%, Loss rate: 90.64%, Draw rate: 5.94%
P: -5.65, N: -4.60, B: -3.53, R: -10.30, Q: -2.85, K: 0.61, M: 25.00
Game finished: 0-1
Win rate: 3.42%, Loss rate: 90.66%, Draw rate: 5.92%
P: -5.99, N: -4.42, B: -3.59, R: -10.43, Q: -3.04, K: 0.61, M: 25.00
Game finished: 0-1
Win rate: 3.41%, Loss rate: 90.68%, Draw rate: 5.91%
P: -6.47, N: -4.43, B: -3.32, R: -10.70, Q: -3.32, K: 0.61, M: 25.00
Game finished: 0-1
Win rate: 3.40%, Loss rate: 90.70%, Draw rate: 5.90%
P: -5.29, N: -4.32, B: -3.10, R: -10.78, Q: -3.04, K: 0.61, M: 25.00
Game finished: 0-1
Win rate: 3.39%, Loss rate: 90.72%, Draw rate: 5.88%
P: -5.46, N: -4.21, B: -2.86, R: -10.70, Q: -2.97, K: 0.61, M: 25.00
Game finished: 0-1
Win rate: 3.39%, Loss rate: 90.74%, Draw rate: 5.87%
P: -7.50, N: -4.28, B: -2.64, R: -11.21, Q: -3.42, K: 0.61, M: 25.00
Game finished: 0-1
Win rate: 3.38%, Loss rate: 90.77%, Draw rate: 5.86%
P: -6.65, N: -4.36, B: -1.67, R: -10.65, Q: -3.47, K: 0.61, M: 25.00
Game finished: 0-1
Win rate: 3.37%, Loss rate: 90.79%, Draw rate: 5.84%
P: -6.70, N: -4.40, B: -1.70, R: -10.65, Q: -3.40, K: 0.61, M: 25.00
Game finished: 0-1
Win rate: 3.36%, Loss rate: 90.81%, Draw rate: 5.83%
P: -7.16, N: -4.64, B: -2.04, R: -10.99, Q: -3.79, K: 0.61, M: 25.00
Game finished: 0-1
Win rate: 3.36%, Loss rate: 90.83%, Draw rate: 5.82%
P: -6.97, N: -4.89, B: -2.55, R: -10.97, Q: -3.69, K: 0.61, M: 25.00
Game finished: 0-1
Win rate: 3.35%, Loss rate: 90.85%, Draw rate: 5.80%
P: -6.79, N: -4.69, B: -2.13, R: -10.74, Q: -3.62, K: 0.61, M: 25.00
Game finished: 0-1
Win rate: 3.34%, Loss rate: 90.87%, Draw rate: 5.79%
P: -6.86, N: -4.48, B: -2.57, R: -10.72, Q: -3.77, K: 0.61, M: 25.00
Game finished: 0-1
Win rate: 3.33%, Loss rate: 90.89%, Draw rate: 5.78%
P: -6.35, N: -4.62, B: -2.55, R: -10.72, Q: -4.09, K: 0.61, M: 25.00
Game finished: 1/2-1/2
Win rate: 3.33%, Loss rate: 90.69%, Draw rate: 5.99%
P: -6.30, N: -4.28, B: -2.64, R: -10.79, Q: -4.25, K: 0.61, M: 25.00
Game finished: 0-1
Win rate: 3.32%, Loss rate: 90.71%, Draw rate: 5.97%
P: -5.49, N: -3.68, B: -2.19, R: -10.14, Q: -3.96, K: 0.61, M: 25.00
Game finished: 0-1
Win rate: 3.31%, Loss rate: 90.73%, Draw rate: 5.96%
P: -5.85, N: -3.71, B: -2.54, R: -10.37, Q: -3.79, K: 0.61, M: 25.00
Game finished: 0-1
Win rate: 3.30%, Loss rate: 90.75%, Draw rate: 5.95%
P: -5.98, N: -3.77, B: -2.38, R: -10.07, Q: -3.51, K: 0.61, M: 25.00
Game finished: 0-1
Win rate: 3.30%, Loss rate: 90.77%, Draw rate: 5.93%
P: -6.10, N: -3.87, B: -2.57, R: -10.20, Q: -3.61, K: 0.61, M: 25.00
Game finished: 0-1
Win rate: 3.29%, Loss rate: 90.79%, Draw rate: 5.92%
P: -6.00, N: -4.13, B: -2.55, R: -10.16, Q: -3.57, K: 0.61, M: 25.00
Game finished: 1-0
Win rate: 3.50%, Loss rate: 90.59%, Draw rate: 5.91%
P: -5.76, N: -4.34, B: -2.47, R: -10.34, Q: -3.64, K: 0.61, M: 25.00
Game finished: 0-1
Win rate: 3.49%, Loss rate: 90.61%, Draw rate: 5.90%
P: -6.33, N: -4.16, B: -2.96, R: -10.47, Q: -3.91, K: 0.61, M: 25.00
Game finished: 0-1
Win rate: 3.49%, Loss rate: 90.63%, Draw rate: 5.88%
P: -4.63, N: -4.01, B: -2.40, R: -9.84, Q: -3.92, K: 0.61, M: 25.00
Game finished: 0-1
Win rate: 3.48%, Loss rate: 90.65%, Draw rate: 5.87%
P: -6.75, N: -4.64, B: -2.87, R: -11.04, Q: -4.13, K: 0.61, M: 25.00
Game finished: 0-1
Win rate: 3.47%, Loss rate: 90.67%, Draw rate: 5.86%
P: -5.18, N: -3.77, B: -2.20, R: -9.84, Q: -3.84, K: 0.61, M: 25.00
Game finished: 0-1
Win rate: 3.46%, Loss rate: 90.69%, Draw rate: 5.84%
P: -7.51, N: -4.98, B: -2.59, R: -11.53, Q: -3.64, K: 0.61, M: 25.00
Game finished: 0-1
Win rate: 3.46%, Loss rate: 90.71%, Draw rate: 5.83%
P: -6.86, N: -4.83, B: -2.47, R: -11.44, Q: -3.66, K: 0.61, M: 25.00
Game finished: 1/2-1/2
Win rate: 3.45%, Loss rate: 90.52%, Draw rate: 6.03%
P: -6.91, N: -5.00, B: -2.54, R: -11.38, Q: -3.61, K: 0.61, M: 25.00
Game finished: 1-0
Win rate: 3.66%, Loss rate: 90.32%, Draw rate: 6.02%
P: -5.17, N: -4.29, B: -2.17, R: -10.70, Q: -3.83, K: 0.61, M: 25.00
Game finished: 0-1
Win rate: 3.65%, Loss rate: 90.34%, Draw rate: 6.01%
P: -4.82, N: -3.74, B: -1.87, R: -10.29, Q: -3.84, K: 0.61, M: 25.00
Game finished: 0-1
Win rate: 3.64%, Loss rate: 90.36%, Draw rate: 6.00%
P: -6.52, N: -3.67, B: -2.33, R: -10.79, Q: -3.53, K: 0.61, M: 25.00
Game finished: 0-1
Win rate: 3.63%, Loss rate: 90.38%, Draw rate: 5.98%
P: -6.37, N: -3.33, B: -2.31, R: -10.63, Q: -3.60, K: 0.61, M: 25.00
Game finished: 0-1
Win rate: 3.62%, Loss rate: 90.41%, Draw rate: 5.97%
P: -7.49, N: -3.48, B: -2.65, R: -10.94, Q: -3.44, K: 0.61, M: 25.00
Game finished: 0-1
Win rate: 3.62%, Loss rate: 90.43%, Draw rate: 5.96%
P: -8.04, N: -3.60, B: -3.14, R: -11.34, Q: -3.44, K: 0.61, M: 25.00
Game finished: 0-1
Win rate: 3.61%, Loss rate: 90.45%, Draw rate: 5.94%
P: -7.61, N: -3.70, B: -2.98, R: -11.22, Q: -3.49, K: 0.61, M: 25.00
Game finished: 0-1
Win rate: 3.60%, Loss rate: 90.47%, Draw rate: 5.93%
P: -7.73, N: -3.45, B: -3.21, R: -11.63, Q: -3.37, K: 0.61, M: 25.00
Game finished: 0-1
Win rate: 3.59%, Loss rate: 90.49%, Draw rate: 5.92%
P: -7.63, N: -3.41, B: -3.25, R: -11.65, Q: -3.46, K: 0.61, M: 25.00
Game finished: 0-1
Win rate: 3.59%, Loss rate: 90.51%, Draw rate: 5.91%
P: -7.73, N: -3.39, B: -3.32, R: -11.79, Q: -3.48, K: 0.61, M: 25.00
Game finished: 0-1
Win rate: 3.58%, Loss rate: 90.53%, Draw rate: 5.89%
P: -7.64, N: -3.57, B: -3.54, R: -11.96, Q: -3.56, K: 0.61, M: 25.00
Game finished: 0-1
Win rate: 3.57%, Loss rate: 90.55%, Draw rate: 5.88%
P: -7.87, N: -3.49, B: -3.45, R: -12.00, Q: -3.63, K: 0.61, M: 25.00
Game finished: 0-1
Win rate: 3.56%, Loss rate: 90.57%, Draw rate: 5.87%
P: -7.84, N: -3.74, B: -3.21, R: -12.17, Q: -3.52, K: 0.61, M: 25.00
Game finished: 0-1
Win rate: 3.56%, Loss rate: 90.59%, Draw rate: 5.86%
P: -7.39, N: -4.01, B: -2.95, R: -11.99, Q: -3.45, K: 0.61, M: 25.00
Game finished: 0-1
Win rate: 3.55%, Loss rate: 90.61%, Draw rate: 5.85%
P: -7.18, N: -3.94, B: -2.75, R: -11.95, Q: -3.31, K: 0.61, M: 25.00
Game finished: 0-1
Win rate: 3.54%, Loss rate: 90.62%, Draw rate: 5.83%
P: -7.13, N: -4.16, B: -3.05, R: -12.09, Q: -3.30, K: 0.61, M: 25.00
Game finished: 0-1
Win rate: 3.53%, Loss rate: 90.64%, Draw rate: 5.82%
P: -7.61, N: -4.42, B: -3.30, R: -12.61, Q: -3.57, K: 0.61, M: 25.00
Game finished: 0-1
Win rate: 3.53%, Loss rate: 90.66%, Draw rate: 5.81%
P: -7.54, N: -4.36, B: -3.43, R: -12.43, Q: -3.61, K: 0.61, M: 25.00
Game finished: 1/2-1/2
Win rate: 3.52%, Loss rate: 90.48%, Draw rate: 6.00%
P: -6.46, N: -4.22, B: -3.32, R: -12.38, Q: -3.68, K: 0.61, M: 25.00
Game finished: 0-1
Win rate: 3.51%, Loss rate: 90.50%, Draw rate: 5.99%
P: -6.41, N: -4.32, B: -3.36, R: -12.36, Q: -3.57, K: 0.61, M: 25.00
Game finished: 0-1
Win rate: 3.51%, Loss rate: 90.52%, Draw rate: 5.98%
P: -6.54, N: -4.79, B: -3.55, R: -12.61, Q: -3.52, K: 0.61, M: 25.00
Game finished: 0-1
Win rate: 3.50%, Loss rate: 90.53%, Draw rate: 5.97%
P: -5.99, N: -4.74, B: -3.53, R: -12.37, Q: -3.59, K: 0.61, M: 25.00
Game finished: 0-1
Win rate: 3.49%, Loss rate: 90.55%, Draw rate: 5.95%
P: -6.08, N: -4.61, B: -3.95, R: -12.54, Q: -3.39, K: 0.61, M: 25.00
Game finished: 0-1
Win rate: 3.48%, Loss rate: 90.57%, Draw rate: 5.94%
P: -6.33, N: -4.98, B: -4.13, R: -12.67, Q: -3.39, K: 0.61, M: 25.00
Game finished: 0-1
Win rate: 3.48%, Loss rate: 90.59%, Draw rate: 5.93%
P: -6.33, N: -4.76, B: -4.04, R: -12.71, Q: -3.25, K: 0.61, M: 25.00
Game finished: 0-1
Win rate: 3.47%, Loss rate: 90.61%, Draw rate: 5.92%
P: -6.17, N: -4.87, B: -4.23, R: -12.76, Q: -2.97, K: 0.61, M: 25.00
Game finished: 0-1
Win rate: 3.46%, Loss rate: 90.63%, Draw rate: 5.91%
P: -6.79, N: -5.09, B: -4.72, R: -13.01, Q: -2.93, K: 0.61, M: 25.00
Game finished: 0-1
Win rate: 3.46%, Loss rate: 90.65%, Draw rate: 5.89%
P: -6.28, N: -4.31, B: -4.20, R: -12.42, Q: -2.60, K: 0.61, M: 25.00
Game finished: 0-1
Win rate: 3.45%, Loss rate: 90.67%, Draw rate: 5.88%
P: -6.13, N: -4.70, B: -4.23, R: -12.66, Q: -2.78, K: 0.61, M: 25.00
Game finished: 0-1
Win rate: 3.44%, Loss rate: 90.69%, Draw rate: 5.87%
P: -8.86, N: -4.81, B: -4.93, R: -12.72, Q: -3.16, K: 0.61, M: 25.00
Game finished: 0-1
Win rate: 3.43%, Loss rate: 90.71%, Draw rate: 5.86%
P: -6.80, N: -4.65, B: -4.24, R: -11.90, Q: -2.90, K: 0.61, M: 25.00
Game finished: 0-1
Win rate: 3.43%, Loss rate: 90.73%, Draw rate: 5.85%
P: -5.68, N: -4.40, B: -3.95, R: -11.53, Q: -3.04, K: 0.61, M: 25.00
Game finished: 0-1
Win rate: 3.42%, Loss rate: 90.74%, Draw rate: 5.84%
P: -6.37, N: -4.28, B: -4.53, R: -11.70, Q: -3.17, K: 0.61, M: 25.00
Game finished: 1/2-1/2
Win rate: 3.41%, Loss rate: 90.56%, Draw rate: 6.02%
P: -7.86, N: -4.20, B: -4.24, R: -11.10, Q: -3.71, K: 0.61, M: 25.00
Game finished: 0-1
Win rate: 3.41%, Loss rate: 90.58%, Draw rate: 6.01%
P: -7.98, N: -4.37, B: -4.45, R: -11.27, Q: -3.76, K: 0.61, M: 25.00
Game finished: 0-1
Win rate: 3.40%, Loss rate: 90.60%, Draw rate: 6.00%
Epsilon: 0.0949
Results saved to mf2_results/results.csv
Epsilon history saved to mf2_epsilon/epsilon.csv
Elapsed time: 0:02:57
P: -6.62, N: -4.24, B: -3.75, R: -10.76, Q: -3.67, K: 0.61, M: 25.00
Game finished: 0-1
Win rate: 3.39%, Loss rate: 90.62%, Draw rate: 5.99%
P: -5.67, N: -3.88, B: -3.34, R: -10.36, Q: -3.54, K: 0.61, M: 25.00
Game finished: 0-1
Win rate: 3.39%, Loss rate: 90.64%, Draw rate: 5.98%
P: -4.82, N: -3.61, B: -3.12, R: -10.18, Q: -3.38, K: 0.61, M: 25.00
Game finished: 1-0
Win rate: 3.58%, Loss rate: 90.46%, Draw rate: 5.96%
P: -7.71, N: -3.82, B: -3.95, R: -10.96, Q: -3.81, K: 0.61, M: 25.00
Game finished: 1/2-1/2
Win rate: 3.57%, Loss rate: 90.28%, Draw rate: 6.15%
P: -7.96, N: -4.52, B: -3.92, R: -10.87, Q: -3.31, K: 0.61, M: 25.00
Game finished: 1-0
Win rate: 3.76%, Loss rate: 90.10%, Draw rate: 6.14%
P: -7.33, N: -4.37, B: -3.70, R: -10.51, Q: -3.12, K: 0.61, M: 25.00
Game finished: 0-1
Win rate: 3.75%, Loss rate: 90.12%, Draw rate: 6.13%
P: -7.46, N: -4.53, B: -3.75, R: -10.71, Q: -2.92, K: 0.61, M: 25.00
Game finished: 0-1
Win rate: 3.75%, Loss rate: 90.14%, Draw rate: 6.11%
P: -8.51, N: -5.03, B: -4.04, R: -11.14, Q: -3.01, K: 0.61, M: 25.00
Game finished: 0-1
Win rate: 3.74%, Loss rate: 90.16%, Draw rate: 6.10%
P: -8.40, N: -5.17, B: -4.25, R: -11.07, Q: -2.94, K: 0.61, M: 25.00
Game finished: 0-1
Win rate: 3.73%, Loss rate: 90.18%, Draw rate: 6.09%
P: -8.14, N: -5.34, B: -4.30, R: -11.11, Q: -2.96, K: 0.61, M: 25.00
Game finished: 0-1
Win rate: 3.73%, Loss rate: 90.20%, Draw rate: 6.08%
P: -7.22, N: -5.83, B: -4.11, R: -10.75, Q: -2.75, K: 0.61, M: 25.00
Game finished: 0-1
Win rate: 3.72%, Loss rate: 90.22%, Draw rate: 6.07%
P: -7.21, N: -5.95, B: -3.96, R: -10.44, Q: -2.47, K: 0.61, M: 25.00
Game finished: 0-1
Win rate: 3.71%, Loss rate: 90.23%, Draw rate: 6.05%
P: -6.55, N: -6.08, B: -3.46, R: -9.94, Q: -2.58, K: 0.61, M: 25.00
Game finished: 0-1
Win rate: 3.70%, Loss rate: 90.25%, Draw rate: 6.04%
P: -6.90, N: -6.12, B: -3.24, R: -9.67, Q: -2.03, K: 0.61, M: 25.00
Game finished: 0-1
Win rate: 3.70%, Loss rate: 90.27%, Draw rate: 6.03%
P: -6.71, N: -5.83, B: -3.00, R: -9.69, Q: -2.02, K: 0.61, M: 25.00
Game finished: 0-1
Win rate: 3.69%, Loss rate: 90.29%, Draw rate: 6.02%
P: -5.34, N: -4.65, B: -1.94, R: -9.03, Q: -1.64, K: 0.61, M: 25.00
Game finished: 0-1
Win rate: 3.68%, Loss rate: 90.31%, Draw rate: 6.01%
P: -5.85, N: -4.85, B: -1.99, R: -9.29, Q: -1.85, K: 0.61, M: 25.00
Game finished: 0-1
Win rate: 3.68%, Loss rate: 90.33%, Draw rate: 6.00%
P: -7.04, N: -5.47, B: -2.68, R: -10.04, Q: -2.02, K: 0.61, M: 25.00
Game finished: 0-1
Win rate: 3.67%, Loss rate: 90.35%, Draw rate: 5.98%
P: -8.19, N: -5.87, B: -2.61, R: -10.38, Q: -2.19, K: 0.61, M: 25.00
Game finished: 0-1
Win rate: 3.66%, Loss rate: 90.37%, Draw rate: 5.97%
P: -9.18, N: -5.68, B: -2.82, R: -10.77, Q: -1.88, K: 0.61, M: 25.00
Game finished: 1-0
Win rate: 3.85%, Loss rate: 90.19%, Draw rate: 5.96%
P: -8.41, N: -5.60, B: -3.64, R: -10.43, Q: -1.69, K: 0.61, M: 25.00
Game finished: 0-1
Win rate: 3.84%, Loss rate: 90.21%, Draw rate: 5.95%
P: -6.30, N: -5.14, B: -2.76, R: -9.25, Q: -0.87, K: 0.61, M: 25.00
Game finished: 0-1
Win rate: 3.83%, Loss rate: 90.23%, Draw rate: 5.94%
P: -7.35, N: -6.02, B: -3.67, R: -10.05, Q: -1.63, K: 0.61, M: 25.00
Game finished: 0-1
Win rate: 3.82%, Loss rate: 90.25%, Draw rate: 5.93%
P: -7.03, N: -6.03, B: -3.74, R: -9.94, Q: -1.62, K: 0.61, M: 25.00
Game finished: 0-1
Win rate: 3.82%, Loss rate: 90.27%, Draw rate: 5.92%
P: -6.86, N: -5.92, B: -3.73, R: -9.81, Q: -1.50, K: 0.61, M: 25.00
Game finished: 0-1
Win rate: 3.81%, Loss rate: 90.29%, Draw rate: 5.90%
P: -8.93, N: -6.21, B: -4.03, R: -10.86, Q: -1.94, K: 0.61, M: 25.00
Game finished: 0-1
Win rate: 3.80%, Loss rate: 90.30%, Draw rate: 5.89%
P: -4.81, N: -4.48, B: -3.25, R: -9.32, Q: -1.98, K: 0.61, M: 25.00
Game finished: 0-1
Win rate: 3.80%, Loss rate: 90.32%, Draw rate: 5.88%
P: -5.66, N: -4.51, B: -3.62, R: -9.54, Q: -2.08, K: 0.61, M: 25.00
Game finished: 0-1
Win rate: 3.79%, Loss rate: 90.34%, Draw rate: 5.87%
P: -6.41, N: -4.40, B: -3.72, R: -10.05, Q: -2.35, K: 0.61, M: 25.00
Game finished: 0-1
Win rate: 3.78%, Loss rate: 90.36%, Draw rate: 5.86%
P: -7.43, N: -4.64, B: -4.17, R: -10.65, Q: -2.59, K: 0.61, M: 25.00
Game finished: 0-1
Win rate: 3.77%, Loss rate: 90.38%, Draw rate: 5.85%
P: -6.83, N: -4.24, B: -4.29, R: -10.45, Q: -2.88, K: 0.61, M: 25.00
Game finished: 0-1
Win rate: 3.77%, Loss rate: 90.40%, Draw rate: 5.84%
P: -8.09, N: -4.35, B: -4.22, R: -10.85, Q: -3.25, K: 0.61, M: 25.00
Game finished: 0-1
Win rate: 3.76%, Loss rate: 90.41%, Draw rate: 5.83%
P: -8.13, N: -4.47, B: -3.83, R: -10.64, Q: -3.31, K: 0.61, M: 25.00
Game finished: 0-1
Win rate: 3.75%, Loss rate: 90.43%, Draw rate: 5.82%
P: -6.80, N: -3.62, B: -3.75, R: -9.83, Q: -3.13, K: 0.61, M: 25.00
Game finished: 0-1
Win rate: 3.75%, Loss rate: 90.45%, Draw rate: 5.81%
P: -8.08, N: -4.28, B: -4.63, R: -10.42, Q: -3.28, K: 0.61, M: 25.00
Game finished: 0-1
Win rate: 3.74%, Loss rate: 90.47%, Draw rate: 5.79%
P: -7.87, N: -4.24, B: -4.61, R: -10.36, Q: -3.37, K: 0.61, M: 25.00
Game finished: 0-1
Win rate: 3.73%, Loss rate: 90.49%, Draw rate: 5.78%
P: -8.54, N: -4.40, B: -5.08, R: -10.31, Q: -4.25, K: 0.61, M: 25.00
Game finished: 0-1
Win rate: 3.72%, Loss rate: 90.50%, Draw rate: 5.77%
P: -6.99, N: -4.79, B: -4.39, R: -9.64, Q: -4.22, K: 0.61, M: 25.00
Game finished: 1-0
Win rate: 3.90%, Loss rate: 90.33%, Draw rate: 5.76%
P: -6.17, N: -4.35, B: -3.70, R: -8.97, Q: -3.86, K: 0.61, M: 25.00
Game finished: 0-1
Win rate: 3.90%, Loss rate: 90.35%, Draw rate: 5.75%
P: -8.20, N: -5.57, B: -5.20, R: -11.03, Q: -4.58, K: 0.61, M: 25.00
Game finished: 0-1
Win rate: 3.89%, Loss rate: 90.37%, Draw rate: 5.74%
P: -8.00, N: -5.17, B: -5.07, R: -10.75, Q: -4.37, K: 0.61, M: 25.00
Game finished: 1/2-1/2
Win rate: 3.88%, Loss rate: 90.20%, Draw rate: 5.91%
P: -5.65, N: -5.61, B: -5.08, R: -10.28, Q: -4.34, K: 0.61, M: 25.00
Game finished: 1/2-1/2
Win rate: 3.87%, Loss rate: 90.04%, Draw rate: 6.09%
P: -3.77, N: -4.88, B: -4.29, R: -9.79, Q: -4.32, K: 0.61, M: 25.00
Game finished: 1-0
Win rate: 4.05%, Loss rate: 89.87%, Draw rate: 6.08%
P: -4.27, N: -5.06, B: -4.55, R: -10.09, Q: -4.37, K: 0.61, M: 25.00
Game finished: 1-0
Win rate: 4.23%, Loss rate: 89.71%, Draw rate: 6.07%
P: -3.41, N: -4.49, B: -4.25, R: -9.78, Q: -3.95, K: 0.61, M: 25.00
Game finished: 0-1
Win rate: 4.22%, Loss rate: 89.72%, Draw rate: 6.06%
P: -3.82, N: -4.43, B: -4.15, R: -9.95, Q: -4.01, K: 0.61, M: 25.00
Game finished: 0-1
Win rate: 4.21%, Loss rate: 89.74%, Draw rate: 6.04%
P: -6.53, N: -4.38, B: -4.45, R: -10.78, Q: -4.49, K: 0.61, M: 25.00
Game finished: 0-1
Win rate: 4.20%, Loss rate: 89.76%, Draw rate: 6.03%
P: -4.75, N: -4.15, B: -4.49, R: -10.14, Q: -4.50, K: 0.61, M: 25.00
Game finished: 0-1
Win rate: 4.20%, Loss rate: 89.78%, Draw rate: 6.02%
P: -4.03, N: -3.93, B: -4.59, R: -9.87, Q: -4.16, K: 0.61, M: 25.00
Game finished: 0-1
Win rate: 4.19%, Loss rate: 89.80%, Draw rate: 6.01%
P: -5.77, N: -4.84, B: -4.91, R: -10.94, Q: -4.61, K: 0.61, M: 25.00
Game finished: 0-1
Win rate: 4.18%, Loss rate: 89.82%, Draw rate: 6.00%
P: -6.39, N: -5.28, B: -4.41, R: -11.51, Q: -4.83, K: 0.61, M: 25.00
Game finished: 0-1
Win rate: 4.17%, Loss rate: 89.84%, Draw rate: 5.99%
P: -5.14, N: -5.02, B: -3.99, R: -10.85, Q: -4.53, K: 0.61, M: 25.00
Game finished: 0-1
Win rate: 4.17%, Loss rate: 89.86%, Draw rate: 5.98%
P: -4.74, N: -5.27, B: -4.03, R: -10.69, Q: -4.34, K: 0.61, M: 25.00
Game finished: 0-1
Win rate: 4.16%, Loss rate: 89.87%, Draw rate: 5.97%
P: -4.56, N: -5.34, B: -4.05, R: -10.69, Q: -4.47, K: 0.61, M: 25.00
Game finished: 0-1
Win rate: 4.15%, Loss rate: 89.89%, Draw rate: 5.96%
P: -4.26, N: -5.14, B: -4.53, R: -11.14, Q: -5.15, K: 0.61, M: 25.00
Game finished: 0-1
Win rate: 4.14%, Loss rate: 89.91%, Draw rate: 5.95%
P: -3.69, N: -5.48, B: -4.54, R: -11.36, Q: -5.04, K: 0.61, M: 25.00
Game finished: 0-1
Win rate: 4.14%, Loss rate: 89.93%, Draw rate: 5.94%
P: -4.61, N: -6.28, B: -4.77, R: -11.97, Q: -5.07, K: 0.61, M: 25.00
Game finished: 0-1
Win rate: 4.13%, Loss rate: 89.95%, Draw rate: 5.92%
P: -4.03, N: -6.60, B: -4.97, R: -11.32, Q: -4.04, K: 0.61, M: 25.00
Game finished: 0-1
Win rate: 4.12%, Loss rate: 89.96%, Draw rate: 5.91%
P: -6.55, N: -7.20, B: -5.43, R: -12.13, Q: -4.24, K: 0.61, M: 25.00
Game finished: 0-1
Win rate: 4.11%, Loss rate: 89.98%, Draw rate: 5.90%
P: -7.99, N: -7.65, B: -6.06, R: -12.83, Q: -4.52, K: 0.61, M: 25.00
Game finished: 0-1
Win rate: 4.11%, Loss rate: 90.00%, Draw rate: 5.89%
P: -5.04, N: -6.26, B: -5.60, R: -11.24, Q: -3.86, K: 0.61, M: 25.00
Game finished: 1/2-1/2
Win rate: 4.10%, Loss rate: 89.84%, Draw rate: 6.06%
P: -6.58, N: -6.07, B: -5.90, R: -11.51, Q: -4.11, K: 0.61, M: 25.00
Game finished: 0-1
Win rate: 4.09%, Loss rate: 89.86%, Draw rate: 6.05%
P: -5.85, N: -5.25, B: -5.59, R: -10.96, Q: -3.80, K: 0.61, M: 25.00
Game finished: 0-1
Win rate: 4.09%, Loss rate: 89.88%, Draw rate: 6.04%
P: -6.10, N: -5.03, B: -5.48, R: -11.04, Q: -3.89, K: 0.61, M: 25.00
Game finished: 0-1
Win rate: 4.08%, Loss rate: 89.89%, Draw rate: 6.03%
P: -7.24, N: -5.23, B: -5.38, R: -11.51, Q: -4.00, K: 0.61, M: 25.00
Game finished: 0-1
Win rate: 4.07%, Loss rate: 89.91%, Draw rate: 6.02%
P: -7.76, N: -4.61, B: -4.23, R: -11.73, Q: -3.48, K: 0.61, M: 25.00
Game finished: 0-1
Win rate: 4.06%, Loss rate: 89.93%, Draw rate: 6.01%
P: -5.59, N: -4.09, B: -4.38, R: -10.96, Q: -3.77, K: 0.61, M: 25.00
Game finished: 0-1
Win rate: 4.06%, Loss rate: 89.95%, Draw rate: 6.00%
P: -5.47, N: -3.94, B: -4.60, R: -10.60, Q: -4.58, K: 0.61, M: 25.00
Game finished: 0-1
Win rate: 4.05%, Loss rate: 89.96%, Draw rate: 5.99%
P: -4.66, N: -4.07, B: -4.88, R: -10.44, Q: -4.47, K: 0.61, M: 25.00
Game finished: 0-1
Win rate: 4.04%, Loss rate: 89.98%, Draw rate: 5.98%
P: -5.72, N: -4.02, B: -5.15, R: -10.66, Q: -4.15, K: 0.61, M: 25.00
Game finished: 0-1
Win rate: 4.04%, Loss rate: 90.00%, Draw rate: 5.96%
P: -5.56, N: -3.70, B: -4.76, R: -10.43, Q: -3.72, K: 0.61, M: 25.00
Game finished: 0-1
Win rate: 4.03%, Loss rate: 90.02%, Draw rate: 5.95%
P: -5.27, N: -3.60, B: -4.56, R: -10.18, Q: -3.65, K: 0.61, M: 25.00
Game finished: 0-1
Win rate: 4.02%, Loss rate: 90.03%, Draw rate: 5.94%
P: -5.86, N: -3.71, B: -4.64, R: -10.15, Q: -3.40, K: 0.61, M: 25.00
Game finished: 0-1
Win rate: 4.01%, Loss rate: 90.05%, Draw rate: 5.93%
P: -6.48, N: -3.55, B: -4.57, R: -10.39, Q: -3.26, K: 0.61, M: 25.00
Game finished: 0-1
Win rate: 4.01%, Loss rate: 90.07%, Draw rate: 5.92%
P: -8.79, N: -3.65, B: -4.72, R: -11.01, Q: -3.56, K: 0.61, M: 25.00
Game finished: 0-1
Win rate: 4.00%, Loss rate: 90.09%, Draw rate: 5.91%
P: -6.50, N: -2.63, B: -4.76, R: -9.99, Q: -2.96, K: 0.61, M: 25.00
Game finished: 0-1
Win rate: 3.99%, Loss rate: 90.10%, Draw rate: 5.90%
P: -6.79, N: -2.42, B: -4.79, R: -10.19, Q: -2.79, K: 0.61, M: 25.00
Game finished: 0-1
Win rate: 3.99%, Loss rate: 90.12%, Draw rate: 5.89%
P: -6.95, N: -2.13, B: -4.81, R: -10.05, Q: -2.68, K: 0.61, M: 25.00
Game finished: 0-1
Win rate: 3.98%, Loss rate: 90.14%, Draw rate: 5.88%
P: -8.39, N: -2.65, B: -5.32, R: -10.60, Q: -2.50, K: 0.61, M: 25.00
Game finished: 0-1
Win rate: 3.97%, Loss rate: 90.16%, Draw rate: 5.87%
P: -9.35, N: -2.99, B: -5.36, R: -11.00, Q: -2.43, K: 0.61, M: 25.00
Game finished: 0-1
Win rate: 3.97%, Loss rate: 90.17%, Draw rate: 5.86%
P: -9.48, N: -3.19, B: -5.59, R: -11.05, Q: -2.41, K: 0.61, M: 25.00
Game finished: 0-1
Win rate: 3.96%, Loss rate: 90.19%, Draw rate: 5.85%
P: -5.89, N: -2.76, B: -4.33, R: -9.89, Q: -1.76, K: 0.61, M: 25.00
Game finished: 1/2-1/2
Win rate: 3.95%, Loss rate: 90.03%, Draw rate: 6.01%
P: -5.63, N: -2.74, B: -4.65, R: -10.09, Q: -1.90, K: 0.61, M: 25.00
Game finished: 0-1
Win rate: 3.95%, Loss rate: 90.05%, Draw rate: 6.00%
P: -5.61, N: -2.65, B: -4.55, R: -10.16, Q: -1.77, K: 0.61, M: 25.00
Game finished: 0-1
Win rate: 3.94%, Loss rate: 90.07%, Draw rate: 5.99%
P: -5.98, N: -2.86, B: -4.69, R: -10.38, Q: -1.89, K: 0.61, M: 25.00
Game finished: 0-1
Win rate: 3.93%, Loss rate: 90.09%, Draw rate: 5.98%
P: -6.37, N: -3.14, B: -4.81, R: -10.81, Q: -2.15, K: 0.61, M: 25.00
Game finished: 1-0
Win rate: 4.10%, Loss rate: 89.93%, Draw rate: 5.97%
P: -6.41, N: -3.17, B: -4.97, R: -10.80, Q: -2.29, K: 0.61, M: 25.00
Game finished: 0-1
Win rate: 4.09%, Loss rate: 89.95%, Draw rate: 5.96%
P: -4.36, N: -2.58, B: -3.97, R: -9.62, Q: -2.29, K: 0.61, M: 25.00
Game finished: 0-1
Win rate: 4.08%, Loss rate: 89.97%, Draw rate: 5.95%
P: -4.74, N: -3.09, B: -3.67, R: -9.68, Q: -2.11, K: 0.61, M: 25.00
Game finished: 0-1
Win rate: 4.07%, Loss rate: 89.98%, Draw rate: 5.94%
P: -5.08, N: -3.45, B: -3.65, R: -9.68, Q: -2.05, K: 0.61, M: 25.00
Game finished: 1/2-1/2
Win rate: 4.07%, Loss rate: 89.83%, Draw rate: 6.10%
P: -7.69, N: -4.08, B: -3.96, R: -10.93, Q: -2.79, K: 0.61, M: 25.00
Game finished: 0-1
Win rate: 4.06%, Loss rate: 89.85%, Draw rate: 6.09%
P: -5.47, N: -3.73, B: -3.36, R: -10.08, Q: -2.80, K: 0.61, M: 25.00
Game finished: 0-1
Win rate: 4.05%, Loss rate: 89.86%, Draw rate: 6.08%
P: -4.96, N: -3.57, B: -3.28, R: -9.99, Q: -2.98, K: 0.61, M: 25.00
Game finished: 1/2-1/2
Win rate: 4.05%, Loss rate: 89.71%, Draw rate: 6.24%
P: -5.68, N: -4.02, B: -3.51, R: -10.06, Q: -3.06, K: 0.61, M: 25.00
Game finished: 1/2-1/2
Win rate: 4.04%, Loss rate: 89.56%, Draw rate: 6.40%
P: -7.47, N: -4.56, B: -4.29, R: -11.05, Q: -3.60, K: 0.61, M: 25.00
Game finished: 0-1
Win rate: 4.03%, Loss rate: 89.58%, Draw rate: 6.39%
P: -7.31, N: -4.44, B: -3.99, R: -10.93, Q: -3.26, K: 0.61, M: 25.00
Game finished: 0-1
Win rate: 4.03%, Loss rate: 89.60%, Draw rate: 6.38%
P: -7.17, N: -3.97, B: -3.63, R: -10.80, Q: -3.27, K: 0.61, M: 25.00
Game finished: 0-1
Win rate: 4.02%, Loss rate: 89.61%, Draw rate: 6.37%
P: -6.64, N: -4.03, B: -3.62, R: -10.31, Q: -3.02, K: 0.61, M: 25.00
Game finished: 0-1
Win rate: 4.01%, Loss rate: 89.63%, Draw rate: 6.35%
P: -7.12, N: -4.52, B: -3.94, R: -10.61, Q: -3.00, K: 0.61, M: 25.00
Game finished: 1-0
Win rate: 4.17%, Loss rate: 89.48%, Draw rate: 6.34%
P: -6.16, N: -4.69, B: -3.67, R: -10.14, Q: -2.77, K: 0.61, M: 25.00
Game finished: 1-0
Win rate: 4.33%, Loss rate: 89.33%, Draw rate: 6.33%
Epsilon: 0.0949
Results saved to mf2_results/results.csv
Epsilon history saved to mf2_epsilon/epsilon.csv
Elapsed time: 0:03:41
P: -6.66, N: -5.21, B: -3.98, R: -10.50, Q: -2.86, K: 0.61, M: 25.00
Game finished: 0-1
Win rate: 4.33%, Loss rate: 89.35%, Draw rate: 6.32%
P: -6.92, N: -4.76, B: -3.53, R: -10.25, Q: -2.87, K: 0.61, M: 25.00
Game finished: 0-1
Win rate: 4.32%, Loss rate: 89.37%, Draw rate: 6.31%
P: -8.37, N: -4.99, B: -3.66, R: -10.86, Q: -3.19, K: 0.61, M: 25.00
Game finished: 1/2-1/2
Win rate: 4.31%, Loss rate: 89.22%, Draw rate: 6.47%
P: -7.56, N: -5.27, B: -3.94, R: -10.41, Q: -3.20, K: 0.61, M: 25.00
Game finished: 0-1
Win rate: 4.30%, Loss rate: 89.24%, Draw rate: 6.46%
P: -5.25, N: -4.97, B: -2.83, R: -9.57, Q: -2.70, K: 0.61, M: 25.00
Game finished: 0-1
Win rate: 4.30%, Loss rate: 89.26%, Draw rate: 6.45%
P: -6.31, N: -5.21, B: -2.86, R: -9.84, Q: -2.95, K: 0.61, M: 25.00
Game finished: 0-1
Win rate: 4.29%, Loss rate: 89.27%, Draw rate: 6.44%
P: -6.68, N: -5.42, B: -1.82, R: -10.18, Q: -3.01, K: 0.61, M: 25.00
Game finished: 0-1
Win rate: 4.28%, Loss rate: 89.29%, Draw rate: 6.43%
P: -6.31, N: -5.20, B: -1.79, R: -9.90, Q: -2.95, K: 0.61, M: 25.00
Game finished: 0-1
Win rate: 4.28%, Loss rate: 89.31%, Draw rate: 6.41%
P: -6.85, N: -6.05, B: -2.06, R: -10.11, Q: -3.27, K: 0.61, M: 25.00
Game finished: 0-1
Win rate: 4.27%, Loss rate: 89.33%, Draw rate: 6.40%
P: -7.31, N: -5.69, B: -1.80, R: -10.09, Q: -3.28, K: 0.61, M: 25.00
Game finished: 0-1
Win rate: 4.26%, Loss rate: 89.34%, Draw rate: 6.39%
P: -7.59, N: -5.70, B: -1.90, R: -10.41, Q: -3.29, K: 0.61, M: 25.00
Game finished: 0-1
Win rate: 4.26%, Loss rate: 89.36%, Draw rate: 6.38%
P: -7.12, N: -4.95, B: -1.71, R: -10.22, Q: -2.82, K: 0.61, M: 25.00
Game finished: 0-1
Win rate: 4.25%, Loss rate: 89.38%, Draw rate: 6.37%
P: -8.07, N: -5.49, B: -2.03, R: -10.59, Q: -2.63, K: 0.61, M: 25.00
Game finished: 0-1
Win rate: 4.24%, Loss rate: 89.40%, Draw rate: 6.36%
P: -8.53, N: -5.16, B: -1.63, R: -10.96, Q: -2.15, K: 0.61, M: 25.00
Game finished: 0-1
Win rate: 4.23%, Loss rate: 89.41%, Draw rate: 6.35%
P: -8.57, N: -5.14, B: -1.90, R: -11.19, Q: -1.74, K: 0.61, M: 25.00
Game finished: 0-1
Win rate: 4.23%, Loss rate: 89.43%, Draw rate: 6.34%
P: -8.95, N: -5.05, B: -1.76, R: -11.25, Q: -1.62, K: 0.61, M: 25.00
Game finished: 0-1
Win rate: 4.22%, Loss rate: 89.45%, Draw rate: 6.33%
P: -10.25, N: -5.37, B: -2.47, R: -11.85, Q: -1.70, K: 0.61, M: 25.00
Game finished: 0-1
Win rate: 4.21%, Loss rate: 89.47%, Draw rate: 6.32%
P: -9.63, N: -5.53, B: -2.54, R: -11.99, Q: -1.85, K: 0.61, M: 25.00
Game finished: 0-1
Win rate: 4.21%, Loss rate: 89.48%, Draw rate: 6.31%
P: -8.58, N: -5.14, B: -2.69, R: -11.45, Q: -1.79, K: 0.61, M: 25.00
Game finished: 0-1
Win rate: 4.20%, Loss rate: 89.50%, Draw rate: 6.30%
P: -8.69, N: -5.16, B: -2.50, R: -11.65, Q: -2.04, K: 0.61, M: 25.00
Game finished: 0-1
Win rate: 4.19%, Loss rate: 89.52%, Draw rate: 6.29%
P: -7.17, N: -4.82, B: -1.75, R: -10.81, Q: -1.61, K: 0.61, M: 25.00
Game finished: 0-1
Win rate: 4.19%, Loss rate: 89.53%, Draw rate: 6.28%
P: -6.53, N: -4.64, B: -1.44, R: -10.74, Q: -1.78, K: 0.61, M: 25.00
Game finished: 1/2-1/2
Win rate: 4.18%, Loss rate: 89.39%, Draw rate: 6.43%
P: -6.86, N: -5.01, B: -1.44, R: -10.90, Q: -2.08, K: 0.61, M: 25.00
Game finished: 1-0
Win rate: 4.33%, Loss rate: 89.25%, Draw rate: 6.42%
P: -5.27, N: -5.58, B: -2.00, R: -11.08, Q: -3.39, K: 0.61, M: 25.00
Game finished: 0-1
Win rate: 4.33%, Loss rate: 89.26%, Draw rate: 6.41%
P: -5.40, N: -5.97, B: -2.32, R: -11.18, Q: -3.21, K: 0.61, M: 25.00
Game finished: 0-1
Win rate: 4.32%, Loss rate: 89.28%, Draw rate: 6.40%
P: -7.08, N: -6.37, B: -2.92, R: -12.19, Q: -3.10, K: 0.61, M: 25.00
Game finished: 0-1
Win rate: 4.31%, Loss rate: 89.30%, Draw rate: 6.39%
P: -7.23, N: -5.21, B: -2.45, R: -12.21, Q: -3.30, K: 0.61, M: 25.00
Game finished: 0-1
Win rate: 4.31%, Loss rate: 89.31%, Draw rate: 6.38%
P: -7.32, N: -5.21, B: -2.56, R: -12.45, Q: -3.25, K: 0.61, M: 25.00
Game finished: 0-1
Win rate: 4.30%, Loss rate: 89.33%, Draw rate: 6.37%
P: -6.51, N: -4.47, B: -2.29, R: -11.39, Q: -3.98, K: 0.61, M: 25.00
Game finished: 0-1
Win rate: 4.29%, Loss rate: 89.35%, Draw rate: 6.36%
P: -6.10, N: -4.46, B: -1.98, R: -11.04, Q: -4.18, K: 0.61, M: 25.00
Game finished: 0-1
Win rate: 4.29%, Loss rate: 89.37%, Draw rate: 6.35%
P: -6.98, N: -4.16, B: -2.33, R: -11.08, Q: -3.90, K: 0.61, M: 25.00
Game finished: 0-1
Win rate: 4.28%, Loss rate: 89.38%, Draw rate: 6.34%
P: -6.44, N: -4.13, B: -2.17, R: -10.72, Q: -3.87, K: 0.61, M: 25.00
Game finished: 1/2-1/2
Win rate: 4.27%, Loss rate: 89.24%, Draw rate: 6.49%
P: -5.96, N: -4.07, B: -2.12, R: -10.45, Q: -3.99, K: 0.61, M: 25.00
Game finished: 0-1
Win rate: 4.27%, Loss rate: 89.26%, Draw rate: 6.48%
P: -5.67, N: -3.68, B: -1.60, R: -10.15, Q: -4.10, K: 0.61, M: 25.00
Game finished: 0-1
Win rate: 4.26%, Loss rate: 89.27%, Draw rate: 6.47%
P: -5.23, N: -3.56, B: -1.38, R: -9.96, Q: -4.27, K: 0.61, M: 25.00
Game finished: 0-1
Win rate: 4.25%, Loss rate: 89.29%, Draw rate: 6.46%
P: -7.27, N: -4.03, B: -2.39, R: -11.08, Q: -4.15, K: 0.61, M: 25.00
Game finished: 0-1
Win rate: 4.25%, Loss rate: 89.31%, Draw rate: 6.45%
P: -8.72, N: -4.52, B: -2.85, R: -11.20, Q: -4.46, K: 0.61, M: 25.00
Game finished: 0-1
Win rate: 4.24%, Loss rate: 89.32%, Draw rate: 6.44%
P: -9.21, N: -4.75, B: -3.08, R: -11.25, Q: -4.51, K: 0.61, M: 25.00
Game finished: 0-1
Win rate: 4.23%, Loss rate: 89.34%, Draw rate: 6.43%
P: -9.28, N: -4.70, B: -2.99, R: -11.13, Q: -4.27, K: 0.61, M: 25.00
Game finished: 0-1
Win rate: 4.23%, Loss rate: 89.36%, Draw rate: 6.42%
P: -7.82, N: -4.16, B: -2.33, R: -10.00, Q: -3.67, K: 0.61, M: 25.00
Game finished: 0-1
Win rate: 4.22%, Loss rate: 89.38%, Draw rate: 6.41%
P: -7.88, N: -4.34, B: -2.59, R: -10.14, Q: -3.55, K: 0.61, M: 25.00
Game finished: 0-1
Win rate: 4.21%, Loss rate: 89.39%, Draw rate: 6.40%
P: -7.89, N: -4.53, B: -2.74, R: -10.23, Q: -3.08, K: 0.61, M: 25.00
Game finished: 0-1
Win rate: 4.21%, Loss rate: 89.41%, Draw rate: 6.39%
P: -8.48, N: -4.82, B: -2.99, R: -10.42, Q: -3.08, K: 0.61, M: 25.00
Game finished: 0-1
Win rate: 4.20%, Loss rate: 89.42%, Draw rate: 6.38%
P: -9.43, N: -4.61, B: -3.32, R: -10.80, Q: -3.17, K: 0.61, M: 25.00
Game finished: 0-1
Win rate: 4.19%, Loss rate: 89.44%, Draw rate: 6.37%
P: -9.73, N: -4.68, B: -3.65, R: -11.16, Q: -3.04, K: 0.61, M: 25.00
Game finished: 0-1
Win rate: 4.19%, Loss rate: 89.46%, Draw rate: 6.36%
P: -9.55, N: -5.23, B: -4.26, R: -11.29, Q: -3.06, K: 0.61, M: 25.00
Game finished: 0-1
Win rate: 4.18%, Loss rate: 89.47%, Draw rate: 6.35%
P: -5.80, N: -5.10, B: -4.19, R: -10.63, Q: -2.26, K: 0.61, M: 25.00
Game finished: 0-1
Win rate: 4.17%, Loss rate: 89.49%, Draw rate: 6.34%
P: -5.43, N: -4.78, B: -3.75, R: -10.07, Q: -1.84, K: 0.61, M: 25.00
Game finished: 0-1
Win rate: 4.17%, Loss rate: 89.51%, Draw rate: 6.33%
P: -7.20, N: -5.23, B: -4.47, R: -10.99, Q: -1.85, K: 0.61, M: 25.00
Game finished: 0-1
Win rate: 4.16%, Loss rate: 89.52%, Draw rate: 6.32%
P: -6.04, N: -5.54, B: -4.15, R: -10.35, Q: -1.83, K: 0.61, M: 25.00
Game finished: 0-1
Win rate: 4.15%, Loss rate: 89.54%, Draw rate: 6.31%
P: -5.00, N: -5.26, B: -3.92, R: -10.43, Q: -2.23, K: 0.61, M: 25.00
Game finished: 0-1
Win rate: 4.15%, Loss rate: 89.55%, Draw rate: 6.30%
P: -5.50, N: -5.33, B: -4.25, R: -10.57, Q: -2.14, K: 0.61, M: 25.00
Game finished: 0-1
Win rate: 4.14%, Loss rate: 89.57%, Draw rate: 6.29%
P: -5.49, N: -5.50, B: -3.97, R: -10.51, Q: -2.11, K: 0.61, M: 25.00
Game finished: 0-1
Win rate: 4.13%, Loss rate: 89.59%, Draw rate: 6.28%
P: -4.11, N: -4.67, B: -2.11, R: -9.84, Q: -1.55, K: 0.61, M: 25.00
Game finished: 0-1
Win rate: 4.13%, Loss rate: 89.60%, Draw rate: 6.27%
P: -4.68, N: -4.63, B: -1.99, R: -10.15, Q: -1.55, K: 0.61, M: 25.00
Game finished: 0-1
Win rate: 4.12%, Loss rate: 89.62%, Draw rate: 6.26%
P: -4.18, N: -4.56, B: -1.58, R: -10.01, Q: -1.70, K: 0.61, M: 25.00
Game finished: 0-1
Win rate: 4.12%, Loss rate: 89.63%, Draw rate: 6.25%
P: -5.39, N: -4.60, B: -1.99, R: -10.22, Q: -1.62, K: 0.61, M: 25.00
Game finished: 0-1
Win rate: 4.11%, Loss rate: 89.65%, Draw rate: 6.24%
P: -5.36, N: -4.60, B: -1.72, R: -10.25, Q: -1.84, K: 0.61, M: 25.00
Game finished: 0-1
Win rate: 4.10%, Loss rate: 89.67%, Draw rate: 6.23%
P: -5.20, N: -4.73, B: -1.96, R: -10.34, Q: -1.77, K: 0.61, M: 25.00
Game finished: 0-1
Win rate: 4.10%, Loss rate: 89.68%, Draw rate: 6.22%
P: -7.94, N: -4.69, B: -1.91, R: -10.95, Q: -2.58, K: 0.61, M: 25.00
Game finished: 0-1
Win rate: 4.09%, Loss rate: 89.70%, Draw rate: 6.21%
P: -7.82, N: -4.78, B: -2.00, R: -10.97, Q: -2.37, K: 0.61, M: 25.00
Game finished: 0-1
Win rate: 4.08%, Loss rate: 89.71%, Draw rate: 6.20%
P: -8.98, N: -5.36, B: -2.45, R: -11.70, Q: -2.52, K: 0.61, M: 25.00
Game finished: 0-1
Win rate: 4.08%, Loss rate: 89.73%, Draw rate: 6.19%
P: -9.62, N: -6.01, B: -3.15, R: -12.23, Q: -2.51, K: 0.61, M: 25.00
Game finished: 0-1
Win rate: 4.07%, Loss rate: 89.74%, Draw rate: 6.18%
P: -4.84, N: -5.27, B: -1.53, R: -10.55, Q: -2.24, K: 0.61, M: 25.00
Game finished: 0-1
Win rate: 4.07%, Loss rate: 89.76%, Draw rate: 6.17%
P: -7.95, N: -6.10, B: -2.69, R: -11.54, Q: -2.47, K: 0.61, M: 25.00
Game finished: 0-1
Win rate: 4.06%, Loss rate: 89.77%, Draw rate: 6.17%
P: -5.02, N: -5.00, B: -1.99, R: -10.15, Q: -1.96, K: 0.61, M: 25.00
Game finished: 0-1
Win rate: 4.05%, Loss rate: 89.79%, Draw rate: 6.16%
P: -6.60, N: -4.55, B: -2.38, R: -10.51, Q: -2.09, K: 0.61, M: 25.00
Game finished: 0-1
Win rate: 4.05%, Loss rate: 89.81%, Draw rate: 6.15%
P: -6.79, N: -4.90, B: -2.44, R: -10.80, Q: -2.13, K: 0.61, M: 25.00
Game finished: 0-1
Win rate: 4.04%, Loss rate: 89.82%, Draw rate: 6.14%
P: -8.15, N: -5.26, B: -2.79, R: -11.04, Q: -2.25, K: 0.61, M: 25.00
Game finished: 0-1
Win rate: 4.04%, Loss rate: 89.84%, Draw rate: 6.13%
P: -7.13, N: -5.17, B: -2.39, R: -10.91, Q: -2.67, K: 0.61, M: 25.00
Game finished: 0-1
Win rate: 4.03%, Loss rate: 89.85%, Draw rate: 6.12%
P: -8.16, N: -5.01, B: -2.14, R: -11.16, Q: -2.84, K: 0.61, M: 25.00
Game finished: 0-1
Win rate: 4.02%, Loss rate: 89.87%, Draw rate: 6.11%
P: -5.97, N: -4.91, B: -2.30, R: -10.72, Q: -2.70, K: 0.61, M: 25.00
Game finished: 0-1
Win rate: 4.02%, Loss rate: 89.88%, Draw rate: 6.10%
P: -5.64, N: -4.92, B: -2.31, R: -10.77, Q: -2.99, K: 0.61, M: 25.00
Game finished: 0-1
Win rate: 4.01%, Loss rate: 89.90%, Draw rate: 6.09%
P: -4.97, N: -4.46, B: -1.84, R: -9.94, Q: -2.97, K: 0.61, M: 25.00
Game finished: 0-1
Win rate: 4.01%, Loss rate: 89.91%, Draw rate: 6.08%
P: -5.05, N: -4.69, B: -2.09, R: -9.97, Q: -3.17, K: 0.61, M: 25.00
Game finished: 1-0
Win rate: 4.15%, Loss rate: 89.78%, Draw rate: 6.07%
P: -4.99, N: -4.48, B: -2.34, R: -9.87, Q: -2.98, K: 0.61, M: 25.00
Game finished: 1-0
Win rate: 4.29%, Loss rate: 89.64%, Draw rate: 6.07%
P: -6.42, N: -5.33, B: -2.39, R: -10.36, Q: -2.87, K: 0.61, M: 25.00
Game finished: 1-0
Win rate: 4.43%, Loss rate: 89.51%, Draw rate: 6.06%
P: -6.75, N: -4.77, B: -2.28, R: -10.10, Q: -3.12, K: 0.61, M: 25.00
Game finished: 0-1
Win rate: 4.42%, Loss rate: 89.53%, Draw rate: 6.05%
P: -7.21, N: -4.55, B: -1.90, R: -10.61, Q: -3.31, K: 0.61, M: 25.00
Game finished: 0-1
Win rate: 4.42%, Loss rate: 89.54%, Draw rate: 6.04%
P: -8.75, N: -4.77, B: -1.95, R: -11.11, Q: -3.44, K: 0.61, M: 25.00
Game finished: 0-1
Win rate: 4.41%, Loss rate: 89.56%, Draw rate: 6.03%
P: -8.23, N: -4.76, B: -1.74, R: -11.06, Q: -3.39, K: 0.61, M: 25.00
Game finished: 0-1
Win rate: 4.41%, Loss rate: 89.57%, Draw rate: 6.02%
P: -7.51, N: -4.70, B: -1.88, R: -11.14, Q: -3.51, K: 0.61, M: 25.00
Game finished: 0-1
Win rate: 4.40%, Loss rate: 89.59%, Draw rate: 6.01%
P: -5.71, N: -4.20, B: -1.14, R: -10.11, Q: -3.61, K: 0.61, M: 25.00
Game finished: 0-1
Win rate: 4.39%, Loss rate: 89.60%, Draw rate: 6.00%
P: -5.09, N: -4.06, B: -0.95, R: -9.80, Q: -3.74, K: 0.61, M: 25.00
Game finished: 0-1
Win rate: 4.39%, Loss rate: 89.62%, Draw rate: 5.99%
P: -7.60, N: -4.54, B: -1.70, R: -10.69, Q: -3.83, K: 0.61, M: 25.00
Game finished: 1/2-1/2
Win rate: 4.38%, Loss rate: 89.49%, Draw rate: 6.13%
P: -6.73, N: -3.37, B: -1.81, R: -11.02, Q: -3.91, K: 0.61, M: 25.00
Game finished: 0-1
Win rate: 4.37%, Loss rate: 89.50%, Draw rate: 6.12%
P: -6.50, N: -2.96, B: -1.74, R: -10.70, Q: -3.83, K: 0.61, M: 25.00
Game finished: 0-1
Win rate: 4.37%, Loss rate: 89.52%, Draw rate: 6.11%
P: -6.81, N: -2.96, B: -2.21, R: -10.91, Q: -3.72, K: 0.61, M: 25.00
Game finished: 1/2-1/2
Win rate: 4.36%, Loss rate: 89.39%, Draw rate: 6.25%
P: -7.79, N: -3.01, B: -2.27, R: -11.33, Q: -3.93, K: 0.61, M: 25.00
Game finished: 0-1
Win rate: 4.35%, Loss rate: 89.40%, Draw rate: 6.24%
P: -8.59, N: -3.31, B: -2.37, R: -11.90, Q: -4.15, K: 0.61, M: 25.00
Game finished: 0-1
Win rate: 4.35%, Loss rate: 89.42%, Draw rate: 6.23%
P: -7.89, N: -3.81, B: -2.57, R: -11.64, Q: -3.97, K: 0.61, M: 25.00
Game finished: 0-1
Win rate: 4.34%, Loss rate: 89.44%, Draw rate: 6.22%
P: -7.78, N: -3.85, B: -2.56, R: -11.56, Q: -3.89, K: 0.61, M: 25.00
Game finished: 0-1
Win rate: 4.34%, Loss rate: 89.45%, Draw rate: 6.21%
P: -8.12, N: -4.27, B: -3.39, R: -12.09, Q: -4.02, K: 0.61, M: 25.00
Game finished: 0-1
Win rate: 4.33%, Loss rate: 89.47%, Draw rate: 6.20%
P: -8.19, N: -3.72, B: -3.40, R: -11.97, Q: -4.13, K: 0.61, M: 25.00
Game finished: 0-1
Win rate: 4.32%, Loss rate: 89.48%, Draw rate: 6.20%
P: -8.50, N: -3.83, B: -3.97, R: -12.18, Q: -4.06, K: 0.61, M: 25.00
Game finished: 0-1
Win rate: 4.32%, Loss rate: 89.50%, Draw rate: 6.19%
P: -8.49, N: -4.15, B: -4.16, R: -12.44, Q: -4.23, K: 0.61, M: 25.00
Game finished: 0-1
Win rate: 4.31%, Loss rate: 89.51%, Draw rate: 6.18%
P: -7.65, N: -3.84, B: -3.27, R: -11.45, Q: -3.08, K: 0.61, M: 25.00
Game finished: 0-1
Win rate: 4.30%, Loss rate: 89.53%, Draw rate: 6.17%
P: -8.63, N: -4.52, B: -3.83, R: -11.97, Q: -3.21, K: 0.61, M: 25.00
Game finished: 0-1
Win rate: 4.30%, Loss rate: 89.54%, Draw rate: 6.16%
P: -7.30, N: -4.81, B: -3.92, R: -11.88, Q: -3.24, K: 0.61, M: 25.00
Game finished: 0-1
Win rate: 4.29%, Loss rate: 89.56%, Draw rate: 6.15%
P: -7.17, N: -4.34, B: -3.28, R: -12.10, Q: -2.73, K: 0.61, M: 25.00
Game finished: 0-1
Win rate: 4.29%, Loss rate: 89.57%, Draw rate: 6.14%
Epsilon: 0.0948
Results saved to mf2_results/results.csv
Epsilon history saved to mf2_epsilon/epsilon.csv
Elapsed time: 0:04:24
P: -6.66, N: -4.24, B: -3.46, R: -11.94, Q: -2.62, K: 0.61, M: 25.00
Game finished: 0-1
Win rate: 4.28%, Loss rate: 89.59%, Draw rate: 6.13%
P: -6.10, N: -4.18, B: -3.12, R: -11.77, Q: -2.68, K: 0.61, M: 25.00
Game finished: 0-1
Win rate: 4.27%, Loss rate: 89.60%, Draw rate: 6.13%
P: -7.08, N: -4.43, B: -3.56, R: -12.01, Q: -2.57, K: 0.61, M: 25.00
Game finished: 0-1
Win rate: 4.27%, Loss rate: 89.62%, Draw rate: 6.12%
P: -5.15, N: -4.38, B: -3.25, R: -11.45, Q: -2.76, K: 0.61, M: 25.00
Game finished: 1/2-1/2
Win rate: 4.26%, Loss rate: 89.49%, Draw rate: 6.25%
P: -5.31, N: -4.57, B: -3.32, R: -11.39, Q: -2.65, K: 0.61, M: 25.00
Game finished: 0-1
Win rate: 4.26%, Loss rate: 89.50%, Draw rate: 6.24%
P: -5.67, N: -4.52, B: -2.86, R: -11.96, Q: -2.51, K: 0.61, M: 25.00
Game finished: 0-1
Win rate: 4.25%, Loss rate: 89.52%, Draw rate: 6.23%
P: -6.74, N: -4.83, B: -3.31, R: -12.55, Q: -2.64, K: 0.61, M: 25.00
Game finished: 0-1
Win rate: 4.24%, Loss rate: 89.53%, Draw rate: 6.22%
P: -7.01, N: -5.19, B: -3.59, R: -12.81, Q: -2.91, K: 0.61, M: 25.00
Game finished: 0-1
Win rate: 4.24%, Loss rate: 89.55%, Draw rate: 6.21%
P: -6.60, N: -5.13, B: -3.12, R: -12.49, Q: -2.66, K: 0.61, M: 25.00
Game finished: 0-1
Win rate: 4.23%, Loss rate: 89.56%, Draw rate: 6.21%
P: -5.69, N: -4.83, B: -3.05, R: -11.79, Q: -2.58, K: 0.61, M: 25.00
Game finished: 0-1
Win rate: 4.23%, Loss rate: 89.58%, Draw rate: 6.20%
P: -5.07, N: -4.88, B: -2.37, R: -11.71, Q: -2.00, K: 0.61, M: 25.00
Game finished: 0-1
Win rate: 4.22%, Loss rate: 89.59%, Draw rate: 6.19%
P: -4.87, N: -5.07, B: -2.86, R: -11.66, Q: -1.85, K: 0.61, M: 25.00
Game finished: 0-1
Win rate: 4.21%, Loss rate: 89.61%, Draw rate: 6.18%
P: -4.73, N: -5.43, B: -3.09, R: -11.83, Q: -1.82, K: 0.61, M: 25.00
Game finished: 1/2-1/2
Win rate: 4.21%, Loss rate: 89.48%, Draw rate: 6.31%
P: -2.76, N: -6.21, B: -2.62, R: -11.58, Q: -1.31, K: 0.61, M: 25.00
Game finished: 0-1
Win rate: 4.20%, Loss rate: 89.50%, Draw rate: 6.30%
P: -3.38, N: -6.54, B: -2.68, R: -11.53, Q: -0.93, K: 0.61, M: 25.00
Game finished: 0-1
Win rate: 4.20%, Loss rate: 89.51%, Draw rate: 6.29%
P: -3.82, N: -6.21, B: -2.00, R: -11.15, Q: -0.35, K: 0.61, M: 25.00
Game finished: 0-1
Win rate: 4.19%, Loss rate: 89.53%, Draw rate: 6.28%
P: -4.06, N: -6.25, B: -1.76, R: -11.26, Q: -0.12, K: 0.61, M: 25.00
Game finished: 0-1
Win rate: 4.18%, Loss rate: 89.54%, Draw rate: 6.28%
P: -4.26, N: -6.53, B: -1.87, R: -11.63, Q: -0.34, K: 0.61, M: 25.00
Game finished: 0-1
Win rate: 4.18%, Loss rate: 89.55%, Draw rate: 6.27%
P: -3.11, N: -5.82, B: -1.65, R: -11.41, Q: -0.57, K: 0.61, M: 25.00
Game finished: 0-1
Win rate: 4.17%, Loss rate: 89.57%, Draw rate: 6.26%
P: -6.56, N: -5.39, B: -2.44, R: -11.97, Q: -0.96, K: 0.61, M: 25.00
Game finished: 1-0
Win rate: 4.31%, Loss rate: 89.44%, Draw rate: 6.25%
P: -5.95, N: -5.20, B: -2.17, R: -11.57, Q: -0.93, K: 0.61, M: 25.00
Game finished: 0-1
Win rate: 4.30%, Loss rate: 89.46%, Draw rate: 6.24%
P: -6.84, N: -5.46, B: -2.73, R: -11.97, Q: -1.16, K: 0.61, M: 25.00
Game finished: 0-1
Win rate: 4.29%, Loss rate: 89.47%, Draw rate: 6.23%
P: -7.72, N: -5.45, B: -2.74, R: -12.22, Q: -1.23, K: 0.61, M: 25.00
Game finished: 0-1
Win rate: 4.29%, Loss rate: 89.49%, Draw rate: 6.22%
P: -6.33, N: -5.51, B: -2.35, R: -11.84, Q: -0.77, K: 0.61, M: 25.00
Game finished: 0-1
Win rate: 4.28%, Loss rate: 89.50%, Draw rate: 6.22%
P: -7.46, N: -5.55, B: -2.37, R: -12.38, Q: -0.98, K: 0.61, M: 25.00
Game finished: 0-1
Win rate: 4.28%, Loss rate: 89.52%, Draw rate: 6.21%
P: -6.00, N: -5.46, B: -2.04, R: -11.96, Q: -0.94, K: 0.61, M: 25.00
Game finished: 1/2-1/2
Win rate: 4.27%, Loss rate: 89.39%, Draw rate: 6.34%
P: -6.51, N: -5.54, B: -2.57, R: -12.12, Q: -1.29, K: 0.61, M: 25.00
Game finished: 0-1
Win rate: 4.26%, Loss rate: 89.41%, Draw rate: 6.33%
P: -6.43, N: -5.44, B: -2.53, R: -11.98, Q: -1.39, K: 0.61, M: 25.00
Game finished: 0-1
Win rate: 4.26%, Loss rate: 89.42%, Draw rate: 6.32%
P: -6.51, N: -5.45, B: -2.56, R: -12.11, Q: -1.28, K: 0.61, M: 25.00
Game finished: 1/2-1/2
Win rate: 4.25%, Loss rate: 89.30%, Draw rate: 6.45%
P: -6.34, N: -4.86, B: -2.19, R: -11.05, Q: -0.71, K: 0.61, M: 25.00
Game finished: 0-1
Win rate: 4.25%, Loss rate: 89.32%, Draw rate: 6.44%
P: -6.78, N: -4.92, B: -2.25, R: -11.14, Q: -0.93, K: 0.61, M: 25.00
Game finished: 0-1
Win rate: 4.24%, Loss rate: 89.33%, Draw rate: 6.43%
P: -8.78, N: -5.63, B: -2.82, R: -11.05, Q: -1.07, K: 0.61, M: 25.00
Game finished: 0-1
Win rate: 4.23%, Loss rate: 89.34%, Draw rate: 6.42%
P: -7.85, N: -5.75, B: -2.85, R: -10.63, Q: -1.44, K: 0.61, M: 25.00
Game finished: 0-1
Win rate: 4.23%, Loss rate: 89.36%, Draw rate: 6.41%
P: -6.27, N: -5.89, B: -2.60, R: -10.31, Q: -1.22, K: 0.61, M: 25.00
Game finished: 0-1
Win rate: 4.22%, Loss rate: 89.37%, Draw rate: 6.40%
P: -6.50, N: -5.95, B: -2.27, R: -10.33, Q: -1.00, K: 0.61, M: 25.00
Game finished: 0-1
Win rate: 4.22%, Loss rate: 89.39%, Draw rate: 6.39%
P: -7.69, N: -5.95, B: -2.18, R: -10.63, Q: -0.97, K: 0.61, M: 25.00
Game finished: 0-1
Win rate: 4.21%, Loss rate: 89.40%, Draw rate: 6.39%
P: -5.98, N: -5.62, B: -2.26, R: -9.14, Q: -0.52, K: 0.61, M: 25.00
Game finished: 0-1
Win rate: 4.21%, Loss rate: 89.42%, Draw rate: 6.38%
P: -6.22, N: -5.47, B: -2.40, R: -8.93, Q: -0.63, K: 0.61, M: 25.00
Game finished: 0-1
Win rate: 4.20%, Loss rate: 89.43%, Draw rate: 6.37%
P: -6.09, N: -5.41, B: -2.30, R: -9.05, Q: -0.77, K: 0.61, M: 25.00
Game finished: 0-1
Win rate: 4.19%, Loss rate: 89.45%, Draw rate: 6.36%
P: -6.86, N: -5.55, B: -2.38, R: -9.64, Q: -0.98, K: 0.61, M: 25.00
Game finished: 0-1
Win rate: 4.19%, Loss rate: 89.46%, Draw rate: 6.35%
P: -7.91, N: -5.56, B: -2.73, R: -10.66, Q: -1.61, K: 0.61, M: 25.00
Game finished: 0-1
Win rate: 4.18%, Loss rate: 89.47%, Draw rate: 6.34%
P: -8.74, N: -5.60, B: -2.26, R: -10.61, Q: -1.68, K: 0.61, M: 25.00
Game finished: 0-1
Win rate: 4.18%, Loss rate: 89.49%, Draw rate: 6.33%
P: -8.35, N: -5.71, B: -2.65, R: -10.91, Q: -1.75, K: 0.61, M: 25.00
Game finished: 1-0
Win rate: 4.31%, Loss rate: 89.37%, Draw rate: 6.33%
P: -7.91, N: -5.05, B: -1.95, R: -10.37, Q: -1.63, K: 0.61, M: 25.00
Game finished: 0-1
Win rate: 4.30%, Loss rate: 89.38%, Draw rate: 6.32%
P: -8.40, N: -5.35, B: -2.76, R: -11.28, Q: -1.99, K: 0.61, M: 25.00
Game finished: 1/2-1/2
Win rate: 4.30%, Loss rate: 89.26%, Draw rate: 6.44%
P: -8.04, N: -5.32, B: -2.87, R: -11.11, Q: -2.11, K: 0.61, M: 25.00
Game finished: 1/2-1/2
Win rate: 4.29%, Loss rate: 89.14%, Draw rate: 6.57%
P: -8.31, N: -6.06, B: -3.14, R: -11.44, Q: -2.35, K: 0.61, M: 25.00
Game finished: 0-1
Win rate: 4.28%, Loss rate: 89.16%, Draw rate: 6.56%
P: -9.12, N: -5.98, B: -3.27, R: -11.96, Q: -2.43, K: 0.61, M: 25.00
Game finished: 1-0
Win rate: 4.41%, Loss rate: 89.04%, Draw rate: 6.55%
P: -9.47, N: -6.42, B: -3.58, R: -12.28, Q: -2.43, K: 0.61, M: 25.00
Game finished: 0-1
Win rate: 4.41%, Loss rate: 89.05%, Draw rate: 6.54%
P: -5.96, N: -5.77, B: -2.81, R: -10.98, Q: -1.89, K: 0.61, M: 25.00
Game finished: 0-1
Win rate: 4.40%, Loss rate: 89.07%, Draw rate: 6.53%
P: -6.26, N: -5.71, B: -2.59, R: -11.20, Q: -2.21, K: 0.61, M: 25.00
Game finished: 0-1
Win rate: 4.39%, Loss rate: 89.08%, Draw rate: 6.52%
P: -6.38, N: -5.85, B: -2.52, R: -10.99, Q: -1.94, K: 0.61, M: 25.00
Game finished: 0-1
Win rate: 4.39%, Loss rate: 89.10%, Draw rate: 6.52%
P: -6.48, N: -5.92, B: -2.47, R: -10.72, Q: -2.02, K: 0.61, M: 25.00
Game finished: 1/2-1/2
Win rate: 4.38%, Loss rate: 88.98%, Draw rate: 6.64%
P: -5.85, N: -4.25, B: -1.72, R: -10.47, Q: -2.45, K: 0.61, M: 25.00
Game finished: 0-1
Win rate: 4.38%, Loss rate: 88.99%, Draw rate: 6.63%
P: -5.12, N: -4.12, B: -2.04, R: -10.72, Q: -2.50, K: 0.61, M: 25.00
Game finished: 0-1
Win rate: 4.37%, Loss rate: 89.01%, Draw rate: 6.62%
P: -4.79, N: -4.16, B: -2.16, R: -10.85, Q: -2.51, K: 0.61, M: 25.00
Game finished: 0-1
Win rate: 4.37%, Loss rate: 89.02%, Draw rate: 6.61%
P: -5.75, N: -4.71, B: -2.83, R: -11.24, Q: -2.24, K: 0.61, M: 25.00
Game finished: 0-1
Win rate: 4.36%, Loss rate: 89.04%, Draw rate: 6.61%
P: -5.71, N: -4.76, B: -2.46, R: -11.49, Q: -2.09, K: 0.61, M: 25.00
Game finished: 1-0
Win rate: 4.49%, Loss rate: 88.92%, Draw rate: 6.60%
P: -6.33, N: -4.52, B: -2.30, R: -11.13, Q: -2.30, K: 0.61, M: 25.00
Game finished: 0-1
Win rate: 4.48%, Loss rate: 88.93%, Draw rate: 6.59%
P: -5.77, N: -4.39, B: -2.30, R: -10.92, Q: -2.38, K: 0.61, M: 25.00
Game finished: 0-1
Win rate: 4.47%, Loss rate: 88.95%, Draw rate: 6.58%
P: -6.61, N: -4.08, B: -2.63, R: -10.75, Q: -2.55, K: 0.61, M: 25.00
Game finished: 0-1
Win rate: 4.47%, Loss rate: 88.96%, Draw rate: 6.57%
P: -7.64, N: -4.14, B: -3.03, R: -10.65, Q: -2.65, K: 0.61, M: 25.00
Game finished: 0-1
Win rate: 4.46%, Loss rate: 88.98%, Draw rate: 6.56%
P: -6.55, N: -4.16, B: -2.96, R: -10.60, Q: -2.64, K: 0.61, M: 25.00
Game finished: 0-1
Win rate: 4.46%, Loss rate: 88.99%, Draw rate: 6.55%
P: -7.36, N: -4.41, B: -3.06, R: -10.78, Q: -2.65, K: 0.61, M: 25.00
Game finished: 0-1
Win rate: 4.45%, Loss rate: 89.01%, Draw rate: 6.54%
P: -7.82, N: -4.48, B: -3.50, R: -10.97, Q: -2.62, K: 0.61, M: 25.00
Game finished: 0-1
Win rate: 4.44%, Loss rate: 89.02%, Draw rate: 6.54%
P: -7.29, N: -4.34, B: -3.43, R: -10.89, Q: -2.40, K: 0.61, M: 25.00
Game finished: 0-1
Win rate: 4.44%, Loss rate: 89.03%, Draw rate: 6.53%
P: -7.17, N: -4.22, B: -3.92, R: -11.45, Q: -2.00, K: 0.61, M: 25.00
Game finished: 0-1
Win rate: 4.43%, Loss rate: 89.05%, Draw rate: 6.52%
P: -8.01, N: -4.40, B: -4.35, R: -11.64, Q: -2.08, K: 0.61, M: 25.00
Game finished: 0-1
Win rate: 4.43%, Loss rate: 89.06%, Draw rate: 6.51%
P: -6.38, N: -4.49, B: -4.19, R: -11.24, Q: -1.95, K: 0.61, M: 25.00
Game finished: 0-1
Win rate: 4.42%, Loss rate: 89.08%, Draw rate: 6.50%
P: -6.92, N: -4.67, B: -4.52, R: -11.60, Q: -1.88, K: 0.61, M: 25.00
Game finished: 1-0
Win rate: 4.55%, Loss rate: 88.96%, Draw rate: 6.49%
P: -6.40, N: -4.64, B: -4.76, R: -11.14, Q: -1.97, K: 0.61, M: 25.00
Game finished: 0-1
Win rate: 4.54%, Loss rate: 88.98%, Draw rate: 6.49%
P: -6.41, N: -3.89, B: -4.75, R: -10.83, Q: -1.46, K: 0.61, M: 25.00
Game finished: 0-1
Win rate: 4.53%, Loss rate: 88.99%, Draw rate: 6.48%
P: -5.98, N: -3.86, B: -4.85, R: -10.66, Q: -1.35, K: 0.61, M: 25.00
Game finished: 0-1
Win rate: 4.53%, Loss rate: 89.00%, Draw rate: 6.47%
P: -5.71, N: -3.34, B: -4.46, R: -10.13, Q: -0.84, K: 0.61, M: 25.00
Game finished: 0-1
Win rate: 4.52%, Loss rate: 89.02%, Draw rate: 6.46%
P: -8.97, N: -3.56, B: -4.76, R: -11.10, Q: -1.14, K: 0.61, M: 25.00
Game finished: 0-1
Win rate: 4.52%, Loss rate: 89.03%, Draw rate: 6.45%
P: -8.38, N: -3.74, B: -4.48, R: -10.50, Q: -1.14, K: 0.61, M: 25.00
Game finished: 0-1
Win rate: 4.51%, Loss rate: 89.05%, Draw rate: 6.44%
P: -7.92, N: -4.16, B: -4.31, R: -10.22, Q: -1.03, K: 0.61, M: 25.00
Game finished: 0-1
Win rate: 4.50%, Loss rate: 89.06%, Draw rate: 6.44%
P: -8.03, N: -3.52, B: -4.46, R: -10.40, Q: -0.98, K: 0.61, M: 25.00
Game finished: 0-1
Win rate: 4.50%, Loss rate: 89.07%, Draw rate: 6.43%
P: -7.67, N: -2.73, B: -4.58, R: -9.75, Q: -0.92, K: 0.61, M: 25.00
Game finished: 0-1
Win rate: 4.49%, Loss rate: 89.09%, Draw rate: 6.42%
P: -7.41, N: -2.52, B: -4.52, R: -9.61, Q: -1.16, K: 0.61, M: 25.00
Game finished: 1-0
Win rate: 4.62%, Loss rate: 88.97%, Draw rate: 6.41%
P: -7.27, N: -3.18, B: -5.36, R: -10.17, Q: -1.13, K: 0.61, M: 25.00
Game finished: 1-0
Win rate: 4.74%, Loss rate: 88.86%, Draw rate: 6.40%
P: -6.93, N: -2.79, B: -5.89, R: -10.72, Q: -1.81, K: 0.61, M: 25.00
Game finished: 0-1
Win rate: 4.73%, Loss rate: 88.87%, Draw rate: 6.39%
P: -6.72, N: -2.70, B: -5.37, R: -10.79, Q: -1.62, K: 0.61, M: 25.00
Game finished: 0-1
Win rate: 4.73%, Loss rate: 88.89%, Draw rate: 6.39%
P: -5.67, N: -2.71, B: -5.20, R: -10.45, Q: -1.10, K: 0.61, M: 25.00
Game finished: 0-1
Win rate: 4.72%, Loss rate: 88.90%, Draw rate: 6.38%
P: -5.54, N: -2.80, B: -4.99, R: -10.32, Q: -0.99, K: 0.61, M: 25.00
Game finished: 0-1
Win rate: 4.71%, Loss rate: 88.92%, Draw rate: 6.37%
P: -5.52, N: -2.85, B: -5.22, R: -10.63, Q: -1.28, K: 0.61, M: 25.00
Game finished: 0-1
Win rate: 4.71%, Loss rate: 88.93%, Draw rate: 6.36%
P: -5.80, N: -3.04, B: -5.46, R: -10.94, Q: -1.46, K: 0.61, M: 25.00
Game finished: 0-1
Win rate: 4.70%, Loss rate: 88.95%, Draw rate: 6.35%
P: -5.64, N: -3.36, B: -5.60, R: -11.00, Q: -1.70, K: 0.61, M: 25.00
Game finished: 0-1
Win rate: 4.70%, Loss rate: 88.96%, Draw rate: 6.35%
P: -6.67, N: -3.11, B: -5.39, R: -10.92, Q: -1.92, K: 0.61, M: 25.00
Game finished: 0-1
Win rate: 4.69%, Loss rate: 88.97%, Draw rate: 6.34%
P: -4.45, N: -3.19, B: -5.10, R: -10.04, Q: -1.96, K: 0.61, M: 25.00
Game finished: 0-1
Win rate: 4.68%, Loss rate: 88.99%, Draw rate: 6.33%
P: -5.09, N: -3.43, B: -5.21, R: -10.21, Q: -1.88, K: 0.61, M: 25.00
Game finished: 0-1
Win rate: 4.68%, Loss rate: 89.00%, Draw rate: 6.32%
P: -4.72, N: -3.22, B: -4.85, R: -10.39, Q: -1.58, K: 0.61, M: 25.00
Game finished: 0-1
Win rate: 4.67%, Loss rate: 89.02%, Draw rate: 6.31%
P: -5.31, N: -3.10, B: -4.95, R: -10.69, Q: -1.42, K: 0.61, M: 25.00
Game finished: 0-1
Win rate: 4.67%, Loss rate: 89.03%, Draw rate: 6.31%
P: -6.11, N: -3.69, B: -5.89, R: -11.19, Q: -1.84, K: 0.61, M: 25.00
Game finished: 0-1
Win rate: 4.66%, Loss rate: 89.04%, Draw rate: 6.30%
P: -5.26, N: -3.77, B: -6.11, R: -10.93, Q: -1.67, K: 0.61, M: 25.00
Game finished: 0-1
Win rate: 4.65%, Loss rate: 89.06%, Draw rate: 6.29%
P: -3.59, N: -3.30, B: -5.49, R: -10.05, Q: -1.58, K: 0.61, M: 25.00
Game finished: 0-1
Win rate: 4.65%, Loss rate: 89.07%, Draw rate: 6.28%
P: -4.29, N: -3.58, B: -5.24, R: -10.40, Q: -1.42, K: 0.61, M: 25.00
Game finished: 0-1
Win rate: 4.64%, Loss rate: 89.08%, Draw rate: 6.27%
P: -5.22, N: -3.95, B: -5.64, R: -10.52, Q: -1.95, K: 0.61, M: 25.00
Game finished: 0-1
Win rate: 4.64%, Loss rate: 89.10%, Draw rate: 6.27%
P: -7.13, N: -4.24, B: -6.15, R: -11.00, Q: -2.29, K: 0.61, M: 25.00
Game finished: 0-1
Win rate: 4.63%, Loss rate: 89.11%, Draw rate: 6.26%
P: -5.87, N: -3.49, B: -6.40, R: -10.18, Q: -2.39, K: 0.61, M: 25.00
Game finished: 1-0
Win rate: 4.75%, Loss rate: 89.00%, Draw rate: 6.25%
Epsilon: 0.0948
Results saved to mf2_results/results.csv
Epsilon history saved to mf2_epsilon/epsilon.csv
Elapsed time: 0:05:10
P: -5.90, N: -3.66, B: -6.28, R: -10.17, Q: -2.41, K: 0.61, M: 25.00
Game finished: 0-1
Win rate: 4.74%, Loss rate: 89.01%, Draw rate: 6.24%
P: -5.04, N: -3.92, B: -5.62, R: -9.43, Q: -2.46, K: 0.61, M: 25.00
Game finished: 0-1
Win rate: 4.74%, Loss rate: 89.03%, Draw rate: 6.23%
P: -4.82, N: -3.78, B: -5.56, R: -9.52, Q: -2.26, K: 0.61, M: 25.00
Game finished: 0-1
Win rate: 4.73%, Loss rate: 89.04%, Draw rate: 6.23%
P: -6.70, N: -2.68, B: -5.54, R: -9.95, Q: -3.09, K: 0.61, M: 25.00
Game finished: 0-1
Win rate: 4.73%, Loss rate: 89.05%, Draw rate: 6.22%
P: -7.08, N: -2.67, B: -5.49, R: -10.01, Q: -3.05, K: 0.61, M: 25.00
Game finished: 0-1
Win rate: 4.72%, Loss rate: 89.07%, Draw rate: 6.21%
P: -8.35, N: -3.43, B: -6.24, R: -10.70, Q: -3.17, K: 0.61, M: 25.00
Game finished: 0-1
Win rate: 4.71%, Loss rate: 89.08%, Draw rate: 6.20%
P: -8.07, N: -3.08, B: -6.08, R: -10.31, Q: -3.02, K: 0.61, M: 25.00
Game finished: 0-1
Win rate: 4.71%, Loss rate: 89.10%, Draw rate: 6.20%
P: -7.08, N: -2.66, B: -5.03, R: -9.39, Q: -2.65, K: 0.61, M: 25.00
Game finished: 1/2-1/2
Win rate: 4.70%, Loss rate: 88.99%, Draw rate: 6.31%
P: -6.47, N: -2.67, B: -4.91, R: -9.23, Q: -2.66, K: 0.61, M: 25.00
Game finished: 0-1
Win rate: 4.70%, Loss rate: 89.00%, Draw rate: 6.30%
P: -6.93, N: -2.92, B: -5.10, R: -9.48, Q: -2.57, K: 0.61, M: 25.00
Game finished: 0-1
Win rate: 4.69%, Loss rate: 89.01%, Draw rate: 6.30%
P: -6.33, N: -2.88, B: -5.60, R: -9.44, Q: -2.20, K: 0.61, M: 25.00
Game finished: 0-1
Win rate: 4.69%, Loss rate: 89.03%, Draw rate: 6.29%
P: -5.74, N: -2.78, B: -5.63, R: -9.31, Q: -2.07, K: 0.61, M: 25.00
Game finished: 0-1
Win rate: 4.68%, Loss rate: 89.04%, Draw rate: 6.28%
P: -5.40, N: -2.68, B: -4.78, R: -9.47, Q: -1.97, K: 0.61, M: 25.00
Game finished: 0-1
Win rate: 4.67%, Loss rate: 89.05%, Draw rate: 6.27%
P: -6.74, N: -2.73, B: -4.83, R: -9.81, Q: -2.08, K: 0.61, M: 25.00
Game finished: 1/2-1/2
Win rate: 4.67%, Loss rate: 88.94%, Draw rate: 6.39%
P: -6.83, N: -2.25, B: -4.57, R: -9.89, Q: -2.21, K: 0.61, M: 25.00
Game finished: 0-1
Win rate: 4.66%, Loss rate: 88.96%, Draw rate: 6.38%
P: -5.17, N: -2.10, B: -4.22, R: -9.24, Q: -1.90, K: 0.61, M: 25.00
Game finished: 0-1
Win rate: 4.66%, Loss rate: 88.97%, Draw rate: 6.37%
P: -5.28, N: -2.41, B: -4.41, R: -9.36, Q: -2.04, K: 0.61, M: 25.00
Game finished: 0-1
Win rate: 4.65%, Loss rate: 88.98%, Draw rate: 6.36%
P: -6.38, N: -2.54, B: -4.54, R: -9.63, Q: -2.18, K: 0.61, M: 25.00
Game finished: 0-1
Win rate: 4.65%, Loss rate: 89.00%, Draw rate: 6.36%
P: -6.70, N: -2.35, B: -4.31, R: -9.57, Q: -2.29, K: 0.61, M: 25.00
Game finished: 0-1
Win rate: 4.64%, Loss rate: 89.01%, Draw rate: 6.35%
P: -5.24, N: -2.26, B: -3.73, R: -9.13, Q: -2.46, K: 0.61, M: 25.00
Game finished: 0-1
Win rate: 4.63%, Loss rate: 89.02%, Draw rate: 6.34%
P: -5.80, N: -2.37, B: -3.80, R: -9.39, Q: -2.56, K: 0.61, M: 25.00
Game finished: 0-1
Win rate: 4.63%, Loss rate: 89.04%, Draw rate: 6.33%
P: -6.18, N: -2.46, B: -3.68, R: -9.59, Q: -2.51, K: 0.61, M: 25.00
Game finished: 0-1
Win rate: 4.62%, Loss rate: 89.05%, Draw rate: 6.33%
P: -5.55, N: -2.80, B: -4.03, R: -10.15, Q: -2.26, K: 0.61, M: 25.00
Game finished: 0-1
Win rate: 4.62%, Loss rate: 89.06%, Draw rate: 6.32%
P: -6.38, N: -3.16, B: -4.65, R: -10.44, Q: -2.60, K: 0.61, M: 25.00
Game finished: 0-1
Win rate: 4.61%, Loss rate: 89.08%, Draw rate: 6.31%
P: -7.29, N: -3.44, B: -4.61, R: -10.75, Q: -2.59, K: 0.61, M: 25.00
Game finished: 0-1
Win rate: 4.61%, Loss rate: 89.09%, Draw rate: 6.30%
P: -7.05, N: -3.59, B: -4.72, R: -10.34, Q: -2.54, K: 0.61, M: 25.00
Game finished: 0-1
Win rate: 4.60%, Loss rate: 89.10%, Draw rate: 6.30%
P: -6.55, N: -3.42, B: -5.05, R: -10.35, Q: -2.52, K: 0.61, M: 25.00
Game finished: 0-1
Win rate: 4.59%, Loss rate: 89.12%, Draw rate: 6.29%
P: -6.48, N: -3.21, B: -5.34, R: -10.49, Q: -2.45, K: 0.61, M: 25.00
Game finished: 0-1
Win rate: 4.59%, Loss rate: 89.13%, Draw rate: 6.28%
P: -7.61, N: -3.19, B: -5.56, R: -10.76, Q: -2.36, K: 0.61, M: 25.00
Game finished: 0-1
Win rate: 4.58%, Loss rate: 89.14%, Draw rate: 6.27%
P: -7.90, N: -2.47, B: -5.24, R: -10.83, Q: -0.86, K: 0.61, M: 25.00
Game finished: 0-1
Win rate: 4.58%, Loss rate: 89.16%, Draw rate: 6.27%
P: -9.03, N: -2.54, B: -5.77, R: -11.30, Q: -0.81, K: 0.61, M: 25.00
Game finished: 0-1
Win rate: 4.57%, Loss rate: 89.17%, Draw rate: 6.26%
P: -8.49, N: -2.51, B: -5.86, R: -11.11, Q: -0.68, K: 0.61, M: 25.00
Game finished: 0-1
Win rate: 4.57%, Loss rate: 89.18%, Draw rate: 6.25%
P: -7.85, N: -2.46, B: -5.54, R: -10.54, Q: -0.38, K: 0.61, M: 25.00
Game finished: 0-1
Win rate: 4.56%, Loss rate: 89.20%, Draw rate: 6.24%
P: -7.40, N: -2.02, B: -5.38, R: -10.32, Q: -0.34, K: 0.61, M: 25.00
Game finished: 0-1
Win rate: 4.56%, Loss rate: 89.21%, Draw rate: 6.24%
P: -6.33, N: -1.86, B: -5.24, R: -9.65, Q: -0.34, K: 0.61, M: 25.00
Game finished: 0-1
Win rate: 4.55%, Loss rate: 89.22%, Draw rate: 6.23%
P: -6.04, N: -1.89, B: -4.70, R: -9.66, Q: -0.22, K: 0.61, M: 25.00
Game finished: 0-1
Win rate: 4.55%, Loss rate: 89.23%, Draw rate: 6.22%
P: -6.93, N: -1.64, B: -4.83, R: -9.64, Q: -0.42, K: 0.61, M: 25.00
Game finished: 0-1
Win rate: 4.54%, Loss rate: 89.25%, Draw rate: 6.21%
P: -8.38, N: -1.88, B: -4.66, R: -10.25, Q: -0.53, K: 0.61, M: 25.00
Game finished: 0-1
Win rate: 4.53%, Loss rate: 89.26%, Draw rate: 6.21%
P: -7.38, N: -1.43, B: -3.49, R: -9.57, Q: -0.78, K: 0.61, M: 25.00
Game finished: 0-1
Win rate: 4.53%, Loss rate: 89.27%, Draw rate: 6.20%
P: -6.84, N: -1.65, B: -3.91, R: -9.98, Q: -0.59, K: 0.61, M: 25.00
Game finished: 0-1
Win rate: 4.52%, Loss rate: 89.29%, Draw rate: 6.19%
P: -6.57, N: -2.14, B: -4.39, R: -10.20, Q: -0.39, K: 0.61, M: 25.00
Game finished: 0-1
Win rate: 4.52%, Loss rate: 89.30%, Draw rate: 6.18%
P: -5.61, N: -2.60, B: -4.24, R: -10.04, Q: -0.01, K: 0.61, M: 25.00
Game finished: 0-1
Win rate: 4.51%, Loss rate: 89.31%, Draw rate: 6.18%
P: -6.47, N: -2.98, B: -4.43, R: -10.56, Q: -0.34, K: 0.61, M: 25.00
Game finished: 1/2-1/2
Win rate: 4.51%, Loss rate: 89.21%, Draw rate: 6.29%
P: -4.68, N: -2.66, B: -3.96, R: -9.98, Q: -0.30, K: 0.61, M: 25.00
Game finished: 0-1
Win rate: 4.50%, Loss rate: 89.22%, Draw rate: 6.28%
P: -4.81, N: -2.90, B: -4.14, R: -10.36, Q: -0.46, K: 0.61, M: 25.00
Game finished: 0-1
Win rate: 4.50%, Loss rate: 89.23%, Draw rate: 6.27%
P: -4.14, N: -2.73, B: -3.97, R: -10.61, Q: -0.61, K: 0.61, M: 25.00
Game finished: 0-1
Win rate: 4.49%, Loss rate: 89.24%, Draw rate: 6.26%
P: -5.38, N: -3.44, B: -4.08, R: -11.15, Q: -0.78, K: 0.61, M: 25.00
Game finished: 0-1
Win rate: 4.49%, Loss rate: 89.26%, Draw rate: 6.26%
P: -5.73, N: -3.34, B: -3.85, R: -11.05, Q: -0.88, K: 0.61, M: 25.00
Game finished: 0-1
Win rate: 4.48%, Loss rate: 89.27%, Draw rate: 6.25%
P: -5.35, N: -2.68, B: -3.92, R: -10.56, Q: -1.23, K: 0.61, M: 25.00
Game finished: 0-1
Win rate: 4.48%, Loss rate: 89.28%, Draw rate: 6.24%
P: -4.87, N: -2.18, B: -3.73, R: -10.22, Q: -1.31, K: 0.61, M: 25.00
Game finished: 0-1
Win rate: 4.47%, Loss rate: 89.29%, Draw rate: 6.24%
P: -4.88, N: -2.14, B: -3.56, R: -10.38, Q: -1.65, K: 0.61, M: 25.00
Game finished: 1-0
Win rate: 4.58%, Loss rate: 89.19%, Draw rate: 6.23%
P: -5.69, N: -2.49, B: -3.68, R: -10.35, Q: -1.75, K: 0.61, M: 25.00
Game finished: 0-1
Win rate: 4.58%, Loss rate: 89.20%, Draw rate: 6.22%
P: -5.67, N: -2.62, B: -4.04, R: -10.51, Q: -1.48, K: 0.61, M: 25.00
Game finished: 0-1
Win rate: 4.57%, Loss rate: 89.21%, Draw rate: 6.21%
P: -5.51, N: -2.43, B: -3.76, R: -10.22, Q: -1.45, K: 0.61, M: 25.00
Game finished: 0-1
Win rate: 4.57%, Loss rate: 89.23%, Draw rate: 6.21%
P: -6.82, N: -2.56, B: -4.28, R: -11.20, Q: -1.75, K: 0.61, M: 25.00
Game finished: 0-1
Win rate: 4.56%, Loss rate: 89.24%, Draw rate: 6.20%
P: -6.10, N: -2.69, B: -4.46, R: -11.03, Q: -2.09, K: 0.61, M: 25.00
Game finished: 0-1
Win rate: 4.56%, Loss rate: 89.25%, Draw rate: 6.19%
P: -6.30, N: -2.83, B: -4.35, R: -10.91, Q: -2.47, K: 0.61, M: 25.00
Game finished: 0-1
Win rate: 4.55%, Loss rate: 89.26%, Draw rate: 6.18%
P: -6.25, N: -2.96, B: -4.75, R: -11.12, Q: -2.40, K: 0.61, M: 25.00
Game finished: 0-1
Win rate: 4.55%, Loss rate: 89.28%, Draw rate: 6.18%
P: -5.75, N: -3.09, B: -4.73, R: -11.09, Q: -2.44, K: 0.61, M: 25.00
Game finished: 0-1
Win rate: 4.54%, Loss rate: 89.29%, Draw rate: 6.17%
P: -6.51, N: -3.02, B: -5.03, R: -11.54, Q: -2.81, K: 0.61, M: 25.00
Game finished: 0-1
Win rate: 4.53%, Loss rate: 89.30%, Draw rate: 6.16%
P: -7.10, N: -3.78, B: -5.73, R: -12.10, Q: -2.73, K: 0.61, M: 25.00
Game finished: 0-1
Win rate: 4.53%, Loss rate: 89.31%, Draw rate: 6.16%
P: -7.63, N: -3.78, B: -5.87, R: -12.45, Q: -2.80, K: 0.61, M: 25.00
Game finished: 0-1
Win rate: 4.52%, Loss rate: 89.33%, Draw rate: 6.15%
P: -6.83, N: -3.46, B: -5.57, R: -11.90, Q: -2.68, K: 0.61, M: 25.00
Game finished: 0-1
Win rate: 4.52%, Loss rate: 89.34%, Draw rate: 6.14%
P: -6.51, N: -3.53, B: -4.62, R: -10.85, Q: -3.09, K: 0.61, M: 25.00
Game finished: 0-1
Win rate: 4.51%, Loss rate: 89.35%, Draw rate: 6.13%
P: -5.85, N: -3.70, B: -4.90, R: -10.93, Q: -2.96, K: 0.61, M: 25.00
Game finished: 0-1
Win rate: 4.51%, Loss rate: 89.36%, Draw rate: 6.13%
P: -4.27, N: -3.02, B: -4.03, R: -10.50, Q: -3.05, K: 0.61, M: 25.00
Game finished: 1/2-1/2
Win rate: 4.50%, Loss rate: 89.26%, Draw rate: 6.24%
P: -4.30, N: -3.03, B: -4.14, R: -10.32, Q: -2.99, K: 0.61, M: 25.00
Game finished: 1/2-1/2
Win rate: 4.50%, Loss rate: 89.16%, Draw rate: 6.34%
P: -4.89, N: -3.37, B: -4.42, R: -10.79, Q: -3.06, K: 0.61, M: 25.00
Game finished: 0-1
Win rate: 4.49%, Loss rate: 89.17%, Draw rate: 6.34%
P: -5.82, N: -3.18, B: -4.64, R: -10.92, Q: -3.11, K: 0.61, M: 25.00
Game finished: 0-1
Win rate: 4.49%, Loss rate: 89.18%, Draw rate: 6.33%
P: -6.63, N: -3.21, B: -5.24, R: -11.63, Q: -3.15, K: 0.61, M: 25.00
Game finished: 0-1
Win rate: 4.48%, Loss rate: 89.20%, Draw rate: 6.32%
P: -5.73, N: -2.85, B: -4.47, R: -10.49, Q: -3.03, K: 0.61, M: 25.00
Game finished: 0-1
Win rate: 4.48%, Loss rate: 89.21%, Draw rate: 6.31%
P: -6.27, N: -2.77, B: -4.35, R: -10.51, Q: -3.15, K: 0.61, M: 25.00
Game finished: 0-1
Win rate: 4.47%, Loss rate: 89.22%, Draw rate: 6.31%
P: -5.97, N: -2.54, B: -3.91, R: -9.91, Q: -3.10, K: 0.61, M: 25.00
Game finished: 0-1
Win rate: 4.47%, Loss rate: 89.23%, Draw rate: 6.30%
P: -5.88, N: -2.15, B: -3.42, R: -9.52, Q: -2.92, K: 0.61, M: 25.00
Game finished: 1/2-1/2
Win rate: 4.46%, Loss rate: 89.13%, Draw rate: 6.41%
P: -5.69, N: -2.23, B: -3.45, R: -9.67, Q: -3.03, K: 0.61, M: 25.00
Game finished: 0-1
Win rate: 4.46%, Loss rate: 89.14%, Draw rate: 6.40%
P: -6.42, N: -2.34, B: -3.67, R: -9.96, Q: -3.43, K: 0.61, M: 25.00
Game finished: 0-1
Win rate: 4.45%, Loss rate: 89.16%, Draw rate: 6.39%
P: -6.74, N: -2.31, B: -3.55, R: -10.04, Q: -3.40, K: 0.61, M: 25.00
Game finished: 0-1
Win rate: 4.45%, Loss rate: 89.17%, Draw rate: 6.39%
P: -7.09, N: -2.20, B: -3.55, R: -10.24, Q: -3.54, K: 0.61, M: 25.00
Game finished: 0-1
Win rate: 4.44%, Loss rate: 89.18%, Draw rate: 6.38%
P: -7.71, N: -1.99, B: -3.52, R: -10.63, Q: -3.56, K: 0.61, M: 25.00
Game finished: 1/2-1/2
Win rate: 4.44%, Loss rate: 89.08%, Draw rate: 6.48%
P: -7.22, N: -2.06, B: -3.72, R: -10.52, Q: -3.57, K: 0.61, M: 25.00
Game finished: 0-1
Win rate: 4.43%, Loss rate: 89.09%, Draw rate: 6.48%
P: -6.64, N: -2.33, B: -3.47, R: -10.40, Q: -3.53, K: 0.61, M: 25.00
Game finished: 0-1
Win rate: 4.43%, Loss rate: 89.10%, Draw rate: 6.47%
P: -6.51, N: -2.63, B: -3.50, R: -10.74, Q: -3.66, K: 0.61, M: 25.00
Game finished: 0-1
Win rate: 4.42%, Loss rate: 89.12%, Draw rate: 6.46%
P: -3.02, N: -1.86, B: -2.44, R: -9.68, Q: -3.91, K: 0.61, M: 25.00
Game finished: 0-1
Win rate: 4.42%, Loss rate: 89.13%, Draw rate: 6.46%
P: -3.48, N: -1.85, B: -2.20, R: -9.49, Q: -3.99, K: 0.61, M: 25.00
Game finished: 0-1
Win rate: 4.41%, Loss rate: 89.14%, Draw rate: 6.45%
P: -4.36, N: -2.07, B: -2.63, R: -10.00, Q: -4.20, K: 0.61, M: 25.00
Game finished: 0-1
Win rate: 4.41%, Loss rate: 89.15%, Draw rate: 6.44%
P: -6.54, N: -1.95, B: -2.51, R: -9.95, Q: -4.01, K: 0.61, M: 25.00
Game finished: 0-1
Win rate: 4.40%, Loss rate: 89.16%, Draw rate: 6.43%
P: -7.60, N: -2.09, B: -1.98, R: -10.36, Q: -3.73, K: 0.61, M: 25.00
Game finished: 0-1
Win rate: 4.40%, Loss rate: 89.18%, Draw rate: 6.43%
P: -7.42, N: -1.74, B: -2.11, R: -9.97, Q: -3.70, K: 0.61, M: 25.00
Game finished: 0-1
Win rate: 4.39%, Loss rate: 89.19%, Draw rate: 6.42%
P: -7.98, N: -1.69, B: -2.65, R: -10.58, Q: -3.80, K: 0.61, M: 25.00
Game finished: 1/2-1/2
Win rate: 4.39%, Loss rate: 89.09%, Draw rate: 6.52%
P: -8.84, N: -2.03, B: -2.99, R: -11.27, Q: -3.77, K: 0.61, M: 25.00
Game finished: 0-1
Win rate: 4.38%, Loss rate: 89.10%, Draw rate: 6.52%
P: -9.71, N: -2.34, B: -3.90, R: -11.85, Q: -3.58, K: 0.61, M: 25.00
Game finished: 1-0
Win rate: 4.49%, Loss rate: 89.00%, Draw rate: 6.51%
P: -8.19, N: -1.82, B: -3.30, R: -11.20, Q: -3.11, K: 0.61, M: 25.00
Game finished: 0-1
Win rate: 4.48%, Loss rate: 89.01%, Draw rate: 6.50%
P: -7.86, N: -2.07, B: -3.55, R: -11.32, Q: -3.46, K: 0.61, M: 25.00
Game finished: 0-1
Win rate: 4.48%, Loss rate: 89.03%, Draw rate: 6.49%
P: -7.87, N: -2.16, B: -3.62, R: -11.31, Q: -3.39, K: 0.61, M: 25.00
Game finished: 0-1
Win rate: 4.47%, Loss rate: 89.04%, Draw rate: 6.49%
P: -8.00, N: -2.25, B: -3.67, R: -11.71, Q: -3.46, K: 0.61, M: 25.00
Game finished: 0-1
Win rate: 4.47%, Loss rate: 89.05%, Draw rate: 6.48%
P: -8.15, N: -2.37, B: -3.90, R: -11.77, Q: -3.49, K: 0.61, M: 25.00
Game finished: 0-1
Win rate: 4.46%, Loss rate: 89.06%, Draw rate: 6.47%
P: -6.67, N: -2.56, B: -4.04, R: -11.76, Q: -3.37, K: 0.61, M: 25.00
Game finished: 0-1
Win rate: 4.46%, Loss rate: 89.07%, Draw rate: 6.47%
P: -5.89, N: -3.02, B: -4.13, R: -11.86, Q: -3.22, K: 0.61, M: 25.00
Game finished: 0-1
Win rate: 4.45%, Loss rate: 89.09%, Draw rate: 6.46%
P: -4.22, N: -3.49, B: -3.46, R: -11.01, Q: -3.07, K: 0.61, M: 25.00
Game finished: 0-1
Win rate: 4.45%, Loss rate: 89.10%, Draw rate: 6.45%
P: -3.59, N: -3.90, B: -4.34, R: -11.16, Q: -3.13, K: 0.61, M: 25.00
Game finished: 0-1
Win rate: 4.44%, Loss rate: 89.11%, Draw rate: 6.44%
Epsilon: 0.0948
Results saved to mf2_results/results.csv
Epsilon history saved to mf2_epsilon/epsilon.csv
Elapsed time: 0:05:54
P: -4.77, N: -3.78, B: -4.35, R: -11.13, Q: -3.72, K: 0.61, M: 25.00
Game finished: 0-1
Win rate: 4.44%, Loss rate: 89.12%, Draw rate: 6.44%
P: -5.06, N: -3.79, B: -4.82, R: -11.31, Q: -3.58, K: 0.61, M: 25.00
Game finished: 0-1
Win rate: 4.43%, Loss rate: 89.14%, Draw rate: 6.43%
P: -5.31, N: -4.25, B: -5.54, R: -11.79, Q: -3.66, K: 0.61, M: 25.00
Game finished: 0-1
Win rate: 4.43%, Loss rate: 89.15%, Draw rate: 6.42%
P: -5.11, N: -4.51, B: -5.75, R: -11.97, Q: -3.85, K: 0.61, M: 25.00
Game finished: 0-1
Win rate: 4.42%, Loss rate: 89.16%, Draw rate: 6.42%
P: -5.02, N: -4.54, B: -5.92, R: -11.95, Q: -4.13, K: 0.61, M: 25.00
Game finished: 0-1
Win rate: 4.42%, Loss rate: 89.17%, Draw rate: 6.41%
P: -4.13, N: -4.54, B: -5.34, R: -11.40, Q: -3.88, K: 0.61, M: 25.00
Game finished: 0-1
Win rate: 4.42%, Loss rate: 89.18%, Draw rate: 6.40%
P: -5.84, N: -4.98, B: -5.03, R: -11.63, Q: -4.20, K: 0.61, M: 25.00
Game finished: 0-1
Win rate: 4.41%, Loss rate: 89.20%, Draw rate: 6.39%
P: -5.13, N: -4.90, B: -5.20, R: -11.91, Q: -3.63, K: 0.61, M: 25.00
Game finished: 0-1
Win rate: 4.41%, Loss rate: 89.21%, Draw rate: 6.39%
P: -6.72, N: -4.19, B: -4.68, R: -11.62, Q: -3.55, K: 0.61, M: 25.00
Game finished: 0-1
Win rate: 4.40%, Loss rate: 89.22%, Draw rate: 6.38%
P: -5.88, N: -3.13, B: -4.04, R: -10.47, Q: -3.04, K: 0.61, M: 25.00
Game finished: 0-1
Win rate: 4.40%, Loss rate: 89.23%, Draw rate: 6.37%
P: -6.94, N: -2.92, B: -3.83, R: -10.26, Q: -3.59, K: 0.61, M: 25.00
Game finished: 0-1
Win rate: 4.39%, Loss rate: 89.24%, Draw rate: 6.37%
P: -6.29, N: -2.88, B: -3.48, R: -9.83, Q: -3.92, K: 0.61, M: 25.00
Game finished: 0-1
Win rate: 4.39%, Loss rate: 89.25%, Draw rate: 6.36%
P: -8.22, N: -3.39, B: -4.42, R: -10.70, Q: -3.72, K: 0.61, M: 25.00
Game finished: 0-1
Win rate: 4.38%, Loss rate: 89.27%, Draw rate: 6.35%
P: -7.58, N: -3.78, B: -4.65, R: -10.82, Q: -3.76, K: 0.61, M: 25.00
Game finished: 0-1
Win rate: 4.38%, Loss rate: 89.28%, Draw rate: 6.35%
P: -7.80, N: -3.81, B: -4.67, R: -10.52, Q: -3.68, K: 0.61, M: 25.00
Game finished: 0-1
Win rate: 4.37%, Loss rate: 89.29%, Draw rate: 6.34%
P: -8.03, N: -3.65, B: -4.54, R: -10.58, Q: -3.31, K: 0.61, M: 25.00
Game finished: 0-1
Win rate: 4.37%, Loss rate: 89.30%, Draw rate: 6.33%
P: -8.25, N: -3.78, B: -5.02, R: -10.62, Q: -3.38, K: 0.61, M: 25.00
Game finished: 0-1
Win rate: 4.36%, Loss rate: 89.31%, Draw rate: 6.32%
P: -6.76, N: -3.77, B: -4.69, R: -9.95, Q: -2.99, K: 0.61, M: 25.00
Game finished: 0-1
Win rate: 4.36%, Loss rate: 89.32%, Draw rate: 6.32%
P: -7.32, N: -3.89, B: -5.06, R: -10.47, Q: -3.04, K: 0.61, M: 25.00
Game finished: 0-1
Win rate: 4.35%, Loss rate: 89.34%, Draw rate: 6.31%
P: -7.15, N: -3.62, B: -4.40, R: -9.66, Q: -2.85, K: 0.61, M: 25.00
Game finished: 0-1
Win rate: 4.35%, Loss rate: 89.35%, Draw rate: 6.30%
P: -7.10, N: -3.58, B: -4.11, R: -9.28, Q: -2.72, K: 0.61, M: 25.00
Game finished: 0-1
Win rate: 4.34%, Loss rate: 89.36%, Draw rate: 6.30%
P: -6.88, N: -3.39, B: -3.55, R: -8.68, Q: -2.74, K: 0.61, M: 25.00
Game finished: 0-1
Win rate: 4.34%, Loss rate: 89.37%, Draw rate: 6.29%
P: -6.79, N: -3.40, B: -3.93, R: -8.95, Q: -2.51, K: 0.61, M: 25.00
Game finished: 0-1
Win rate: 4.33%, Loss rate: 89.38%, Draw rate: 6.28%
P: -6.75, N: -3.35, B: -4.23, R: -9.10, Q: -2.46, K: 0.61, M: 25.00
Game finished: 0-1
Win rate: 4.33%, Loss rate: 89.39%, Draw rate: 6.28%
P: -6.82, N: -3.26, B: -4.01, R: -9.03, Q: -2.69, K: 0.61, M: 25.00
Game finished: 0-1
Win rate: 4.32%, Loss rate: 89.41%, Draw rate: 6.27%
P: -6.28, N: -2.98, B: -3.83, R: -8.76, Q: -2.06, K: 0.61, M: 25.00
Game finished: 0-1
Win rate: 4.32%, Loss rate: 89.42%, Draw rate: 6.26%
P: -7.06, N: -3.47, B: -4.43, R: -9.02, Q: -2.01, K: 0.61, M: 25.00
Game finished: 0-1
Win rate: 4.31%, Loss rate: 89.43%, Draw rate: 6.26%
P: -6.12, N: -2.69, B: -3.64, R: -8.49, Q: -1.61, K: 0.61, M: 25.00
Game finished: 0-1
Win rate: 4.31%, Loss rate: 89.44%, Draw rate: 6.25%
P: -6.85, N: -2.62, B: -3.76, R: -8.80, Q: -1.74, K: 0.61, M: 25.00
Game finished: 0-1
Win rate: 4.31%, Loss rate: 89.45%, Draw rate: 6.24%
P: -7.22, N: -2.45, B: -3.53, R: -8.73, Q: -1.67, K: 0.61, M: 25.00
Game finished: 0-1
Win rate: 4.30%, Loss rate: 89.46%, Draw rate: 6.24%
P: -6.19, N: -2.32, B: -3.00, R: -8.45, Q: -1.72, K: 0.61, M: 25.00
Game finished: 0-1
Win rate: 4.30%, Loss rate: 89.47%, Draw rate: 6.23%
P: -6.70, N: -2.32, B: -2.88, R: -8.83, Q: -1.60, K: 0.61, M: 25.00
Game finished: 0-1
Win rate: 4.29%, Loss rate: 89.48%, Draw rate: 6.22%
P: -8.02, N: -2.38, B: -2.84, R: -9.23, Q: -1.74, K: 0.61, M: 25.00
Game finished: 0-1
Win rate: 4.29%, Loss rate: 89.50%, Draw rate: 6.22%
P: -8.44, N: -3.05, B: -4.00, R: -10.15, Q: -1.46, K: 0.61, M: 25.00
Game finished: 0-1
Win rate: 4.28%, Loss rate: 89.51%, Draw rate: 6.21%
P: -7.45, N: -3.00, B: -4.11, R: -9.95, Q: -1.48, K: 0.61, M: 25.00
Game finished: 0-1
Win rate: 4.28%, Loss rate: 89.52%, Draw rate: 6.20%
P: -7.92, N: -3.82, B: -4.95, R: -10.60, Q: -1.64, K: 0.61, M: 25.00
Game finished: 0-1
Win rate: 4.27%, Loss rate: 89.53%, Draw rate: 6.20%
P: -7.20, N: -4.03, B: -5.67, R: -11.09, Q: -1.82, K: 0.61, M: 25.00
Game finished: 0-1
Win rate: 4.27%, Loss rate: 89.54%, Draw rate: 6.19%
P: -5.15, N: -3.92, B: -3.28, R: -10.81, Q: -1.60, K: 0.61, M: 25.00
Game finished: 0-1
Win rate: 4.26%, Loss rate: 89.55%, Draw rate: 6.18%
P: -7.55, N: -3.77, B: -4.31, R: -12.02, Q: -2.62, K: 0.61, M: 25.00
Game finished: 0-1
Win rate: 4.26%, Loss rate: 89.56%, Draw rate: 6.18%
P: -7.20, N: -3.78, B: -4.14, R: -12.09, Q: -2.70, K: 0.61, M: 25.00
Game finished: 0-1
Win rate: 4.26%, Loss rate: 89.57%, Draw rate: 6.17%
P: -6.80, N: -3.62, B: -4.27, R: -12.04, Q: -2.71, K: 0.61, M: 25.00
Game finished: 0-1
Win rate: 4.25%, Loss rate: 89.59%, Draw rate: 6.16%
P: -5.06, N: -3.60, B: -3.80, R: -11.44, Q: -2.70, K: 0.61, M: 25.00
Game finished: 0-1
Win rate: 4.25%, Loss rate: 89.60%, Draw rate: 6.16%
P: -4.59, N: -3.75, B: -3.80, R: -11.40, Q: -2.56, K: 0.61, M: 25.00
Game finished: 0-1
Win rate: 4.24%, Loss rate: 89.61%, Draw rate: 6.15%
P: -6.12, N: -3.63, B: -4.94, R: -12.47, Q: -3.72, K: 0.61, M: 25.00
Game finished: 0-1
Win rate: 4.24%, Loss rate: 89.62%, Draw rate: 6.14%
P: -4.61, N: -4.01, B: -5.05, R: -11.99, Q: -4.04, K: 0.61, M: 25.00
Game finished: 0-1
Win rate: 4.23%, Loss rate: 89.63%, Draw rate: 6.14%
P: -5.58, N: -4.11, B: -5.21, R: -12.33, Q: -3.95, K: 0.61, M: 25.00
Game finished: 0-1
Win rate: 4.23%, Loss rate: 89.64%, Draw rate: 6.13%
P: -4.76, N: -4.53, B: -4.40, R: -11.41, Q: -3.40, K: 0.61, M: 25.00
Game finished: 0-1
Win rate: 4.22%, Loss rate: 89.65%, Draw rate: 6.12%
P: -5.19, N: -5.14, B: -5.38, R: -11.88, Q: -3.21, K: 0.61, M: 25.00
Game finished: 0-1
Win rate: 4.22%, Loss rate: 89.66%, Draw rate: 6.12%
P: -5.34, N: -5.22, B: -5.73, R: -12.09, Q: -3.04, K: 0.61, M: 25.00
Game finished: 0-1
Win rate: 4.21%, Loss rate: 89.67%, Draw rate: 6.11%
P: -4.16, N: -4.69, B: -5.07, R: -11.19, Q: -3.24, K: 0.61, M: 25.00
Game finished: 0-1
Win rate: 4.21%, Loss rate: 89.68%, Draw rate: 6.11%
P: -4.31, N: -5.00, B: -5.56, R: -11.21, Q: -3.24, K: 0.61, M: 25.00
Game finished: 0-1
Win rate: 4.21%, Loss rate: 89.70%, Draw rate: 6.10%
P: -4.33, N: -4.60, B: -5.43, R: -11.18, Q: -3.13, K: 0.61, M: 25.00
Game finished: 0-1
Win rate: 4.20%, Loss rate: 89.71%, Draw rate: 6.09%
P: -4.75, N: -4.54, B: -5.73, R: -11.32, Q: -3.12, K: 0.61, M: 25.00
Game finished: 0-1
Win rate: 4.20%, Loss rate: 89.72%, Draw rate: 6.09%
P: -4.32, N: -4.94, B: -5.71, R: -10.92, Q: -3.26, K: 0.61, M: 25.00
Game finished: 0-1
Win rate: 4.19%, Loss rate: 89.73%, Draw rate: 6.08%
P: -3.97, N: -5.15, B: -5.45, R: -10.64, Q: -2.81, K: 0.61, M: 25.00
Game finished: 0-1
Win rate: 4.19%, Loss rate: 89.74%, Draw rate: 6.07%
P: -4.29, N: -5.27, B: -5.02, R: -10.59, Q: -3.11, K: 0.61, M: 25.00
Game finished: 0-1
Win rate: 4.18%, Loss rate: 89.75%, Draw rate: 6.07%
P: -7.45, N: -5.25, B: -5.36, R: -10.95, Q: -3.22, K: 0.61, M: 25.00
Game finished: 0-1
Win rate: 4.18%, Loss rate: 89.76%, Draw rate: 6.06%
P: -5.28, N: -5.07, B: -4.74, R: -9.78, Q: -3.07, K: 0.61, M: 25.00
Game finished: 0-1
Win rate: 4.18%, Loss rate: 89.77%, Draw rate: 6.05%
P: -5.29, N: -4.97, B: -5.13, R: -9.74, Q: -3.16, K: 0.61, M: 25.00
Game finished: 0-1
Win rate: 4.17%, Loss rate: 89.78%, Draw rate: 6.05%
P: -6.99, N: -4.37, B: -5.13, R: -10.26, Q: -2.88, K: 0.61, M: 25.00
Game finished: 0-1
Win rate: 4.17%, Loss rate: 89.79%, Draw rate: 6.04%
P: -6.00, N: -4.26, B: -4.78, R: -9.72, Q: -2.92, K: 0.61, M: 25.00
Game finished: 0-1
Win rate: 4.16%, Loss rate: 89.80%, Draw rate: 6.04%
P: -6.12, N: -4.72, B: -5.44, R: -9.99, Q: -3.05, K: 0.61, M: 25.00
Game finished: 0-1
Win rate: 4.16%, Loss rate: 89.81%, Draw rate: 6.03%
P: -5.33, N: -4.65, B: -4.95, R: -9.83, Q: -3.04, K: 0.61, M: 25.00
Game finished: 0-1
Win rate: 4.15%, Loss rate: 89.82%, Draw rate: 6.02%
P: -5.30, N: -4.44, B: -4.90, R: -9.77, Q: -3.24, K: 0.61, M: 25.00
Game finished: 0-1
Win rate: 4.15%, Loss rate: 89.83%, Draw rate: 6.02%
P: -5.85, N: -3.63, B: -4.38, R: -9.29, Q: -4.02, K: 0.61, M: 25.00
Game finished: 0-1
Win rate: 4.15%, Loss rate: 89.84%, Draw rate: 6.01%
P: -5.55, N: -4.24, B: -4.16, R: -9.41, Q: -4.09, K: 0.61, M: 25.00
Game finished: 0-1
Win rate: 4.14%, Loss rate: 89.86%, Draw rate: 6.00%
P: -6.21, N: -4.23, B: -4.36, R: -9.71, Q: -4.09, K: 0.61, M: 25.00
Game finished: 0-1
Win rate: 4.14%, Loss rate: 89.87%, Draw rate: 6.00%
P: -5.92, N: -4.34, B: -4.56, R: -9.74, Q: -4.26, K: 0.61, M: 25.00
Game finished: 0-1
Win rate: 4.13%, Loss rate: 89.88%, Draw rate: 5.99%
P: -6.48, N: -3.92, B: -4.37, R: -9.25, Q: -4.95, K: 0.61, M: 25.00
Game finished: 0-1
Win rate: 4.13%, Loss rate: 89.89%, Draw rate: 5.99%
P: -6.91, N: -4.05, B: -4.37, R: -9.36, Q: -5.15, K: 0.61, M: 25.00
Game finished: 1/2-1/2
Win rate: 4.12%, Loss rate: 89.79%, Draw rate: 6.08%
P: -5.47, N: -4.77, B: -4.90, R: -9.26, Q: -5.17, K: 0.61, M: 25.00
Game finished: 0-1
Win rate: 4.12%, Loss rate: 89.80%, Draw rate: 6.08%
P: -5.56, N: -4.55, B: -4.49, R: -9.13, Q: -5.17, K: 0.61, M: 25.00
Game finished: 0-1
Win rate: 4.12%, Loss rate: 89.81%, Draw rate: 6.07%
P: -5.70, N: -4.78, B: -4.57, R: -8.98, Q: -5.03, K: 0.61, M: 25.00
Game finished: 0-1
Win rate: 4.11%, Loss rate: 89.83%, Draw rate: 6.06%
P: -6.20, N: -4.39, B: -4.30, R: -8.93, Q: -4.89, K: 0.61, M: 25.00
Game finished: 0-1
Win rate: 4.11%, Loss rate: 89.84%, Draw rate: 6.06%
P: -6.16, N: -4.44, B: -4.92, R: -8.87, Q: -4.54, K: 0.61, M: 25.00
Game finished: 1/2-1/2
Win rate: 4.10%, Loss rate: 89.74%, Draw rate: 6.15%
P: -6.20, N: -4.36, B: -5.10, R: -9.05, Q: -4.54, K: 0.61, M: 25.00
Game finished: 0-1
Win rate: 4.10%, Loss rate: 89.75%, Draw rate: 6.15%
P: -6.58, N: -4.31, B: -4.75, R: -8.24, Q: -3.89, K: 0.61, M: 25.00
Game finished: 0-1
Win rate: 4.09%, Loss rate: 89.76%, Draw rate: 6.14%
P: -6.11, N: -3.63, B: -3.79, R: -7.09, Q: -4.01, K: 0.61, M: 25.00
Game finished: 0-1
Win rate: 4.09%, Loss rate: 89.78%, Draw rate: 6.13%
P: -6.43, N: -3.64, B: -3.87, R: -7.35, Q: -4.05, K: 0.61, M: 25.00
Game finished: 0-1
Win rate: 4.09%, Loss rate: 89.79%, Draw rate: 6.13%
P: -6.10, N: -3.40, B: -3.14, R: -6.88, Q: -3.15, K: 0.61, M: 25.00
Game finished: 0-1
Win rate: 4.08%, Loss rate: 89.80%, Draw rate: 6.12%
P: -8.23, N: -3.75, B: -3.60, R: -7.78, Q: -3.69, K: 0.61, M: 25.00
Game finished: 0-1
Win rate: 4.08%, Loss rate: 89.81%, Draw rate: 6.12%
P: -6.80, N: -3.77, B: -2.90, R: -6.87, Q: -3.50, K: 0.61, M: 25.00
Game finished: 0-1
Win rate: 4.07%, Loss rate: 89.82%, Draw rate: 6.11%
P: -6.57, N: -3.60, B: -2.76, R: -6.69, Q: -3.45, K: 0.61, M: 25.00
Game finished: 0-1
Win rate: 4.07%, Loss rate: 89.83%, Draw rate: 6.10%
P: -7.28, N: -3.83, B: -3.59, R: -7.34, Q: -3.70, K: 0.61, M: 25.00
Game finished: 0-1
Win rate: 4.07%, Loss rate: 89.84%, Draw rate: 6.10%
P: -6.90, N: -4.00, B: -3.05, R: -7.15, Q: -3.62, K: 0.61, M: 25.00
Game finished: 1-0
Win rate: 4.16%, Loss rate: 89.75%, Draw rate: 6.09%
P: -7.40, N: -3.73, B: -2.77, R: -7.22, Q: -3.55, K: 0.61, M: 25.00
Game finished: 0-1
Win rate: 4.16%, Loss rate: 89.76%, Draw rate: 6.09%
P: -7.71, N: -3.71, B: -2.76, R: -7.37, Q: -3.64, K: 0.61, M: 25.00
Game finished: 0-1
Win rate: 4.15%, Loss rate: 89.77%, Draw rate: 6.08%
P: -7.89, N: -3.39, B: -2.82, R: -7.39, Q: -3.46, K: 0.61, M: 25.00
Game finished: 0-1
Win rate: 4.15%, Loss rate: 89.78%, Draw rate: 6.07%
P: -6.75, N: -3.59, B: -2.80, R: -6.95, Q: -3.69, K: 0.61, M: 25.00
Game finished: 0-1
Win rate: 4.15%, Loss rate: 89.79%, Draw rate: 6.07%
P: -7.21, N: -3.19, B: -2.43, R: -7.18, Q: -3.78, K: 0.61, M: 25.00
Game finished: 0-1
Win rate: 4.14%, Loss rate: 89.80%, Draw rate: 6.06%
P: -7.79, N: -3.24, B: -3.45, R: -7.88, Q: -4.01, K: 0.61, M: 25.00
Game finished: 0-1
Win rate: 4.14%, Loss rate: 89.81%, Draw rate: 6.05%
P: -8.12, N: -3.08, B: -3.28, R: -8.07, Q: -3.93, K: 0.61, M: 25.00
Game finished: 0-1
Win rate: 4.13%, Loss rate: 89.82%, Draw rate: 6.05%
P: -8.30, N: -3.34, B: -3.44, R: -8.33, Q: -3.80, K: 0.61, M: 25.00
Game finished: 0-1
Win rate: 4.13%, Loss rate: 89.83%, Draw rate: 6.04%
P: -8.36, N: -4.04, B: -3.68, R: -9.10, Q: -3.89, K: 0.61, M: 25.00
Game finished: 0-1
Win rate: 4.12%, Loss rate: 89.84%, Draw rate: 6.04%
P: -8.75, N: -4.20, B: -4.27, R: -9.47, Q: -3.89, K: 0.61, M: 25.00
Game finished: 0-1
Win rate: 4.12%, Loss rate: 89.85%, Draw rate: 6.03%
P: -6.78, N: -3.67, B: -3.65, R: -8.60, Q: -3.65, K: 0.61, M: 25.00
Game finished: 0-1
Win rate: 4.12%, Loss rate: 89.86%, Draw rate: 6.02%
P: -7.21, N: -3.19, B: -2.92, R: -8.31, Q: -3.63, K: 0.61, M: 25.00
Game finished: 0-1
Win rate: 4.11%, Loss rate: 89.87%, Draw rate: 6.02%
P: -7.41, N: -3.12, B: -2.99, R: -8.67, Q: -3.41, K: 0.61, M: 25.00
Game finished: 0-1
Win rate: 4.11%, Loss rate: 89.88%, Draw rate: 6.01%
P: -7.58, N: -3.23, B: -3.36, R: -8.69, Q: -3.37, K: 0.61, M: 25.00
Game finished: 0-1
Win rate: 4.10%, Loss rate: 89.89%, Draw rate: 6.01%
P: -7.50, N: -3.33, B: -1.64, R: -7.60, Q: -2.10, K: 0.61, M: 25.00
Game finished: 0-1
Win rate: 4.10%, Loss rate: 89.90%, Draw rate: 6.00%
Epsilon: 0.0947
Results saved to mf2_results/results.csv
Epsilon history saved to mf2_epsilon/epsilon.csv
Elapsed time: 0:06:36
P: -7.73, N: -3.29, B: -1.84, R: -7.82, Q: -1.97, K: 0.61, M: 25.00
Game finished: 0-1
Win rate: 4.10%, Loss rate: 89.91%, Draw rate: 5.99%
P: -7.45, N: -3.94, B: -1.91, R: -7.50, Q: -2.24, K: 0.61, M: 25.00
Game finished: 0-1
Win rate: 4.09%, Loss rate: 89.92%, Draw rate: 5.99%
P: -6.80, N: -3.90, B: -1.68, R: -7.61, Q: -2.37, K: 0.61, M: 25.00
Game finished: 0-1
Win rate: 4.09%, Loss rate: 89.93%, Draw rate: 5.98%
P: -7.47, N: -4.37, B: -2.22, R: -7.64, Q: -3.09, K: 0.61, M: 25.00
Game finished: 0-1
Win rate: 4.08%, Loss rate: 89.94%, Draw rate: 5.98%
P: -7.77, N: -4.40, B: -1.89, R: -7.67, Q: -3.07, K: 0.61, M: 25.00
Game finished: 0-1
Win rate: 4.08%, Loss rate: 89.95%, Draw rate: 5.97%
P: -7.89, N: -4.63, B: -1.91, R: -7.89, Q: -3.18, K: 0.61, M: 25.00
Game finished: 0-1
Win rate: 4.08%, Loss rate: 89.96%, Draw rate: 5.96%
P: -7.68, N: -4.29, B: -1.85, R: -7.73, Q: -3.04, K: 0.61, M: 25.00
Game finished: 1-0
Win rate: 4.17%, Loss rate: 89.87%, Draw rate: 5.96%
P: -9.14, N: -4.52, B: -2.49, R: -8.41, Q: -3.23, K: 0.61, M: 25.00
Game finished: 0-1
Win rate: 4.17%, Loss rate: 89.88%, Draw rate: 5.95%
P: -9.09, N: -4.23, B: -2.53, R: -8.51, Q: -3.32, K: 0.61, M: 25.00
Game finished: 0-1
Win rate: 4.16%, Loss rate: 89.89%, Draw rate: 5.95%
P: -9.04, N: -4.04, B: -2.26, R: -8.68, Q: -3.53, K: 0.61, M: 25.00
Game finished: 0-1
Win rate: 4.16%, Loss rate: 89.90%, Draw rate: 5.94%
P: -9.17, N: -4.22, B: -2.89, R: -9.27, Q: -3.57, K: 0.61, M: 25.00
Game finished: 0-1
Win rate: 4.15%, Loss rate: 89.91%, Draw rate: 5.93%
P: -8.17, N: -4.20, B: -2.50, R: -9.26, Q: -3.26, K: 0.61, M: 25.00
Game finished: 0-1
Win rate: 4.15%, Loss rate: 89.92%, Draw rate: 5.93%
P: -8.85, N: -4.78, B: -2.98, R: -10.19, Q: -3.62, K: 0.61, M: 25.00
Game finished: 0-1
Win rate: 4.15%, Loss rate: 89.93%, Draw rate: 5.92%
P: -8.55, N: -4.81, B: -2.87, R: -10.06, Q: -3.38, K: 0.61, M: 25.00
Game finished: 0-1
Win rate: 4.14%, Loss rate: 89.94%, Draw rate: 5.92%
P: -8.65, N: -4.91, B: -2.30, R: -10.15, Q: -3.44, K: 0.61, M: 25.00
Game finished: 0-1
Win rate: 4.14%, Loss rate: 89.95%, Draw rate: 5.91%
P: -9.14, N: -4.72, B: -2.39, R: -10.57, Q: -3.46, K: 0.61, M: 25.00
Game finished: 0-1
Win rate: 4.13%, Loss rate: 89.96%, Draw rate: 5.91%
P: -9.62, N: -4.78, B: -2.91, R: -10.92, Q: -3.67, K: 0.61, M: 25.00
Game finished: 0-1
Win rate: 4.13%, Loss rate: 89.97%, Draw rate: 5.90%
P: -7.80, N: -4.97, B: -2.85, R: -10.72, Q: -3.62, K: 0.61, M: 25.00
Game finished: 0-1
Win rate: 4.13%, Loss rate: 89.98%, Draw rate: 5.89%
P: -6.50, N: -4.73, B: -2.27, R: -10.13, Q: -3.66, K: 0.61, M: 25.00
Game finished: 0-1
Win rate: 4.12%, Loss rate: 89.99%, Draw rate: 5.89%
P: -8.13, N: -4.80, B: -2.79, R: -11.26, Q: -4.85, K: 0.61, M: 25.00
Game finished: 1/2-1/2
Win rate: 4.12%, Loss rate: 89.90%, Draw rate: 5.98%
P: -7.46, N: -5.13, B: -2.66, R: -11.04, Q: -4.50, K: 0.61, M: 25.00
Game finished: 0-1
Win rate: 4.11%, Loss rate: 89.91%, Draw rate: 5.97%
P: -6.85, N: -4.99, B: -2.56, R: -11.04, Q: -4.23, K: 0.61, M: 25.00
Game finished: 0-1
Win rate: 4.11%, Loss rate: 89.92%, Draw rate: 5.97%
P: -5.25, N: -4.79, B: -1.95, R: -10.51, Q: -3.92, K: 0.61, M: 25.00
Game finished: 1-0
Win rate: 4.20%, Loss rate: 89.83%, Draw rate: 5.96%
P: -5.53, N: -4.75, B: -1.81, R: -10.52, Q: -3.74, K: 0.61, M: 25.00
Game finished: 0-1
Win rate: 4.20%, Loss rate: 89.84%, Draw rate: 5.96%
P: -7.06, N: -5.27, B: -2.43, R: -11.23, Q: -4.12, K: 0.61, M: 25.00
Game finished: 0-1
Win rate: 4.20%, Loss rate: 89.85%, Draw rate: 5.95%
P: -6.42, N: -5.14, B: -2.44, R: -10.81, Q: -3.70, K: 0.61, M: 25.00
Game finished: 0-1
Win rate: 4.19%, Loss rate: 89.86%, Draw rate: 5.95%
P: -6.07, N: -5.20, B: -2.53, R: -11.00, Q: -3.87, K: 0.61, M: 25.00
Game finished: 0-1
Win rate: 4.19%, Loss rate: 89.87%, Draw rate: 5.94%
P: -6.15, N: -5.26, B: -2.84, R: -11.02, Q: -3.76, K: 0.61, M: 25.00
Game finished: 1-0
Win rate: 4.28%, Loss rate: 89.79%, Draw rate: 5.93%
P: -5.41, N: -5.92, B: -2.80, R: -11.08, Q: -4.06, K: 0.61, M: 25.00
Game finished: 1-0
Win rate: 4.37%, Loss rate: 89.70%, Draw rate: 5.93%
P: -4.83, N: -6.12, B: -2.53, R: -10.66, Q: -3.50, K: 0.61, M: 25.00
Game finished: 0-1
Win rate: 4.37%, Loss rate: 89.71%, Draw rate: 5.92%
P: -5.46, N: -6.30, B: -2.48, R: -10.97, Q: -3.47, K: 0.61, M: 25.00
Game finished: 0-1
Win rate: 4.36%, Loss rate: 89.72%, Draw rate: 5.92%
P: -5.40, N: -5.72, B: -1.99, R: -10.35, Q: -3.57, K: 0.61, M: 25.00
Game finished: 0-1
Win rate: 4.36%, Loss rate: 89.73%, Draw rate: 5.91%
P: -6.15, N: -5.50, B: -2.03, R: -10.72, Q: -3.72, K: 0.61, M: 25.00
Game finished: 0-1
Win rate: 4.36%, Loss rate: 89.74%, Draw rate: 5.91%
P: -6.07, N: -5.58, B: -1.97, R: -10.56, Q: -3.88, K: 0.61, M: 25.00
Game finished: 0-1
Win rate: 4.35%, Loss rate: 89.75%, Draw rate: 5.90%
P: -5.70, N: -5.46, B: -1.84, R: -10.50, Q: -4.19, K: 0.61, M: 25.00
Game finished: 0-1
Win rate: 4.35%, Loss rate: 89.76%, Draw rate: 5.89%
P: -5.29, N: -5.85, B: -2.04, R: -10.96, Q: -4.20, K: 0.61, M: 25.00
Game finished: 0-1
Win rate: 4.34%, Loss rate: 89.77%, Draw rate: 5.89%
P: -5.68, N: -5.74, B: -2.15, R: -10.80, Q: -4.08, K: 0.61, M: 25.00
Game finished: 0-1
Win rate: 4.34%, Loss rate: 89.78%, Draw rate: 5.88%
P: -5.84, N: -5.70, B: -2.37, R: -11.03, Q: -4.40, K: 0.61, M: 25.00
Game finished: 0-1
Win rate: 4.34%, Loss rate: 89.79%, Draw rate: 5.88%
P: -6.13, N: -5.90, B: -2.39, R: -11.20, Q: -4.47, K: 0.61, M: 25.00
Game finished: 0-1
Win rate: 4.33%, Loss rate: 89.80%, Draw rate: 5.87%
P: -6.52, N: -5.84, B: -2.44, R: -11.44, Q: -4.81, K: 0.61, M: 25.00
Game finished: 0-1
Win rate: 4.33%, Loss rate: 89.81%, Draw rate: 5.87%
P: -6.03, N: -5.81, B: -2.26, R: -11.28, Q: -4.50, K: 0.61, M: 25.00
Game finished: 0-1
Win rate: 4.32%, Loss rate: 89.82%, Draw rate: 5.86%
P: -6.79, N: -5.76, B: -2.26, R: -11.51, Q: -4.43, K: 0.61, M: 25.00
Game finished: 0-1
Win rate: 4.32%, Loss rate: 89.83%, Draw rate: 5.85%
P: -7.13, N: -5.91, B: -2.44, R: -11.53, Q: -4.30, K: 0.61, M: 25.00
Game finished: 0-1
Win rate: 4.31%, Loss rate: 89.84%, Draw rate: 5.85%
P: -7.12, N: -5.85, B: -2.78, R: -11.62, Q: -4.30, K: 0.61, M: 25.00
Game finished: 0-1
Win rate: 4.31%, Loss rate: 89.85%, Draw rate: 5.84%
P: -5.26, N: -6.11, B: -2.97, R: -11.20, Q: -4.33, K: 0.61, M: 25.00
Game finished: 0-1
Win rate: 4.31%, Loss rate: 89.86%, Draw rate: 5.84%
P: -6.02, N: -6.23, B: -3.17, R: -11.51, Q: -4.65, K: 0.61, M: 25.00
Game finished: 0-1
Win rate: 4.30%, Loss rate: 89.87%, Draw rate: 5.83%
P: -7.07, N: -5.35, B: -2.83, R: -10.95, Q: -4.40, K: 0.61, M: 25.00
Game finished: 0-1
Win rate: 4.30%, Loss rate: 89.88%, Draw rate: 5.83%
P: -6.58, N: -5.52, B: -2.52, R: -10.83, Q: -4.42, K: 0.61, M: 25.00
Game finished: 1-0
Win rate: 4.39%, Loss rate: 89.79%, Draw rate: 5.82%
P: -8.04, N: -6.20, B: -3.66, R: -11.74, Q: -4.08, K: 0.61, M: 25.00
Game finished: 0-1
Win rate: 4.39%, Loss rate: 89.80%, Draw rate: 5.82%
P: -6.55, N: -4.20, B: -3.80, R: -10.20, Q: -3.23, K: 0.61, M: 25.00
Game finished: 0-1
Win rate: 4.38%, Loss rate: 89.81%, Draw rate: 5.81%
P: -6.79, N: -3.99, B: -3.51, R: -9.98, Q: -3.16, K: 0.61, M: 25.00
Game finished: 0-1
Win rate: 4.38%, Loss rate: 89.82%, Draw rate: 5.80%
P: -8.00, N: -4.42, B: -4.09, R: -10.46, Q: -3.33, K: 0.61, M: 25.00
Game finished: 0-1
Win rate: 4.37%, Loss rate: 89.83%, Draw rate: 5.80%
P: -7.38, N: -4.28, B: -4.21, R: -9.85, Q: -3.23, K: 0.61, M: 25.00
Game finished: 0-1
Win rate: 4.37%, Loss rate: 89.84%, Draw rate: 5.79%
P: -6.47, N: -4.09, B: -3.55, R: -9.17, Q: -3.17, K: 0.61, M: 25.00
Game finished: 0-1
Win rate: 4.36%, Loss rate: 89.85%, Draw rate: 5.79%
P: -6.01, N: -3.88, B: -3.09, R: -9.03, Q: -3.01, K: 0.61, M: 25.00
Game finished: 0-1
Win rate: 4.36%, Loss rate: 89.86%, Draw rate: 5.78%
P: -6.11, N: -3.48, B: -3.20, R: -8.66, Q: -2.49, K: 0.61, M: 25.00
Game finished: 0-1
Win rate: 4.36%, Loss rate: 89.87%, Draw rate: 5.78%
P: -7.95, N: -3.80, B: -3.13, R: -9.14, Q: -2.94, K: 0.61, M: 25.00
Game finished: 0-1
Win rate: 4.35%, Loss rate: 89.88%, Draw rate: 5.77%
P: -6.04, N: -4.01, B: -2.69, R: -8.52, Q: -2.43, K: 0.61, M: 25.00
Game finished: 0-1
Win rate: 4.35%, Loss rate: 89.89%, Draw rate: 5.77%
P: -6.14, N: -4.13, B: -2.67, R: -8.37, Q: -2.39, K: 0.61, M: 25.00
Game finished: 0-1
Win rate: 4.34%, Loss rate: 89.90%, Draw rate: 5.76%
P: -6.92, N: -4.40, B: -2.38, R: -8.28, Q: -2.35, K: 0.61, M: 25.00
Game finished: 0-1
Win rate: 4.34%, Loss rate: 89.91%, Draw rate: 5.75%
P: -7.51, N: -4.57, B: -2.76, R: -8.53, Q: -2.40, K: 0.61, M: 25.00
Game finished: 0-1
Win rate: 4.34%, Loss rate: 89.92%, Draw rate: 5.75%
P: -8.11, N: -4.20, B: -3.26, R: -8.46, Q: -2.09, K: 0.61, M: 25.00
Game finished: 0-1
Win rate: 4.33%, Loss rate: 89.92%, Draw rate: 5.74%
P: -8.70, N: -4.24, B: -3.53, R: -8.70, Q: -2.14, K: 0.61, M: 25.00
Game finished: 1/2-1/2
Win rate: 4.33%, Loss rate: 89.84%, Draw rate: 5.83%
P: -8.40, N: -4.45, B: -3.62, R: -8.49, Q: -2.11, K: 0.61, M: 25.00
Game finished: 0-1
Win rate: 4.32%, Loss rate: 89.85%, Draw rate: 5.83%
P: -8.19, N: -4.74, B: -4.25, R: -8.58, Q: -2.24, K: 0.61, M: 25.00
Game finished: 0-1
Win rate: 4.32%, Loss rate: 89.86%, Draw rate: 5.82%
P: -8.23, N: -5.16, B: -4.98, R: -8.83, Q: -2.31, K: 0.61, M: 25.00
Game finished: 0-1
Win rate: 4.32%, Loss rate: 89.87%, Draw rate: 5.82%
P: -7.97, N: -4.88, B: -4.67, R: -8.49, Q: -2.29, K: 0.61, M: 25.00
Game finished: 0-1
Win rate: 4.31%, Loss rate: 89.88%, Draw rate: 5.81%
P: -8.00, N: -4.96, B: -4.06, R: -8.24, Q: -2.60, K: 0.61, M: 25.00
Game finished: 0-1
Win rate: 4.31%, Loss rate: 89.89%, Draw rate: 5.81%
P: -7.28, N: -5.27, B: -4.06, R: -8.13, Q: -2.49, K: 0.61, M: 25.00
Game finished: 0-1
Win rate: 4.30%, Loss rate: 89.90%, Draw rate: 5.80%
P: -5.66, N: -5.00, B: -3.00, R: -7.09, Q: -2.34, K: 0.61, M: 25.00
Game finished: 0-1
Win rate: 4.30%, Loss rate: 89.91%, Draw rate: 5.79%
P: -6.78, N: -5.01, B: -3.50, R: -7.57, Q: -2.47, K: 0.61, M: 25.00
Game finished: 0-1
Win rate: 4.30%, Loss rate: 89.92%, Draw rate: 5.79%
P: -6.59, N: -4.97, B: -2.84, R: -7.58, Q: -2.46, K: 0.61, M: 25.00
Game finished: 0-1
Win rate: 4.29%, Loss rate: 89.93%, Draw rate: 5.78%
P: -6.17, N: -4.58, B: -2.56, R: -7.27, Q: -2.19, K: 0.61, M: 25.00
Game finished: 0-1
Win rate: 4.29%, Loss rate: 89.93%, Draw rate: 5.78%
P: -7.59, N: -3.92, B: -2.67, R: -7.36, Q: -2.68, K: 0.61, M: 25.00
Game finished: 1-0
Win rate: 4.38%, Loss rate: 89.85%, Draw rate: 5.77%
P: -7.40, N: -3.75, B: -2.32, R: -7.11, Q: -2.76, K: 0.61, M: 25.00
Game finished: 0-1
Win rate: 4.37%, Loss rate: 89.86%, Draw rate: 5.77%
P: -8.92, N: -4.55, B: -3.70, R: -8.04, Q: -3.60, K: 0.61, M: 25.00
Game finished: 0-1
Win rate: 4.37%, Loss rate: 89.87%, Draw rate: 5.76%
P: -10.15, N: -4.22, B: -3.44, R: -8.16, Q: -3.69, K: 0.61, M: 25.00
Game finished: 0-1
Win rate: 4.36%, Loss rate: 89.88%, Draw rate: 5.76%
P: -9.38, N: -4.15, B: -3.46, R: -8.17, Q: -3.77, K: 0.61, M: 25.00
Game finished: 0-1
Win rate: 4.36%, Loss rate: 89.89%, Draw rate: 5.75%
P: -8.56, N: -4.29, B: -3.00, R: -8.07, Q: -4.05, K: 0.61, M: 25.00
Game finished: 0-1
Win rate: 4.36%, Loss rate: 89.90%, Draw rate: 5.75%
P: -7.77, N: -4.31, B: -2.70, R: -8.12, Q: -4.24, K: 0.61, M: 25.00
Game finished: 0-1
Win rate: 4.35%, Loss rate: 89.91%, Draw rate: 5.74%
P: -7.82, N: -4.15, B: -2.50, R: -7.98, Q: -4.04, K: 0.61, M: 25.00
Game finished: 1/2-1/2
Win rate: 4.35%, Loss rate: 89.82%, Draw rate: 5.83%
P: -7.78, N: -4.29, B: -2.21, R: -7.73, Q: -3.77, K: 0.61, M: 25.00
Game finished: 0-1
Win rate: 4.34%, Loss rate: 89.83%, Draw rate: 5.82%
P: -8.90, N: -4.61, B: -2.94, R: -8.23, Q: -3.78, K: 0.61, M: 25.00
Game finished: 0-1
Win rate: 4.34%, Loss rate: 89.84%, Draw rate: 5.82%
P: -8.26, N: -4.09, B: -2.19, R: -7.30, Q: -3.17, K: 0.61, M: 25.00
Game finished: 0-1
Win rate: 4.34%, Loss rate: 89.85%, Draw rate: 5.81%
P: -9.59, N: -4.10, B: -2.16, R: -7.55, Q: -3.14, K: 0.61, M: 25.00
Game finished: 0-1
Win rate: 4.33%, Loss rate: 89.86%, Draw rate: 5.81%
P: -8.31, N: -3.47, B: -1.11, R: -7.28, Q: -3.27, K: 0.61, M: 25.00
Game finished: 1-0
Win rate: 4.42%, Loss rate: 89.78%, Draw rate: 5.80%
P: -9.47, N: -3.49, B: -1.54, R: -8.28, Q: -4.35, K: 0.61, M: 25.00
Game finished: 0-1
Win rate: 4.42%, Loss rate: 89.79%, Draw rate: 5.80%
P: -7.78, N: -3.69, B: -1.22, R: -7.78, Q: -4.00, K: 0.61, M: 25.00
Game finished: 0-1
Win rate: 4.41%, Loss rate: 89.80%, Draw rate: 5.79%
P: -8.57, N: -3.37, B: -1.60, R: -8.27, Q: -4.05, K: 0.61, M: 25.00
Game finished: 1-0
Win rate: 4.50%, Loss rate: 89.72%, Draw rate: 5.79%
P: -7.96, N: -3.61, B: -1.82, R: -8.56, Q: -3.94, K: 0.61, M: 25.00
Game finished: 1/2-1/2
Win rate: 4.50%, Loss rate: 89.63%, Draw rate: 5.87%
P: -7.58, N: -3.71, B: -1.82, R: -8.50, Q: -3.95, K: 0.61, M: 25.00
Game finished: 0-1
Win rate: 4.49%, Loss rate: 89.64%, Draw rate: 5.87%
P: -7.67, N: -3.40, B: -1.52, R: -7.86, Q: -3.61, K: 0.61, M: 25.00
Game finished: 0-1
Win rate: 4.49%, Loss rate: 89.65%, Draw rate: 5.86%
P: -8.05, N: -3.31, B: -1.59, R: -7.85, Q: -3.41, K: 0.61, M: 25.00
Game finished: 0-1
Win rate: 4.48%, Loss rate: 89.66%, Draw rate: 5.86%
P: -8.20, N: -3.25, B: -1.64, R: -8.05, Q: -3.60, K: 0.61, M: 25.00
Game finished: 0-1
Win rate: 4.48%, Loss rate: 89.67%, Draw rate: 5.85%
P: -6.22, N: -2.61, B: -1.58, R: -7.73, Q: -3.34, K: 0.61, M: 25.00
Game finished: 0-1
Win rate: 4.47%, Loss rate: 89.68%, Draw rate: 5.84%
P: -6.45, N: -2.95, B: -1.81, R: -8.41, Q: -3.40, K: 0.61, M: 25.00
Game finished: 0-1
Win rate: 4.47%, Loss rate: 89.69%, Draw rate: 5.84%
P: -6.67, N: -3.61, B: -2.36, R: -8.69, Q: -3.86, K: 0.61, M: 25.00
Game finished: 0-1
Win rate: 4.47%, Loss rate: 89.70%, Draw rate: 5.83%
P: -6.69, N: -3.80, B: -2.48, R: -9.04, Q: -3.71, K: 0.61, M: 25.00
Game finished: 0-1
Win rate: 4.46%, Loss rate: 89.71%, Draw rate: 5.83%
P: -6.52, N: -4.05, B: -2.39, R: -9.07, Q: -3.68, K: 0.61, M: 25.00
Game finished: 0-1
Win rate: 4.46%, Loss rate: 89.72%, Draw rate: 5.82%
P: -7.54, N: -4.11, B: -2.64, R: -9.50, Q: -3.68, K: 0.61, M: 25.00
Game finished: 0-1
Win rate: 4.45%, Loss rate: 89.73%, Draw rate: 5.82%
Epsilon: 0.0947
Results saved to mf2_results/results.csv
Epsilon history saved to mf2_epsilon/epsilon.csv
Elapsed time: 0:07:09
P: -7.83, N: -4.30, B: -2.87, R: -9.66, Q: -3.65, K: 0.61, M: 25.00
Game finished: 0-1
Win rate: 4.45%, Loss rate: 89.74%, Draw rate: 5.81%
P: -6.40, N: -4.50, B: -2.20, R: -9.11, Q: -3.00, K: 0.61, M: 25.00
Game finished: 0-1
Win rate: 4.45%, Loss rate: 89.75%, Draw rate: 5.81%
P: -6.56, N: -4.79, B: -2.33, R: -9.48, Q: -3.34, K: 0.61, M: 25.00
Game finished: 0-1
Win rate: 4.44%, Loss rate: 89.76%, Draw rate: 5.80%
P: -6.80, N: -4.16, B: -1.88, R: -9.50, Q: -3.35, K: 0.61, M: 25.00
Game finished: 0-1
Win rate: 4.44%, Loss rate: 89.76%, Draw rate: 5.80%
P: -5.60, N: -4.24, B: -1.60, R: -9.42, Q: -3.49, K: 0.61, M: 25.00
Game finished: 0-1
Win rate: 4.43%, Loss rate: 89.77%, Draw rate: 5.79%
P: -5.65, N: -4.03, B: -1.63, R: -9.24, Q: -3.43, K: 0.61, M: 25.00
Game finished: 0-1
Win rate: 4.43%, Loss rate: 89.78%, Draw rate: 5.79%
P: -5.42, N: -3.92, B: -1.70, R: -9.28, Q: -3.17, K: 0.61, M: 25.00
Game finished: 0-1
Win rate: 4.43%, Loss rate: 89.79%, Draw rate: 5.78%
P: -7.58, N: -4.09, B: -2.01, R: -9.78, Q: -3.31, K: 0.61, M: 25.00
Game finished: 0-1
Win rate: 4.42%, Loss rate: 89.80%, Draw rate: 5.78%
P: -8.81, N: -4.74, B: -2.51, R: -9.77, Q: -3.67, K: 0.61, M: 25.00
Game finished: 0-1
Win rate: 4.42%, Loss rate: 89.81%, Draw rate: 5.77%
P: -9.13, N: -4.71, B: -2.89, R: -9.91, Q: -3.59, K: 0.61, M: 25.00
Game finished: 0-1
Win rate: 4.41%, Loss rate: 89.82%, Draw rate: 5.77%
P: -7.71, N: -5.45, B: -2.69, R: -9.64, Q: -3.62, K: 0.61, M: 25.00
Game finished: 0-1
Win rate: 4.41%, Loss rate: 89.83%, Draw rate: 5.76%
P: -7.98, N: -6.25, B: -2.94, R: -10.02, Q: -3.43, K: 0.61, M: 25.00
Game finished: 0-1
Win rate: 4.41%, Loss rate: 89.84%, Draw rate: 5.76%
P: -9.10, N: -6.06, B: -3.36, R: -10.28, Q: -3.40, K: 0.61, M: 25.00
Game finished: 0-1
Win rate: 4.40%, Loss rate: 89.85%, Draw rate: 5.75%
P: -8.50, N: -6.09, B: -3.19, R: -10.16, Q: -3.23, K: 0.61, M: 25.00
Game finished: 0-1
Win rate: 4.40%, Loss rate: 89.86%, Draw rate: 5.75%
P: -7.46, N: -5.36, B: -2.77, R: -8.99, Q: -2.67, K: 0.61, M: 25.00
Game finished: 0-1
Win rate: 4.39%, Loss rate: 89.87%, Draw rate: 5.74%
P: -7.44, N: -5.38, B: -2.94, R: -9.38, Q: -2.50, K: 0.61, M: 25.00
Game finished: 0-1
Win rate: 4.39%, Loss rate: 89.87%, Draw rate: 5.73%
P: -6.94, N: -5.51, B: -2.62, R: -9.58, Q: -2.55, K: 0.61, M: 25.00
Game finished: 0-1
Win rate: 4.39%, Loss rate: 89.88%, Draw rate: 5.73%
P: -5.07, N: -4.90, B: -1.95, R: -8.80, Q: -2.27, K: 0.61, M: 25.00
Game finished: 0-1
Win rate: 4.38%, Loss rate: 89.89%, Draw rate: 5.72%
P: -4.93, N: -5.20, B: -2.06, R: -8.93, Q: -2.44, K: 0.61, M: 25.00
Game finished: 1-0
Win rate: 4.47%, Loss rate: 89.81%, Draw rate: 5.72%
P: -4.76, N: -5.45, B: -1.72, R: -9.26, Q: -2.48, K: 0.61, M: 25.00
Game finished: 0-1
Win rate: 4.46%, Loss rate: 89.82%, Draw rate: 5.71%
P: -5.99, N: -5.44, B: -1.97, R: -9.61, Q: -2.54, K: 0.61, M: 25.00
Game finished: 0-1
Win rate: 4.46%, Loss rate: 89.83%, Draw rate: 5.71%
P: -6.03, N: -5.04, B: -1.62, R: -9.25, Q: -2.96, K: 0.61, M: 25.00
Game finished: 0-1
Win rate: 4.46%, Loss rate: 89.84%, Draw rate: 5.70%
P: -5.96, N: -5.09, B: -1.77, R: -9.54, Q: -3.04, K: 0.61, M: 25.00
Game finished: 0-1
Win rate: 4.45%, Loss rate: 89.85%, Draw rate: 5.70%
P: -7.14, N: -4.95, B: -2.20, R: -9.77, Q: -3.06, K: 0.61, M: 25.00
Game finished: 0-1
Win rate: 4.45%, Loss rate: 89.86%, Draw rate: 5.69%
P: -8.02, N: -4.99, B: -2.25, R: -10.01, Q: -2.91, K: 0.61, M: 25.00
Game finished: 0-1
Win rate: 4.44%, Loss rate: 89.87%, Draw rate: 5.69%
P: -8.06, N: -5.40, B: -2.59, R: -10.37, Q: -2.89, K: 0.61, M: 25.00
Game finished: 0-1
Win rate: 4.44%, Loss rate: 89.88%, Draw rate: 5.68%
P: -9.37, N: -6.02, B: -3.56, R: -11.22, Q: -3.49, K: 0.61, M: 25.00
Game finished: 0-1
Win rate: 4.44%, Loss rate: 89.88%, Draw rate: 5.68%
P: -6.40, N: -5.30, B: -2.96, R: -10.76, Q: -3.15, K: 0.61, M: 25.00
Game finished: 0-1
Win rate: 4.43%, Loss rate: 89.89%, Draw rate: 5.67%
P: -6.57, N: -5.21, B: -3.16, R: -11.03, Q: -3.14, K: 0.61, M: 25.00
Game finished: 0-1
Win rate: 4.43%, Loss rate: 89.90%, Draw rate: 5.67%
P: -4.98, N: -4.86, B: -2.70, R: -10.51, Q: -2.86, K: 0.61, M: 25.00
Game finished: 1/2-1/2
Win rate: 4.42%, Loss rate: 89.82%, Draw rate: 5.75%
P: -6.78, N: -5.12, B: -3.27, R: -11.61, Q: -3.06, K: 0.61, M: 25.00
Game finished: 0-1
Win rate: 4.42%, Loss rate: 89.83%, Draw rate: 5.75%
P: -5.77, N: -4.75, B: -3.11, R: -10.91, Q: -3.00, K: 0.61, M: 25.00
Game finished: 0-1
Win rate: 4.42%, Loss rate: 89.84%, Draw rate: 5.74%
P: -7.00, N: -4.53, B: -3.50, R: -11.33, Q: -3.26, K: 0.61, M: 25.00
Game finished: 0-1
Win rate: 4.41%, Loss rate: 89.85%, Draw rate: 5.74%
P: -6.66, N: -4.71, B: -2.78, R: -10.78, Q: -3.17, K: 0.61, M: 25.00
Game finished: 0-1
Win rate: 4.41%, Loss rate: 89.86%, Draw rate: 5.73%
P: -4.99, N: -3.98, B: -2.47, R: -11.14, Q: -2.58, K: 0.61, M: 25.00
Game finished: 0-1
Win rate: 4.41%, Loss rate: 89.87%, Draw rate: 5.73%
P: -6.90, N: -4.17, B: -2.58, R: -11.57, Q: -2.76, K: 0.61, M: 25.00
Game finished: 0-1
Win rate: 4.40%, Loss rate: 89.88%, Draw rate: 5.72%
P: -6.15, N: -3.50, B: -1.77, R: -10.70, Q: -2.81, K: 0.61, M: 25.00
Game finished: 0-1
Win rate: 4.40%, Loss rate: 89.89%, Draw rate: 5.72%
P: -6.25, N: -3.28, B: -2.21, R: -10.72, Q: -2.89, K: 0.61, M: 25.00
Game finished: 0-1
Win rate: 4.39%, Loss rate: 89.89%, Draw rate: 5.71%
P: -6.10, N: -3.47, B: -1.29, R: -10.22, Q: -2.58, K: 0.61, M: 25.00
Game finished: 0-1
Win rate: 4.39%, Loss rate: 89.90%, Draw rate: 5.71%
P: -7.03, N: -3.48, B: -1.26, R: -10.50, Q: -2.44, K: 0.61, M: 25.00
Game finished: 0-1
Win rate: 4.39%, Loss rate: 89.91%, Draw rate: 5.70%
P: -9.03, N: -4.13, B: -1.43, R: -10.78, Q: -3.72, K: 0.61, M: 25.00
Game finished: 1/2-1/2
Win rate: 4.38%, Loss rate: 89.83%, Draw rate: 5.78%
P: -6.62, N: -4.55, B: -2.02, R: -10.41, Q: -3.97, K: 0.61, M: 25.00
Game finished: 1/2-1/2
Win rate: 4.38%, Loss rate: 89.75%, Draw rate: 5.87%
P: -7.49, N: -4.80, B: -1.98, R: -10.68, Q: -4.03, K: 0.61, M: 25.00
Game finished: 0-1
Win rate: 4.37%, Loss rate: 89.76%, Draw rate: 5.86%
P: -6.65, N: -4.82, B: -1.82, R: -10.52, Q: -3.99, K: 0.61, M: 25.00
Game finished: 0-1
Win rate: 4.37%, Loss rate: 89.77%, Draw rate: 5.86%
P: -6.28, N: -5.40, B: -2.11, R: -10.82, Q: -4.15, K: 0.61, M: 25.00
Game finished: 0-1
Win rate: 4.37%, Loss rate: 89.78%, Draw rate: 5.85%
P: -6.48, N: -5.57, B: -2.36, R: -10.69, Q: -4.26, K: 0.61, M: 25.00
Game finished: 0-1
Win rate: 4.36%, Loss rate: 89.79%, Draw rate: 5.85%
P: -6.18, N: -5.62, B: -2.39, R: -10.68, Q: -4.24, K: 0.61, M: 25.00
Game finished: 0-1
Win rate: 4.36%, Loss rate: 89.80%, Draw rate: 5.84%
P: -5.22, N: -5.14, B: -2.68, R: -10.20, Q: -3.87, K: 0.61, M: 25.00
Game finished: 1-0
Win rate: 4.44%, Loss rate: 89.72%, Draw rate: 5.84%
P: -8.75, N: -5.81, B: -3.18, R: -11.65, Q: -4.25, K: 0.61, M: 25.00
Game finished: 0-1
Win rate: 4.44%, Loss rate: 89.73%, Draw rate: 5.83%
P: -4.58, N: -5.56, B: -2.37, R: -10.36, Q: -3.81, K: 0.61, M: 25.00
Game finished: 0-1
Win rate: 4.43%, Loss rate: 89.74%, Draw rate: 5.83%
P: -5.25, N: -5.57, B: -2.42, R: -10.23, Q: -3.88, K: 0.61, M: 25.00
Game finished: 0-1
Win rate: 4.43%, Loss rate: 89.75%, Draw rate: 5.82%
P: -5.87, N: -5.27, B: -2.32, R: -10.23, Q: -4.12, K: 0.61, M: 25.00
Game finished: 0-1
Win rate: 4.43%, Loss rate: 89.76%, Draw rate: 5.82%
P: -6.24, N: -5.36, B: -2.32, R: -10.27, Q: -4.15, K: 0.61, M: 25.00
Game finished: 0-1
Win rate: 4.42%, Loss rate: 89.77%, Draw rate: 5.81%
P: -7.91, N: -6.37, B: -2.28, R: -11.09, Q: -3.68, K: 0.61, M: 25.00
Game finished: 0-1
Win rate: 4.42%, Loss rate: 89.77%, Draw rate: 5.81%
P: -7.21, N: -6.10, B: -2.22, R: -10.83, Q: -3.54, K: 0.61, M: 25.00
Game finished: 1/2-1/2
Win rate: 4.42%, Loss rate: 89.70%, Draw rate: 5.89%
P: -6.09, N: -5.78, B: -2.15, R: -10.64, Q: -3.34, K: 0.61, M: 25.00
Game finished: 0-1
Win rate: 4.41%, Loss rate: 89.71%, Draw rate: 5.88%
P: -8.22, N: -5.74, B: -2.69, R: -11.08, Q: -3.73, K: 0.61, M: 25.00
Game finished: 0-1
Win rate: 4.41%, Loss rate: 89.71%, Draw rate: 5.88%
P: -8.11, N: -6.12, B: -2.88, R: -11.14, Q: -3.59, K: 0.61, M: 25.00
Game finished: 0-1
Win rate: 4.40%, Loss rate: 89.72%, Draw rate: 5.87%
P: -7.73, N: -4.99, B: -2.09, R: -9.88, Q: -2.89, K: 0.61, M: 25.00
Game finished: 0-1
Win rate: 4.40%, Loss rate: 89.73%, Draw rate: 5.87%
P: -7.86, N: -5.27, B: -2.45, R: -10.29, Q: -2.86, K: 0.61, M: 25.00
Game finished: 0-1
Win rate: 4.40%, Loss rate: 89.74%, Draw rate: 5.86%
P: -7.91, N: -4.97, B: -1.89, R: -9.93, Q: -2.78, K: 0.61, M: 25.00
Game finished: 0-1
Win rate: 4.39%, Loss rate: 89.75%, Draw rate: 5.86%
P: -8.13, N: -5.17, B: -1.38, R: -9.56, Q: -2.66, K: 0.61, M: 25.00
Game finished: 0-1
Win rate: 4.39%, Loss rate: 89.76%, Draw rate: 5.85%
P: -7.16, N: -4.98, B: -0.90, R: -9.47, Q: -2.76, K: 0.61, M: 25.00
Game finished: 0-1
Win rate: 4.39%, Loss rate: 89.77%, Draw rate: 5.85%
P: -5.99, N: -4.78, B: -0.91, R: -9.06, Q: -2.50, K: 0.61, M: 25.00
Game finished: 0-1
Win rate: 4.38%, Loss rate: 89.78%, Draw rate: 5.84%
P: -4.35, N: -4.31, B: -0.48, R: -8.48, Q: -2.53, K: 0.61, M: 25.00
Game finished: 0-1
Win rate: 4.38%, Loss rate: 89.79%, Draw rate: 5.84%
P: -5.25, N: -4.93, B: -1.07, R: -9.14, Q: -2.67, K: 0.61, M: 25.00
Game finished: 0-1
Win rate: 4.37%, Loss rate: 89.79%, Draw rate: 5.83%
P: -5.90, N: -4.89, B: -1.34, R: -9.55, Q: -2.89, K: 0.61, M: 25.00
Game finished: 0-1
Win rate: 4.37%, Loss rate: 89.80%, Draw rate: 5.83%
P: -5.92, N: -5.39, B: -1.96, R: -9.99, Q: -2.92, K: 0.61, M: 25.00
Game finished: 0-1
Win rate: 4.37%, Loss rate: 89.81%, Draw rate: 5.82%
P: -5.82, N: -5.67, B: -2.35, R: -10.22, Q: -2.97, K: 0.61, M: 25.00
Game finished: 0-1
Win rate: 4.36%, Loss rate: 89.82%, Draw rate: 5.82%
P: -6.33, N: -5.60, B: -2.28, R: -10.53, Q: -2.95, K: 0.61, M: 25.00
Game finished: 0-1
Win rate: 4.36%, Loss rate: 89.83%, Draw rate: 5.81%
P: -7.46, N: -5.61, B: -3.11, R: -11.05, Q: -3.06, K: 0.61, M: 25.00
Game finished: 0-1
Win rate: 4.36%, Loss rate: 89.84%, Draw rate: 5.81%
P: -5.49, N: -5.01, B: -2.09, R: -10.44, Q: -2.92, K: 0.61, M: 25.00
Game finished: 0-1
Win rate: 4.35%, Loss rate: 89.85%, Draw rate: 5.80%
P: -6.10, N: -4.96, B: -2.00, R: -11.17, Q: -3.11, K: 0.61, M: 25.00
Game finished: 1/2-1/2
Win rate: 4.35%, Loss rate: 89.77%, Draw rate: 5.88%
P: -5.99, N: -4.86, B: -2.85, R: -11.43, Q: -2.93, K: 0.61, M: 25.00
Game finished: 1-0
Win rate: 4.43%, Loss rate: 89.69%, Draw rate: 5.88%
P: -6.32, N: -5.37, B: -3.05, R: -12.07, Q: -3.53, K: 0.61, M: 25.00
Game finished: 0-1
Win rate: 4.43%, Loss rate: 89.70%, Draw rate: 5.87%
P: -5.03, N: -4.78, B: -1.98, R: -11.50, Q: -3.17, K: 0.61, M: 25.00
Game finished: 0-1
Win rate: 4.42%, Loss rate: 89.71%, Draw rate: 5.87%
P: -4.45, N: -5.19, B: -2.00, R: -11.63, Q: -3.13, K: 0.61, M: 25.00
Game finished: 0-1
Win rate: 4.42%, Loss rate: 89.72%, Draw rate: 5.86%
P: -4.18, N: -4.56, B: -1.21, R: -11.12, Q: -3.17, K: 0.61, M: 25.00
Game finished: 0-1
Win rate: 4.41%, Loss rate: 89.73%, Draw rate: 5.86%
P: -5.56, N: -5.18, B: -1.41, R: -11.29, Q: -3.12, K: 0.61, M: 25.00
Game finished: 0-1
Win rate: 4.41%, Loss rate: 89.74%, Draw rate: 5.85%
P: -5.97, N: -5.39, B: -1.70, R: -11.59, Q: -3.24, K: 0.61, M: 25.00
Game finished: 0-1
Win rate: 4.41%, Loss rate: 89.75%, Draw rate: 5.85%
P: -6.45, N: -5.58, B: -1.91, R: -11.82, Q: -3.45, K: 0.61, M: 25.00
Game finished: 0-1
Win rate: 4.40%, Loss rate: 89.75%, Draw rate: 5.84%
P: -5.63, N: -5.26, B: -1.20, R: -10.92, Q: -3.17, K: 0.61, M: 25.00
Game finished: 0-1
Win rate: 4.40%, Loss rate: 89.76%, Draw rate: 5.84%
P: -6.06, N: -5.44, B: -1.36, R: -11.14, Q: -3.13, K: 0.61, M: 25.00
Game finished: 0-1
Win rate: 4.40%, Loss rate: 89.77%, Draw rate: 5.83%
P: -4.22, N: -5.28, B: -1.43, R: -10.66, Q: -2.67, K: 0.61, M: 25.00
Game finished: 0-1
Win rate: 4.39%, Loss rate: 89.78%, Draw rate: 5.83%
P: -5.04, N: -5.42, B: -1.85, R: -11.14, Q: -2.86, K: 0.61, M: 25.00
Game finished: 0-1
Win rate: 4.39%, Loss rate: 89.79%, Draw rate: 5.82%
P: -7.83, N: -5.65, B: -2.21, R: -12.64, Q: -4.24, K: 0.61, M: 25.00
Game finished: 0-1
Win rate: 4.38%, Loss rate: 89.80%, Draw rate: 5.82%
P: -8.15, N: -5.44, B: -2.18, R: -12.59, Q: -4.08, K: 0.61, M: 25.00
Game finished: 0-1
Win rate: 4.38%, Loss rate: 89.81%, Draw rate: 5.81%
P: -8.36, N: -4.72, B: -1.15, R: -11.59, Q: -3.59, K: 0.61, M: 25.00
Game finished: 0-1
Win rate: 4.38%, Loss rate: 89.81%, Draw rate: 5.81%
P: -8.21, N: -4.77, B: -1.05, R: -11.19, Q: -3.45, K: 0.61, M: 25.00
Game finished: 0-1
Win rate: 4.37%, Loss rate: 89.82%, Draw rate: 5.80%
P: -8.65, N: -4.96, B: -1.25, R: -11.74, Q: -3.40, K: 0.61, M: 25.00
Game finished: 0-1
Win rate: 4.37%, Loss rate: 89.83%, Draw rate: 5.80%
P: -6.73, N: -4.55, B: -0.23, R: -10.97, Q: -2.91, K: 0.61, M: 25.00
Game finished: 0-1
Win rate: 4.37%, Loss rate: 89.84%, Draw rate: 5.79%
P: -5.97, N: -4.30, B: 0.10, R: -10.40, Q: -2.77, K: 0.61, M: 25.00
Game finished: 1/2-1/2
Win rate: 4.36%, Loss rate: 89.77%, Draw rate: 5.87%
P: -6.75, N: -4.47, B: 0.33, R: -10.48, Q: -2.88, K: 0.61, M: 25.00
Game finished: 0-1
Win rate: 4.36%, Loss rate: 89.77%, Draw rate: 5.87%
P: -6.46, N: -4.51, B: 0.27, R: -10.73, Q: -3.04, K: 0.61, M: 25.00
Game finished: 1-0
Win rate: 4.44%, Loss rate: 89.70%, Draw rate: 5.86%
P: -6.38, N: -4.66, B: 0.07, R: -10.73, Q: -2.86, K: 0.61, M: 25.00
Game finished: 1-0
Win rate: 4.52%, Loss rate: 89.62%, Draw rate: 5.86%
P: -6.16, N: -4.64, B: 0.67, R: -10.98, Q: -2.32, K: 0.61, M: 25.00
Game finished: 0-1
Win rate: 4.52%, Loss rate: 89.63%, Draw rate: 5.85%
P: -6.61, N: -4.74, B: 0.40, R: -11.45, Q: -2.32, K: 0.61, M: 25.00
Game finished: 0-1
Win rate: 4.51%, Loss rate: 89.64%, Draw rate: 5.85%
P: -6.97, N: -4.74, B: 0.30, R: -11.16, Q: -2.21, K: 0.61, M: 25.00
Game finished: 0-1
Win rate: 4.51%, Loss rate: 89.65%, Draw rate: 5.84%
P: -7.66, N: -5.29, B: -0.53, R: -12.27, Q: -2.81, K: 0.61, M: 25.00
Game finished: 0-1
Win rate: 4.50%, Loss rate: 89.66%, Draw rate: 5.84%
P: -7.68, N: -5.31, B: -0.73, R: -12.20, Q: -2.82, K: 0.61, M: 25.00
Game finished: 0-1
Win rate: 4.50%, Loss rate: 89.67%, Draw rate: 5.83%
Epsilon: 0.0947
Results saved to mf2_results/results.csv
Epsilon history saved to mf2_epsilon/epsilon.csv
Elapsed time: 0:07:45
P: -5.53, N: -5.20, B: 0.50, R: -11.73, Q: -2.51, K: 0.61, M: 25.00
Game finished: 0-1
Win rate: 4.50%, Loss rate: 89.68%, Draw rate: 5.83%
P: -6.55, N: -5.19, B: 0.23, R: -11.93, Q: -2.61, K: 0.61, M: 25.00
Game finished: 0-1
Win rate: 4.49%, Loss rate: 89.68%, Draw rate: 5.82%
P: -5.44, N: -5.11, B: 0.27, R: -12.26, Q: -2.58, K: 0.61, M: 25.00
Game finished: 0-1
Win rate: 4.49%, Loss rate: 89.69%, Draw rate: 5.82%
P: -4.96, N: -5.11, B: 0.28, R: -12.12, Q: -2.53, K: 0.61, M: 25.00
Game finished: 0-1
Win rate: 4.49%, Loss rate: 89.70%, Draw rate: 5.81%
P: -6.04, N: -5.46, B: -0.27, R: -12.57, Q: -2.78, K: 0.61, M: 25.00
Game finished: 0-1
Win rate: 4.48%, Loss rate: 89.71%, Draw rate: 5.81%
P: -6.54, N: -5.62, B: -0.24, R: -13.09, Q: -3.17, K: 0.61, M: 25.00
Game finished: 0-1
Win rate: 4.48%, Loss rate: 89.72%, Draw rate: 5.80%
P: -6.85, N: -5.43, B: 0.12, R: -12.28, Q: -2.54, K: 0.61, M: 25.00
Game finished: 0-1
Win rate: 4.47%, Loss rate: 89.73%, Draw rate: 5.80%
P: -8.34, N: -5.63, B: -0.15, R: -12.66, Q: -2.52, K: 0.61, M: 25.00
Game finished: 0-1
Win rate: 4.47%, Loss rate: 89.74%, Draw rate: 5.79%
P: -7.58, N: -5.30, B: 0.64, R: -12.43, Q: -2.60, K: 0.61, M: 25.00
Game finished: 0-1
Win rate: 4.47%, Loss rate: 89.74%, Draw rate: 5.79%
P: -7.07, N: -4.94, B: 0.70, R: -12.43, Q: -2.52, K: 0.61, M: 25.00
Game finished: 0-1
Win rate: 4.46%, Loss rate: 89.75%, Draw rate: 5.79%
P: -7.28, N: -5.23, B: 0.92, R: -12.37, Q: -2.50, K: 0.61, M: 25.00
Game finished: 0-1
Win rate: 4.46%, Loss rate: 89.76%, Draw rate: 5.78%
P: -6.27, N: -5.62, B: 0.20, R: -12.40, Q: -2.38, K: 0.61, M: 25.00
Game finished: 1/2-1/2
Win rate: 4.46%, Loss rate: 89.69%, Draw rate: 5.86%
P: -6.37, N: -5.66, B: -0.32, R: -12.57, Q: -2.62, K: 0.61, M: 25.00
Game finished: 0-1
Win rate: 4.45%, Loss rate: 89.69%, Draw rate: 5.85%
P: -7.04, N: -5.29, B: -0.31, R: -12.67, Q: -2.22, K: 0.61, M: 25.00
Game finished: 0-1
Win rate: 4.45%, Loss rate: 89.70%, Draw rate: 5.85%
P: -8.26, N: -5.62, B: -0.60, R: -12.96, Q: -2.37, K: 0.61, M: 25.00
Game finished: 1/2-1/2
Win rate: 4.44%, Loss rate: 89.63%, Draw rate: 5.93%
P: -7.80, N: -5.74, B: -0.25, R: -13.06, Q: -2.22, K: 0.61, M: 25.00
Game finished: 0-1
Win rate: 4.44%, Loss rate: 89.64%, Draw rate: 5.92%
P: -7.88, N: -5.63, B: 0.09, R: -13.14, Q: -2.06, K: 0.61, M: 25.00
Game finished: 0-1
Win rate: 4.44%, Loss rate: 89.65%, Draw rate: 5.92%
P: -8.18, N: -5.59, B: -0.09, R: -13.56, Q: -2.26, K: 0.61, M: 25.00
Game finished: 1-0
Win rate: 4.52%, Loss rate: 89.57%, Draw rate: 5.91%
P: -5.72, N: -5.59, B: 0.32, R: -12.76, Q: -2.29, K: 0.61, M: 25.00
Game finished: 0-1
Win rate: 4.51%, Loss rate: 89.58%, Draw rate: 5.91%
P: -5.03, N: -5.47, B: 0.22, R: -12.76, Q: -2.56, K: 0.61, M: 25.00
Game finished: 0-1
Win rate: 4.51%, Loss rate: 89.59%, Draw rate: 5.90%
P: -6.19, N: -5.98, B: -0.21, R: -13.74, Q: -3.06, K: 0.61, M: 25.00
Game finished: 0-1
Win rate: 4.50%, Loss rate: 89.60%, Draw rate: 5.90%
P: -7.11, N: -5.35, B: -0.13, R: -13.47, Q: -2.53, K: 0.61, M: 25.00
Game finished: 1-0
Win rate: 4.58%, Loss rate: 89.53%, Draw rate: 5.89%
P: -6.85, N: -4.40, B: 0.34, R: -12.51, Q: -2.08, K: 0.61, M: 25.00
Game finished: 0-1
Win rate: 4.58%, Loss rate: 89.53%, Draw rate: 5.89%
P: -5.94, N: -3.98, B: 0.29, R: -12.76, Q: -1.94, K: 0.61, M: 25.00
Game finished: 1-0
Win rate: 4.66%, Loss rate: 89.46%, Draw rate: 5.88%
P: -8.36, N: -4.26, B: -0.61, R: -13.79, Q: -2.41, K: 0.61, M: 25.00
Game finished: 0-1
Win rate: 4.65%, Loss rate: 89.47%, Draw rate: 5.88%
P: -7.69, N: -4.27, B: -0.58, R: -13.66, Q: -2.53, K: 0.61, M: 25.00
Game finished: 1/2-1/2
Win rate: 4.65%, Loss rate: 89.40%, Draw rate: 5.95%
P: -5.62, N: -3.43, B: -0.76, R: -13.30, Q: -2.05, K: 0.61, M: 25.00
Game finished: 0-1
Win rate: 4.65%, Loss rate: 89.41%, Draw rate: 5.95%
P: -6.60, N: -2.99, B: -0.54, R: -13.47, Q: -1.52, K: 0.61, M: 25.00
Game finished: 0-1
Win rate: 4.64%, Loss rate: 89.41%, Draw rate: 5.94%
P: -5.69, N: -3.02, B: -0.17, R: -12.71, Q: -1.55, K: 0.61, M: 25.00
Game finished: 0-1
Win rate: 4.64%, Loss rate: 89.42%, Draw rate: 5.94%
P: -6.43, N: -3.56, B: -1.09, R: -13.20, Q: -1.80, K: 0.61, M: 25.00
Game finished: 1/2-1/2
Win rate: 4.63%, Loss rate: 89.35%, Draw rate: 6.02%
P: -7.39, N: -3.49, B: -0.97, R: -13.49, Q: -1.84, K: 0.61, M: 25.00
Game finished: 0-1
Win rate: 4.63%, Loss rate: 89.36%, Draw rate: 6.01%
P: -8.31, N: -3.47, B: -1.07, R: -13.52, Q: -2.03, K: 0.61, M: 25.00
Game finished: 0-1
Win rate: 4.63%, Loss rate: 89.37%, Draw rate: 6.01%
P: -7.31, N: -3.52, B: -0.94, R: -13.40, Q: -2.09, K: 0.61, M: 25.00
Game finished: 0-1
Win rate: 4.62%, Loss rate: 89.38%, Draw rate: 6.00%
P: -7.86, N: -4.15, B: -1.41, R: -13.99, Q: -2.34, K: 0.61, M: 25.00
Game finished: 0-1
Win rate: 4.62%, Loss rate: 89.38%, Draw rate: 6.00%
P: -6.37, N: -4.67, B: -1.36, R: -13.32, Q: -3.07, K: 0.61, M: 25.00
Game finished: 0-1
Win rate: 4.62%, Loss rate: 89.39%, Draw rate: 5.99%
P: -5.67, N: -4.85, B: -1.78, R: -13.57, Q: -3.03, K: 0.61, M: 25.00
Game finished: 0-1
Win rate: 4.61%, Loss rate: 89.40%, Draw rate: 5.99%
P: -6.20, N: -5.01, B: -1.80, R: -13.76, Q: -2.98, K: 0.61, M: 25.00
Game finished: 0-1
Win rate: 4.61%, Loss rate: 89.41%, Draw rate: 5.98%
P: -5.94, N: -5.01, B: -1.81, R: -13.74, Q: -2.96, K: 0.61, M: 25.00
Game finished: 0-1
Win rate: 4.60%, Loss rate: 89.42%, Draw rate: 5.98%
P: -6.33, N: -5.05, B: -1.96, R: -13.91, Q: -3.12, K: 0.61, M: 25.00
Game finished: 0-1
Win rate: 4.60%, Loss rate: 89.43%, Draw rate: 5.97%
P: -7.16, N: -4.92, B: -2.15, R: -13.95, Q: -3.15, K: 0.61, M: 25.00
Game finished: 0-1
Win rate: 4.60%, Loss rate: 89.44%, Draw rate: 5.97%
P: -6.87, N: -4.93, B: -2.26, R: -13.92, Q: -3.20, K: 0.61, M: 25.00
Game finished: 0-1
Win rate: 4.59%, Loss rate: 89.44%, Draw rate: 5.96%
P: -7.45, N: -4.88, B: -2.34, R: -13.99, Q: -3.24, K: 0.61, M: 25.00
Game finished: 0-1
Win rate: 4.59%, Loss rate: 89.45%, Draw rate: 5.96%
P: -5.66, N: -4.42, B: -1.99, R: -13.31, Q: -2.83, K: 0.61, M: 25.00
Game finished: 0-1
Win rate: 4.59%, Loss rate: 89.46%, Draw rate: 5.95%
P: -7.58, N: -4.73, B: -2.34, R: -13.95, Q: -3.19, K: 0.61, M: 25.00
Game finished: 0-1
Win rate: 4.58%, Loss rate: 89.47%, Draw rate: 5.95%
P: -6.84, N: -4.78, B: -1.97, R: -14.05, Q: -2.82, K: 0.61, M: 25.00
Game finished: 0-1
Win rate: 4.58%, Loss rate: 89.48%, Draw rate: 5.94%
P: -6.86, N: -5.14, B: -1.51, R: -14.09, Q: -2.58, K: 0.61, M: 25.00
Game finished: 0-1
Win rate: 4.57%, Loss rate: 89.49%, Draw rate: 5.94%
P: -6.58, N: -5.33, B: -1.60, R: -14.08, Q: -2.70, K: 0.61, M: 25.00
Game finished: 0-1
Win rate: 4.57%, Loss rate: 89.49%, Draw rate: 5.93%
P: -6.43, N: -5.50, B: -2.10, R: -13.98, Q: -2.80, K: 0.61, M: 25.00
Game finished: 0-1
Win rate: 4.57%, Loss rate: 89.50%, Draw rate: 5.93%
P: -5.61, N: -5.83, B: -2.07, R: -13.61, Q: -2.63, K: 0.61, M: 25.00
Game finished: 0-1
Win rate: 4.56%, Loss rate: 89.51%, Draw rate: 5.92%
P: -5.62, N: -6.30, B: -2.09, R: -13.52, Q: -2.53, K: 0.61, M: 25.00
Game finished: 0-1
Win rate: 4.56%, Loss rate: 89.52%, Draw rate: 5.92%
P: -4.19, N: -5.88, B: -1.69, R: -13.53, Q: -2.27, K: 0.61, M: 25.00
Game finished: 0-1
Win rate: 4.56%, Loss rate: 89.53%, Draw rate: 5.92%
P: -5.05, N: -5.83, B: -2.08, R: -13.68, Q: -2.30, K: 0.61, M: 25.00
Game finished: 0-1
Win rate: 4.55%, Loss rate: 89.54%, Draw rate: 5.91%
P: -4.24, N: -5.99, B: -1.97, R: -13.48, Q: -2.13, K: 0.61, M: 25.00
Game finished: 0-1
Win rate: 4.55%, Loss rate: 89.55%, Draw rate: 5.91%
P: -2.56, N: -6.43, B: -1.86, R: -11.92, Q: -1.73, K: 0.61, M: 25.00
Game finished: 0-1
Win rate: 4.55%, Loss rate: 89.55%, Draw rate: 5.90%
P: -3.06, N: -6.33, B: -2.11, R: -12.06, Q: -1.88, K: 0.61, M: 25.00
Game finished: 0-1
Win rate: 4.54%, Loss rate: 89.56%, Draw rate: 5.90%
P: -4.33, N: -6.76, B: -2.62, R: -12.65, Q: -2.00, K: 0.61, M: 25.00
Game finished: 0-1
Win rate: 4.54%, Loss rate: 89.57%, Draw rate: 5.89%
P: -6.73, N: -6.80, B: -2.71, R: -13.09, Q: -2.31, K: 0.61, M: 25.00
Game finished: 0-1
Win rate: 4.53%, Loss rate: 89.58%, Draw rate: 5.89%
P: -6.65, N: -7.15, B: -3.24, R: -13.35, Q: -2.40, K: 0.61, M: 25.00
Game finished: 0-1
Win rate: 4.53%, Loss rate: 89.59%, Draw rate: 5.88%
P: -6.95, N: -7.23, B: -3.36, R: -13.36, Q: -2.30, K: 0.61, M: 25.00
Game finished: 0-1
Win rate: 4.53%, Loss rate: 89.59%, Draw rate: 5.88%
P: -5.31, N: -5.85, B: -2.55, R: -12.42, Q: -2.35, K: 0.61, M: 25.00
Game finished: 1-0
Win rate: 4.60%, Loss rate: 89.52%, Draw rate: 5.87%
P: -5.46, N: -5.67, B: -2.38, R: -12.44, Q: -2.40, K: 0.61, M: 25.00
Game finished: 0-1
Win rate: 4.60%, Loss rate: 89.53%, Draw rate: 5.87%
P: -5.03, N: -5.21, B: -2.20, R: -12.20, Q: -2.43, K: 0.61, M: 25.00
Game finished: 1-0
Win rate: 4.68%, Loss rate: 89.46%, Draw rate: 5.86%
P: -4.81, N: -5.06, B: -2.10, R: -12.04, Q: -2.32, K: 0.61, M: 25.00
Game finished: 0-1
Win rate: 4.67%, Loss rate: 89.47%, Draw rate: 5.86%
P: -5.54, N: -5.30, B: -2.56, R: -12.62, Q: -2.54, K: 0.61, M: 25.00
Game finished: 0-1
Win rate: 4.67%, Loss rate: 89.48%, Draw rate: 5.85%
P: -6.09, N: -5.55, B: -2.81, R: -12.65, Q: -2.26, K: 0.61, M: 25.00
Game finished: 0-1
Win rate: 4.66%, Loss rate: 89.49%, Draw rate: 5.85%
P: -5.42, N: -5.26, B: -2.88, R: -12.61, Q: -2.15, K: 0.61, M: 25.00
Game finished: 1-0
Win rate: 4.74%, Loss rate: 89.42%, Draw rate: 5.85%
P: -5.94, N: -5.31, B: -2.12, R: -12.81, Q: -1.67, K: 0.61, M: 25.00
Game finished: 0-1
Win rate: 4.74%, Loss rate: 89.42%, Draw rate: 5.84%
P: -6.87, N: -5.16, B: -2.02, R: -12.57, Q: -1.57, K: 0.61, M: 25.00
Game finished: 0-1
Win rate: 4.73%, Loss rate: 89.43%, Draw rate: 5.84%
P: -6.43, N: -5.13, B: -1.64, R: -12.41, Q: -1.26, K: 0.61, M: 25.00
Game finished: 0-1
Win rate: 4.73%, Loss rate: 89.44%, Draw rate: 5.83%
P: -5.29, N: -4.58, B: -1.12, R: -11.96, Q: -1.22, K: 0.61, M: 25.00
Game finished: 0-1
Win rate: 4.72%, Loss rate: 89.45%, Draw rate: 5.83%
P: -5.74, N: -4.57, B: -1.38, R: -12.29, Q: -1.42, K: 0.61, M: 25.00
Game finished: 0-1
Win rate: 4.72%, Loss rate: 89.46%, Draw rate: 5.82%
P: -6.11, N: -4.88, B: -1.77, R: -12.58, Q: -1.54, K: 0.61, M: 25.00
Game finished: 0-1
Win rate: 4.72%, Loss rate: 89.47%, Draw rate: 5.82%
P: -5.60, N: -4.47, B: -1.82, R: -12.22, Q: -1.53, K: 0.61, M: 25.00
Game finished: 0-1
Win rate: 4.71%, Loss rate: 89.47%, Draw rate: 5.81%
P: -6.51, N: -4.93, B: -2.96, R: -13.50, Q: -1.68, K: 0.61, M: 25.00
Game finished: 1-0
Win rate: 4.79%, Loss rate: 89.40%, Draw rate: 5.81%
P: -5.13, N: -4.71, B: -2.98, R: -13.19, Q: -1.66, K: 0.61, M: 25.00
Game finished: 0-1
Win rate: 4.78%, Loss rate: 89.41%, Draw rate: 5.80%
P: -4.87, N: -3.90, B: -3.10, R: -12.46, Q: -1.49, K: 0.61, M: 25.00
Game finished: 0-1
Win rate: 4.78%, Loss rate: 89.42%, Draw rate: 5.80%
P: -4.71, N: -4.47, B: -3.20, R: -12.80, Q: -1.58, K: 0.61, M: 25.00
Game finished: 0-1
Win rate: 4.78%, Loss rate: 89.43%, Draw rate: 5.79%
P: -5.62, N: -4.91, B: -3.93, R: -13.54, Q: -2.07, K: 0.61, M: 25.00
Game finished: 0-1
Win rate: 4.77%, Loss rate: 89.44%, Draw rate: 5.79%
P: -5.26, N: -5.45, B: -4.01, R: -13.37, Q: -1.97, K: 0.61, M: 25.00
Game finished: 0-1
Win rate: 4.77%, Loss rate: 89.44%, Draw rate: 5.79%
P: -5.48, N: -5.59, B: -3.62, R: -13.08, Q: -1.99, K: 0.61, M: 25.00
Game finished: 0-1
Win rate: 4.77%, Loss rate: 89.45%, Draw rate: 5.78%
P: -4.81, N: -5.58, B: -3.43, R: -12.84, Q: -1.76, K: 0.61, M: 25.00
Game finished: 0-1
Win rate: 4.76%, Loss rate: 89.46%, Draw rate: 5.78%
P: -5.58, N: -6.20, B: -3.60, R: -13.40, Q: -1.29, K: 0.61, M: 25.00
Game finished: 1-0
Win rate: 4.84%, Loss rate: 89.39%, Draw rate: 5.77%
P: -5.20, N: -5.87, B: -3.50, R: -13.07, Q: -1.26, K: 0.61, M: 25.00
Game finished: 0-1
Win rate: 4.83%, Loss rate: 89.40%, Draw rate: 5.77%
P: -4.79, N: -5.89, B: -2.92, R: -12.50, Q: -1.29, K: 0.61, M: 25.00
Game finished: 0-1
Win rate: 4.83%, Loss rate: 89.41%, Draw rate: 5.76%
P: -5.52, N: -5.90, B: -3.18, R: -12.63, Q: -2.52, K: 0.61, M: 25.00
Game finished: 0-1
Win rate: 4.82%, Loss rate: 89.42%, Draw rate: 5.76%
P: -6.11, N: -5.65, B: -3.13, R: -12.75, Q: -2.46, K: 0.61, M: 25.00
Game finished: 0-1
Win rate: 4.82%, Loss rate: 89.42%, Draw rate: 5.75%
P: -5.90, N: -4.93, B: -2.66, R: -12.03, Q: -2.16, K: 0.61, M: 25.00
Game finished: 1-0
Win rate: 4.90%, Loss rate: 89.36%, Draw rate: 5.75%
P: -6.74, N: -5.30, B: -3.03, R: -12.20, Q: -2.52, K: 0.61, M: 25.00
Game finished: 0-1
Win rate: 4.89%, Loss rate: 89.36%, Draw rate: 5.75%
P: -7.04, N: -5.54, B: -3.33, R: -12.37, Q: -2.59, K: 0.61, M: 25.00
Game finished: 0-1
Win rate: 4.89%, Loss rate: 89.37%, Draw rate: 5.74%
P: -7.52, N: -5.49, B: -3.49, R: -12.42, Q: -2.71, K: 0.61, M: 25.00
Game finished: 0-1
Win rate: 4.88%, Loss rate: 89.38%, Draw rate: 5.74%
P: -6.67, N: -6.24, B: -2.99, R: -13.19, Q: -2.38, K: 0.61, M: 25.00
Game finished: 1-0
Win rate: 4.96%, Loss rate: 89.31%, Draw rate: 5.73%
P: -7.21, N: -6.23, B: -3.19, R: -13.22, Q: -2.37, K: 0.61, M: 25.00
Game finished: 0-1
Win rate: 4.95%, Loss rate: 89.32%, Draw rate: 5.73%
P: -6.96, N: -6.02, B: -2.86, R: -12.83, Q: -2.04, K: 0.61, M: 25.00
Game finished: 0-1
Win rate: 4.95%, Loss rate: 89.33%, Draw rate: 5.72%
P: -5.99, N: -5.81, B: -2.27, R: -12.14, Q: -2.19, K: 0.61, M: 25.00
Game finished: 0-1
Win rate: 4.95%, Loss rate: 89.34%, Draw rate: 5.72%
P: -5.46, N: -5.41, B: -1.94, R: -11.64, Q: -2.35, K: 0.61, M: 25.00
Game finished: 0-1
Win rate: 4.94%, Loss rate: 89.34%, Draw rate: 5.71%
P: -6.30, N: -4.87, B: -1.25, R: -11.53, Q: -2.02, K: 0.61, M: 25.00
Game finished: 0-1
Win rate: 4.94%, Loss rate: 89.35%, Draw rate: 5.71%
P: -6.92, N: -5.35, B: -0.86, R: -11.00, Q: -2.94, K: 0.61, M: 25.00
Game finished: 1-0
Win rate: 5.01%, Loss rate: 89.28%, Draw rate: 5.71%
P: -7.37, N: -5.59, B: -1.24, R: -11.29, Q: -3.08, K: 0.61, M: 25.00
Game finished: 0-1
Win rate: 5.01%, Loss rate: 89.29%, Draw rate: 5.70%
P: -7.06, N: -5.55, B: -0.97, R: -11.03, Q: -3.06, K: 0.61, M: 25.00
Game finished: 0-1
Win rate: 5.00%, Loss rate: 89.30%, Draw rate: 5.70%
P: -7.03, N: -5.45, B: -1.35, R: -11.26, Q: -3.16, K: 0.61, M: 25.00
Game finished: 0-1
Win rate: 5.00%, Loss rate: 89.31%, Draw rate: 5.69%
Epsilon: 0.0947
Results saved to mf2_results/results.csv
Epsilon history saved to mf2_epsilon/epsilon.csv
Elapsed time: 0:08:23
P: -5.82, N: -4.97, B: -0.59, R: -10.74, Q: -2.91, K: 0.61, M: 25.00
Game finished: 0-1
Win rate: 5.00%, Loss rate: 89.32%, Draw rate: 5.69%
P: -5.80, N: -4.91, B: -0.27, R: -10.73, Q: -2.93, K: 0.61, M: 25.00
Game finished: 0-1
Win rate: 4.99%, Loss rate: 89.32%, Draw rate: 5.68%
P: -6.27, N: -4.99, B: -0.33, R: -10.99, Q: -2.89, K: 0.61, M: 25.00
Game finished: 0-1
Win rate: 4.99%, Loss rate: 89.33%, Draw rate: 5.68%
P: -7.10, N: -5.21, B: -0.89, R: -11.34, Q: -2.72, K: 0.61, M: 25.00
Game finished: 1-0
Win rate: 5.06%, Loss rate: 89.26%, Draw rate: 5.67%
P: -5.59, N: -4.79, B: 0.14, R: -10.56, Q: -2.19, K: 0.61, M: 25.00
Game finished: 0-1
Win rate: 5.06%, Loss rate: 89.27%, Draw rate: 5.67%
P: -6.04, N: -4.37, B: 0.73, R: -10.52, Q: -2.10, K: 0.61, M: 25.00
Game finished: 0-1
Win rate: 5.05%, Loss rate: 89.28%, Draw rate: 5.67%
P: -6.49, N: -4.55, B: 0.45, R: -10.81, Q: -2.14, K: 0.61, M: 25.00
Game finished: 0-1
Win rate: 5.05%, Loss rate: 89.29%, Draw rate: 5.66%
P: -6.49, N: -5.16, B: 0.56, R: -11.08, Q: -2.19, K: 0.61, M: 25.00
Game finished: 0-1
Win rate: 5.05%, Loss rate: 89.30%, Draw rate: 5.66%
P: -6.21, N: -5.24, B: 0.79, R: -11.03, Q: -1.92, K: 0.61, M: 25.00
Game finished: 1-0
Win rate: 5.12%, Loss rate: 89.23%, Draw rate: 5.65%
P: -3.85, N: -5.01, B: 1.42, R: -10.47, Q: -1.97, K: 0.61, M: 25.00
Game finished: 0-1
Win rate: 5.11%, Loss rate: 89.24%, Draw rate: 5.65%
P: -4.55, N: -5.37, B: 1.17, R: -10.97, Q: -2.04, K: 0.61, M: 25.00
Game finished: 0-1
Win rate: 5.11%, Loss rate: 89.24%, Draw rate: 5.64%
P: -5.00, N: -5.17, B: 1.02, R: -11.16, Q: -1.97, K: 0.61, M: 25.00
Game finished: 0-1
Win rate: 5.11%, Loss rate: 89.25%, Draw rate: 5.64%
P: -5.35, N: -4.90, B: 1.26, R: -11.49, Q: -1.60, K: 0.61, M: 25.00
Game finished: 0-1
Win rate: 5.10%, Loss rate: 89.26%, Draw rate: 5.64%
P: -6.80, N: -5.07, B: 1.11, R: -11.97, Q: -1.96, K: 0.61, M: 25.00
Game finished: 0-1
Win rate: 5.10%, Loss rate: 89.27%, Draw rate: 5.63%
P: -7.22, N: -5.10, B: 0.91, R: -12.02, Q: -2.05, K: 0.61, M: 25.00
Game finished: 0-1
Win rate: 5.10%, Loss rate: 89.28%, Draw rate: 5.63%
P: -7.43, N: -5.26, B: 0.70, R: -12.01, Q: -1.87, K: 0.61, M: 25.00
Game finished: 0-1
Win rate: 5.09%, Loss rate: 89.29%, Draw rate: 5.62%
P: -8.89, N: -5.92, B: 0.18, R: -12.34, Q: -1.79, K: 0.61, M: 25.00
Game finished: 0-1
Win rate: 5.09%, Loss rate: 89.29%, Draw rate: 5.62%
P: -8.43, N: -5.81, B: 0.80, R: -12.23, Q: -1.90, K: 0.61, M: 25.00
Game finished: 0-1
Win rate: 5.08%, Loss rate: 89.30%, Draw rate: 5.61%
P: -8.43, N: -5.32, B: 0.73, R: -11.84, Q: -2.56, K: 0.61, M: 25.00
Game finished: 0-1
Win rate: 5.08%, Loss rate: 89.31%, Draw rate: 5.61%
P: -8.36, N: -5.22, B: 0.73, R: -11.69, Q: -2.60, K: 0.61, M: 25.00
Game finished: 0-1
Win rate: 5.08%, Loss rate: 89.32%, Draw rate: 5.61%
P: -8.78, N: -5.05, B: 1.02, R: -11.81, Q: -2.53, K: 0.61, M: 25.00
Game finished: 0-1
Win rate: 5.07%, Loss rate: 89.33%, Draw rate: 5.60%
P: -5.08, N: -3.96, B: 1.08, R: -10.85, Q: -2.24, K: 0.61, M: 25.00
Game finished: 0-1
Win rate: 5.07%, Loss rate: 89.33%, Draw rate: 5.60%
P: -4.45, N: -3.56, B: 1.05, R: -10.65, Q: -2.36, K: 0.61, M: 25.00
Game finished: 0-1
Win rate: 5.06%, Loss rate: 89.34%, Draw rate: 5.59%
P: -5.67, N: -3.99, B: 0.91, R: -11.34, Q: -2.44, K: 0.61, M: 25.00
Game finished: 0-1
Win rate: 5.06%, Loss rate: 89.35%, Draw rate: 5.59%
P: -7.11, N: -4.41, B: 0.28, R: -11.96, Q: -2.61, K: 0.61, M: 25.00
Game finished: 0-1
Win rate: 5.06%, Loss rate: 89.36%, Draw rate: 5.58%
P: -7.31, N: -4.28, B: 0.45, R: -11.96, Q: -2.49, K: 0.61, M: 25.00
Game finished: 1-0
Win rate: 5.13%, Loss rate: 89.29%, Draw rate: 5.58%
P: -6.53, N: -4.35, B: 0.01, R: -11.84, Q: -2.45, K: 0.61, M: 25.00
Game finished: 0-1
Win rate: 5.12%, Loss rate: 89.30%, Draw rate: 5.58%
P: -6.95, N: -4.45, B: 0.01, R: -12.09, Q: -2.65, K: 0.61, M: 25.00
Game finished: 0-1
Win rate: 5.12%, Loss rate: 89.31%, Draw rate: 5.57%
P: -7.32, N: -4.37, B: -0.33, R: -12.49, Q: -2.80, K: 0.61, M: 25.00
Game finished: 0-1
Win rate: 5.12%, Loss rate: 89.32%, Draw rate: 5.57%
P: -7.78, N: -4.28, B: -0.04, R: -12.28, Q: -2.73, K: 0.61, M: 25.00
Game finished: 1-0
Win rate: 5.19%, Loss rate: 89.25%, Draw rate: 5.56%
P: -7.40, N: -4.40, B: 0.19, R: -12.44, Q: -2.48, K: 0.61, M: 25.00
Game finished: 0-1
Win rate: 5.18%, Loss rate: 89.26%, Draw rate: 5.56%
P: -7.74, N: -4.48, B: 0.10, R: -12.46, Q: -2.55, K: 0.61, M: 25.00
Game finished: 0-1
Win rate: 5.18%, Loss rate: 89.26%, Draw rate: 5.56%
P: -6.94, N: -4.60, B: -0.22, R: -12.09, Q: -2.54, K: 0.61, M: 25.00
Game finished: 0-1
Win rate: 5.18%, Loss rate: 89.27%, Draw rate: 5.55%
P: -6.72, N: -4.84, B: -0.37, R: -12.19, Q: -2.41, K: 0.61, M: 25.00
Game finished: 0-1
Win rate: 5.17%, Loss rate: 89.28%, Draw rate: 5.55%
P: -6.69, N: -5.67, B: -1.16, R: -12.25, Q: -2.25, K: 0.61, M: 25.00
Game finished: 1/2-1/2
Win rate: 5.17%, Loss rate: 89.21%, Draw rate: 5.62%
P: -5.95, N: -5.15, B: -0.37, R: -11.65, Q: -2.28, K: 0.61, M: 25.00
Game finished: 0-1
Win rate: 5.16%, Loss rate: 89.22%, Draw rate: 5.61%
P: -6.54, N: -5.54, B: -0.66, R: -11.69, Q: -2.33, K: 0.61, M: 25.00
Game finished: 0-1
Win rate: 5.16%, Loss rate: 89.23%, Draw rate: 5.61%
P: -7.06, N: -4.42, B: -0.16, R: -10.95, Q: -1.99, K: 0.61, M: 25.00
Game finished: 0-1
Win rate: 5.16%, Loss rate: 89.24%, Draw rate: 5.61%
P: -7.28, N: -4.66, B: -0.56, R: -11.27, Q: -2.19, K: 0.61, M: 25.00
Game finished: 0-1
Win rate: 5.15%, Loss rate: 89.25%, Draw rate: 5.60%
P: -5.95, N: -3.96, B: -0.03, R: -10.77, Q: -1.98, K: 0.61, M: 25.00
Game finished: 0-1
Win rate: 5.15%, Loss rate: 89.25%, Draw rate: 5.60%
P: -7.68, N: -4.55, B: -0.23, R: -11.50, Q: -2.11, K: 0.61, M: 25.00
Game finished: 0-1
Win rate: 5.15%, Loss rate: 89.26%, Draw rate: 5.59%
P: -7.28, N: -4.94, B: -0.41, R: -11.73, Q: -2.19, K: 0.61, M: 25.00
Game finished: 0-1
Win rate: 5.14%, Loss rate: 89.27%, Draw rate: 5.59%
P: -6.91, N: -4.79, B: 0.39, R: -11.26, Q: -1.84, K: 0.61, M: 25.00
Game finished: 0-1
Win rate: 5.14%, Loss rate: 89.28%, Draw rate: 5.58%
P: -7.60, N: -3.98, B: 0.47, R: -10.35, Q: -1.31, K: 0.61, M: 25.00
Game finished: 0-1
Win rate: 5.13%, Loss rate: 89.29%, Draw rate: 5.58%
P: -7.26, N: -3.60, B: 0.96, R: -9.88, Q: -0.79, K: 0.61, M: 25.00
Game finished: 0-1
Win rate: 5.13%, Loss rate: 89.29%, Draw rate: 5.58%
P: -7.15, N: -3.31, B: 1.07, R: -9.75, Q: -0.82, K: 0.61, M: 25.00
Game finished: 0-1
Win rate: 5.13%, Loss rate: 89.30%, Draw rate: 5.57%
P: -8.44, N: -3.66, B: 1.04, R: -10.29, Q: -0.64, K: 0.61, M: 25.00
Game finished: 0-1
Win rate: 5.12%, Loss rate: 89.31%, Draw rate: 5.57%
P: -8.58, N: -3.77, B: 1.02, R: -10.55, Q: -0.78, K: 0.61, M: 25.00
Game finished: 0-1
Win rate: 5.12%, Loss rate: 89.32%, Draw rate: 5.56%
P: -8.65, N: -4.57, B: 0.76, R: -11.23, Q: -0.86, K: 0.61, M: 25.00
Game finished: 0-1
Win rate: 5.11%, Loss rate: 89.33%, Draw rate: 5.56%
P: -8.38, N: -4.51, B: 0.86, R: -10.93, Q: -0.76, K: 0.61, M: 25.00
Game finished: 0-1
Win rate: 5.11%, Loss rate: 89.33%, Draw rate: 5.56%
P: -8.49, N: -4.76, B: 0.89, R: -10.70, Q: -0.73, K: 0.61, M: 25.00
Game finished: 0-1
Win rate: 5.11%, Loss rate: 89.34%, Draw rate: 5.55%
P: -7.77, N: -4.24, B: 1.13, R: -9.96, Q: -0.64, K: 0.61, M: 25.00
Game finished: 0-1
Win rate: 5.10%, Loss rate: 89.35%, Draw rate: 5.55%
P: -7.70, N: -4.41, B: 0.65, R: -10.16, Q: -0.79, K: 0.61, M: 25.00
Game finished: 0-1
Win rate: 5.10%, Loss rate: 89.36%, Draw rate: 5.54%
P: -6.89, N: -4.33, B: 0.65, R: -10.10, Q: -0.80, K: 0.61, M: 25.00
Game finished: 0-1
Win rate: 5.10%, Loss rate: 89.36%, Draw rate: 5.54%
P: -6.96, N: -4.29, B: 0.46, R: -10.23, Q: -0.71, K: 0.61, M: 25.00
Game finished: 1-0
Win rate: 5.17%, Loss rate: 89.30%, Draw rate: 5.54%
P: -7.23, N: -4.68, B: 0.52, R: -10.47, Q: -0.68, K: 0.61, M: 25.00
Game finished: 0-1
Win rate: 5.16%, Loss rate: 89.31%, Draw rate: 5.53%
P: -6.54, N: -4.69, B: 0.74, R: -10.47, Q: -1.02, K: 0.61, M: 25.00
Game finished: 0-1
Win rate: 5.16%, Loss rate: 89.31%, Draw rate: 5.53%
P: -5.87, N: -4.93, B: 0.34, R: -10.44, Q: -1.11, K: 0.61, M: 25.00
Game finished: 0-1
Win rate: 5.15%, Loss rate: 89.32%, Draw rate: 5.52%
P: -5.53, N: -4.52, B: 0.76, R: -10.40, Q: -1.25, K: 0.61, M: 25.00
Game finished: 1-0
Win rate: 5.22%, Loss rate: 89.26%, Draw rate: 5.52%
P: -8.71, N: -5.56, B: -1.42, R: -12.60, Q: -1.89, K: 0.61, M: 25.00
Game finished: 0-1
Win rate: 5.22%, Loss rate: 89.26%, Draw rate: 5.51%
P: -8.26, N: -5.84, B: -1.71, R: -12.77, Q: -1.91, K: 0.61, M: 25.00
Game finished: 0-1
Win rate: 5.22%, Loss rate: 89.27%, Draw rate: 5.51%
P: -6.12, N: -4.57, B: -0.30, R: -11.52, Q: -1.13, K: 0.61, M: 25.00
Game finished: 0-1
Win rate: 5.21%, Loss rate: 89.28%, Draw rate: 5.51%
P: -6.17, N: -4.95, B: -1.50, R: -12.32, Q: -0.56, K: 0.61, M: 25.00
Game finished: 1-0
Win rate: 5.28%, Loss rate: 89.21%, Draw rate: 5.50%
P: -3.66, N: -3.49, B: -0.44, R: -10.82, Q: -0.65, K: 0.61, M: 25.00
Game finished: 1/2-1/2
Win rate: 5.28%, Loss rate: 89.15%, Draw rate: 5.57%
P: -4.75, N: -3.91, B: -0.72, R: -11.23, Q: -0.84, K: 0.61, M: 25.00
Game finished: 0-1
Win rate: 5.27%, Loss rate: 89.16%, Draw rate: 5.57%
P: -7.37, N: -4.52, B: -1.82, R: -12.56, Q: -0.51, K: 0.61, M: 25.00
Game finished: 0-1
Win rate: 5.27%, Loss rate: 89.17%, Draw rate: 5.56%
P: -7.64, N: -4.84, B: -2.38, R: -12.47, Q: -0.52, K: 0.61, M: 25.00
Game finished: 0-1
Win rate: 5.27%, Loss rate: 89.17%, Draw rate: 5.56%
P: -6.40, N: -5.50, B: -1.62, R: -11.97, Q: -0.30, K: 0.61, M: 25.00
Game finished: 0-1
Win rate: 5.26%, Loss rate: 89.18%, Draw rate: 5.56%
P: -5.62, N: -5.46, B: -1.50, R: -11.81, Q: -0.23, K: 0.61, M: 25.00
Game finished: 1-0
Win rate: 5.33%, Loss rate: 89.12%, Draw rate: 5.55%
P: -5.88, N: -5.54, B: -1.99, R: -11.61, Q: 0.12, K: 0.61, M: 25.00
Game finished: 0-1
Win rate: 5.33%, Loss rate: 89.12%, Draw rate: 5.55%
P: -5.60, N: -5.79, B: -1.60, R: -11.69, Q: 0.19, K: 0.61, M: 25.00
Game finished: 1-0
Win rate: 5.40%, Loss rate: 89.06%, Draw rate: 5.54%
P: -4.42, N: -5.67, B: -0.36, R: -10.76, Q: 0.60, K: 0.61, M: 25.00
Game finished: 0-1
Win rate: 5.39%, Loss rate: 89.07%, Draw rate: 5.54%
P: -4.04, N: -5.93, B: -0.91, R: -10.99, Q: 0.45, K: 0.61, M: 25.00
Game finished: 0-1
Win rate: 5.39%, Loss rate: 89.08%, Draw rate: 5.54%
P: -5.45, N: -6.26, B: -1.06, R: -11.54, Q: 0.45, K: 0.61, M: 25.00
Game finished: 0-1
Win rate: 5.39%, Loss rate: 89.08%, Draw rate: 5.53%
P: -4.47, N: -5.82, B: -1.29, R: -11.09, Q: 0.63, K: 0.61, M: 25.00
Game finished: 0-1
Win rate: 5.38%, Loss rate: 89.09%, Draw rate: 5.53%
P: -7.30, N: -5.98, B: -2.03, R: -11.54, Q: 0.12, K: 0.61, M: 25.00
Game finished: 0-1
Win rate: 5.38%, Loss rate: 89.10%, Draw rate: 5.52%
P: -7.25, N: -6.27, B: -2.05, R: -11.71, Q: -0.29, K: 0.61, M: 25.00
Game finished: 0-1
Win rate: 5.37%, Loss rate: 89.11%, Draw rate: 5.52%
P: -7.72, N: -6.57, B: -2.60, R: -12.37, Q: 0.02, K: 0.61, M: 25.00
Game finished: 0-1
Win rate: 5.37%, Loss rate: 89.11%, Draw rate: 5.52%
P: -7.27, N: -6.38, B: -2.97, R: -12.71, Q: -0.11, K: 0.61, M: 25.00
Game finished: 1-0
Win rate: 5.44%, Loss rate: 89.05%, Draw rate: 5.51%
P: -8.26, N: -6.90, B: -3.10, R: -12.75, Q: -0.12, K: 0.61, M: 25.00
Game finished: 0-1
Win rate: 5.43%, Loss rate: 89.06%, Draw rate: 5.51%
P: -6.89, N: -6.72, B: -2.95, R: -12.20, Q: -0.12, K: 0.61, M: 25.00
Game finished: 0-1
Win rate: 5.43%, Loss rate: 89.07%, Draw rate: 5.50%
P: -6.92, N: -7.16, B: -3.65, R: -12.30, Q: 0.22, K: 0.61, M: 25.00
Game finished: 0-1
Win rate: 5.43%, Loss rate: 89.07%, Draw rate: 5.50%
P: -5.24, N: -6.58, B: -2.97, R: -12.54, Q: 0.56, K: 0.61, M: 25.00
Game finished: 0-1
Win rate: 5.42%, Loss rate: 89.08%, Draw rate: 5.50%
P: -5.83, N: -6.59, B: -3.23, R: -12.65, Q: 0.66, K: 0.61, M: 25.00
Game finished: 0-1
Win rate: 5.42%, Loss rate: 89.09%, Draw rate: 5.49%
P: -5.39, N: -6.47, B: -3.49, R: -12.99, Q: 0.43, K: 0.61, M: 25.00
Game finished: 0-1
Win rate: 5.42%, Loss rate: 89.10%, Draw rate: 5.49%
P: -5.82, N: -6.73, B: -3.91, R: -13.01, Q: 0.45, K: 0.61, M: 25.00
Game finished: 0-1
Win rate: 5.41%, Loss rate: 89.11%, Draw rate: 5.48%
P: -3.69, N: -6.77, B: -3.06, R: -12.23, Q: 0.98, K: 0.61, M: 25.00
Game finished: 0-1
Win rate: 5.41%, Loss rate: 89.11%, Draw rate: 5.48%
P: -4.15, N: -6.79, B: -3.01, R: -12.20, Q: 0.81, K: 0.61, M: 25.00
Game finished: 1-0
Win rate: 5.48%, Loss rate: 89.05%, Draw rate: 5.48%
P: -3.46, N: -6.47, B: -2.95, R: -11.80, Q: 0.77, K: 0.61, M: 25.00
Game finished: 0-1
Win rate: 5.47%, Loss rate: 89.06%, Draw rate: 5.47%
P: -4.58, N: -6.90, B: -3.52, R: -12.08, Q: 0.92, K: 0.61, M: 25.00
Game finished: 0-1
Win rate: 5.47%, Loss rate: 89.06%, Draw rate: 5.47%
P: -5.86, N: -7.30, B: -3.90, R: -12.83, Q: 0.62, K: 0.61, M: 25.00
Game finished: 0-1
Win rate: 5.46%, Loss rate: 89.07%, Draw rate: 5.46%
P: -6.84, N: -7.36, B: -3.70, R: -12.67, Q: 0.65, K: 0.61, M: 25.00
Game finished: 0-1
Win rate: 5.46%, Loss rate: 89.08%, Draw rate: 5.46%
P: -6.38, N: -6.68, B: -3.20, R: -11.57, Q: 0.89, K: 0.61, M: 25.00
Game finished: 0-1
Win rate: 5.46%, Loss rate: 89.09%, Draw rate: 5.46%
P: -4.85, N: -5.61, B: -2.68, R: -10.41, Q: 0.91, K: 0.61, M: 25.00
Game finished: 0-1
Win rate: 5.45%, Loss rate: 89.10%, Draw rate: 5.45%
P: -5.58, N: -5.75, B: -2.83, R: -10.58, Q: 0.95, K: 0.61, M: 25.00
Game finished: 1-0
Win rate: 5.52%, Loss rate: 89.03%, Draw rate: 5.45%
P: -5.15, N: -5.70, B: -3.02, R: -10.42, Q: 1.13, K: 0.61, M: 25.00
Game finished: 0-1
Win rate: 5.52%, Loss rate: 89.04%, Draw rate: 5.44%
P: -5.74, N: -5.93, B: -3.04, R: -10.57, Q: 1.15, K: 0.61, M: 25.00
Game finished: 1-0
Win rate: 5.58%, Loss rate: 88.98%, Draw rate: 5.44%
P: -6.12, N: -6.08, B: -2.72, R: -10.47, Q: 1.04, K: 0.61, M: 25.00
Game finished: 1-0
Win rate: 5.65%, Loss rate: 88.91%, Draw rate: 5.44%
P: -5.72, N: -5.75, B: -2.42, R: -10.14, Q: 1.03, K: 0.61, M: 25.00
Game finished: 0-1
Win rate: 5.65%, Loss rate: 88.92%, Draw rate: 5.43%
P: -5.88, N: -5.99, B: -2.60, R: -10.21, Q: 0.68, K: 0.61, M: 25.00
Game finished: 1/2-1/2
Win rate: 5.64%, Loss rate: 88.86%, Draw rate: 5.50%
Epsilon: 0.0946
Results saved to mf2_results/results.csv
Epsilon history saved to mf2_epsilon/epsilon.csv
Elapsed time: 0:09:02
P: -6.38, N: -5.33, B: -1.09, R: -9.46, Q: 1.22, K: 0.61, M: 25.00
Game finished: 0-1
Win rate: 5.64%, Loss rate: 88.87%, Draw rate: 5.50%
P: -6.23, N: -5.27, B: -0.35, R: -9.37, Q: 0.78, K: 0.61, M: 25.00
Game finished: 0-1
Win rate: 5.63%, Loss rate: 88.87%, Draw rate: 5.49%
P: -7.12, N: -5.31, B: -0.40, R: -10.08, Q: 0.60, K: 0.61, M: 25.00
Game finished: 0-1
Win rate: 5.63%, Loss rate: 88.88%, Draw rate: 5.49%
P: -5.05, N: -5.43, B: -0.01, R: -9.14, Q: 0.56, K: 0.61, M: 25.00
Game finished: 0-1
Win rate: 5.63%, Loss rate: 88.89%, Draw rate: 5.48%
P: -6.28, N: -5.27, B: 0.06, R: -9.25, Q: 0.43, K: 0.61, M: 25.00
Game finished: 0-1
Win rate: 5.62%, Loss rate: 88.90%, Draw rate: 5.48%
P: -6.03, N: -5.25, B: 0.43, R: -9.51, Q: 0.53, K: 0.61, M: 25.00
Game finished: 0-1
Win rate: 5.62%, Loss rate: 88.90%, Draw rate: 5.48%
P: -7.14, N: -5.43, B: 0.18, R: -9.97, Q: 0.53, K: 0.61, M: 25.00
Game finished: 0-1
Win rate: 5.61%, Loss rate: 88.91%, Draw rate: 5.47%
P: -7.43, N: -5.02, B: 0.26, R: -10.11, Q: 0.24, K: 0.61, M: 25.00
Game finished: 0-1
Win rate: 5.61%, Loss rate: 88.92%, Draw rate: 5.47%
P: -8.25, N: -4.97, B: 0.26, R: -10.43, Q: 0.10, K: 0.61, M: 25.00
Game finished: 1/2-1/2
Win rate: 5.61%, Loss rate: 88.86%, Draw rate: 5.54%
P: -8.09, N: -5.38, B: 0.33, R: -10.48, Q: 0.04, K: 0.61, M: 25.00
Game finished: 0-1
Win rate: 5.60%, Loss rate: 88.87%, Draw rate: 5.53%
P: -8.33, N: -5.22, B: 0.47, R: -10.46, Q: 0.22, K: 0.61, M: 25.00
Game finished: 0-1
Win rate: 5.60%, Loss rate: 88.87%, Draw rate: 5.53%
P: -8.93, N: -5.05, B: 0.81, R: -10.42, Q: 0.54, K: 0.61, M: 25.00
Game finished: 1-0
Win rate: 5.67%, Loss rate: 88.81%, Draw rate: 5.52%
P: -9.56, N: -5.78, B: 0.84, R: -10.46, Q: 0.68, K: 0.61, M: 25.00
Game finished: 0-1
Win rate: 5.66%, Loss rate: 88.82%, Draw rate: 5.52%
P: -9.26, N: -6.23, B: 0.26, R: -10.49, Q: 0.88, K: 0.61, M: 25.00
Game finished: 0-1
Win rate: 5.66%, Loss rate: 88.83%, Draw rate: 5.52%
P: -9.15, N: -6.03, B: 0.54, R: -10.57, Q: 0.83, K: 0.61, M: 25.00
Game finished: 0-1
Win rate: 5.65%, Loss rate: 88.83%, Draw rate: 5.51%
P: -9.09, N: -6.34, B: 0.16, R: -10.55, Q: 0.82, K: 0.61, M: 25.00
Game finished: 0-1
Win rate: 5.65%, Loss rate: 88.84%, Draw rate: 5.51%
P: -8.53, N: -6.46, B: -0.31, R: -10.65, Q: 0.68, K: 0.61, M: 25.00
Game finished: 1-0
Win rate: 5.72%, Loss rate: 88.78%, Draw rate: 5.50%
P: -8.49, N: -6.20, B: -0.63, R: -11.08, Q: 0.63, K: 0.61, M: 25.00
Game finished: 0-1
Win rate: 5.71%, Loss rate: 88.79%, Draw rate: 5.50%
P: -8.91, N: -5.60, B: -0.26, R: -11.62, Q: 0.24, K: 0.61, M: 25.00
Game finished: 1-0
Win rate: 5.78%, Loss rate: 88.72%, Draw rate: 5.50%
P: -7.12, N: -5.44, B: -0.24, R: -11.79, Q: -0.00, K: 0.61, M: 25.00
Game finished: 0-1
Win rate: 5.77%, Loss rate: 88.73%, Draw rate: 5.49%
P: -6.31, N: -5.89, B: -1.44, R: -12.18, Q: -0.29, K: 0.61, M: 25.00
Game finished: 0-1
Win rate: 5.77%, Loss rate: 88.74%, Draw rate: 5.49%
P: -7.15, N: -6.14, B: -1.94, R: -12.67, Q: -0.31, K: 0.61, M: 25.00
Game finished: 0-1
Win rate: 5.77%, Loss rate: 88.75%, Draw rate: 5.49%
P: -8.37, N: -6.41, B: -2.35, R: -13.22, Q: -0.33, K: 0.61, M: 25.00
Game finished: 0-1
Win rate: 5.76%, Loss rate: 88.76%, Draw rate: 5.48%
P: -8.49, N: -6.74, B: -2.52, R: -13.46, Q: -0.46, K: 0.61, M: 25.00
Game finished: 0-1
Win rate: 5.76%, Loss rate: 88.76%, Draw rate: 5.48%
P: -8.86, N: -6.58, B: -2.41, R: -13.19, Q: -0.51, K: 0.61, M: 25.00
Game finished: 0-1
Win rate: 5.75%, Loss rate: 88.77%, Draw rate: 5.47%
P: -9.63, N: -6.90, B: -2.94, R: -13.55, Q: -0.60, K: 0.61, M: 25.00
Game finished: 1-0
Win rate: 5.82%, Loss rate: 88.71%, Draw rate: 5.47%
P: -8.37, N: -7.07, B: -2.03, R: -13.38, Q: -0.36, K: 0.61, M: 25.00
Game finished: 1-0
Win rate: 5.89%, Loss rate: 88.65%, Draw rate: 5.47%
P: -7.25, N: -6.49, B: -1.18, R: -12.75, Q: 0.38, K: 0.61, M: 25.00
Game finished: 1/2-1/2
Win rate: 5.88%, Loss rate: 88.59%, Draw rate: 5.53%
P: -7.73, N: -6.32, B: -1.37, R: -12.71, Q: 0.02, K: 0.61, M: 25.00
Game finished: 0-1
Win rate: 5.88%, Loss rate: 88.59%, Draw rate: 5.53%
P: -6.45, N: -5.80, B: -0.59, R: -11.99, Q: 0.21, K: 0.61, M: 25.00
Game finished: 0-1
Win rate: 5.87%, Loss rate: 88.60%, Draw rate: 5.52%
P: -7.04, N: -6.14, B: -0.67, R: -12.02, Q: 0.11, K: 0.61, M: 25.00
Game finished: 0-1
Win rate: 5.87%, Loss rate: 88.61%, Draw rate: 5.52%
P: -7.37, N: -5.46, B: -0.71, R: -12.07, Q: 0.51, K: 0.61, M: 25.00
Game finished: 1/2-1/2
Win rate: 5.87%, Loss rate: 88.55%, Draw rate: 5.59%
P: -5.31, N: -5.93, B: -0.92, R: -10.88, Q: 0.71, K: 0.61, M: 25.00
Game finished: 0-1
Win rate: 5.86%, Loss rate: 88.56%, Draw rate: 5.58%
P: -6.48, N: -6.04, B: -1.48, R: -12.09, Q: -0.03, K: 0.61, M: 25.00
Game finished: 0-1
Win rate: 5.86%, Loss rate: 88.56%, Draw rate: 5.58%
P: -5.93, N: -5.97, B: -1.36, R: -11.61, Q: -0.22, K: 0.61, M: 25.00
Game finished: 0-1
Win rate: 5.85%, Loss rate: 88.57%, Draw rate: 5.57%
P: -6.50, N: -6.42, B: -2.24, R: -12.09, Q: -0.43, K: 0.61, M: 25.00
Game finished: 1-0
Win rate: 5.92%, Loss rate: 88.51%, Draw rate: 5.57%
P: -6.42, N: -6.37, B: -2.04, R: -11.93, Q: -0.18, K: 0.61, M: 25.00
Game finished: 0-1
Win rate: 5.92%, Loss rate: 88.52%, Draw rate: 5.57%
P: -5.94, N: -5.96, B: -1.04, R: -11.49, Q: 0.18, K: 0.61, M: 25.00
Game finished: 0-1
Win rate: 5.91%, Loss rate: 88.53%, Draw rate: 5.56%
P: -6.65, N: -6.58, B: -1.43, R: -11.24, Q: 0.04, K: 0.61, M: 25.00
Game finished: 1/2-1/2
Win rate: 5.91%, Loss rate: 88.46%, Draw rate: 5.63%
P: -7.51, N: -7.23, B: -1.67, R: -12.03, Q: -0.24, K: 0.61, M: 25.00
Game finished: 0-1
Win rate: 5.90%, Loss rate: 88.47%, Draw rate: 5.62%
P: -7.14, N: -7.38, B: -1.57, R: -12.04, Q: -0.71, K: 0.61, M: 25.00
Game finished: 0-1
Win rate: 5.90%, Loss rate: 88.48%, Draw rate: 5.62%
P: -8.28, N: -6.69, B: -0.93, R: -11.47, Q: -1.92, K: 0.61, M: 25.00
Game finished: 0-1
Win rate: 5.89%, Loss rate: 88.49%, Draw rate: 5.62%
P: -7.57, N: -6.54, B: -1.03, R: -11.35, Q: -1.86, K: 0.61, M: 25.00
Game finished: 0-1
Win rate: 5.89%, Loss rate: 88.50%, Draw rate: 5.61%
P: -6.64, N: -5.73, B: 0.06, R: -9.97, Q: -1.91, K: 0.61, M: 25.00
Game finished: 0-1
Win rate: 5.89%, Loss rate: 88.50%, Draw rate: 5.61%
P: -5.14, N: -5.08, B: 0.08, R: -9.49, Q: -1.50, K: 0.61, M: 25.00
Game finished: 1-0
Win rate: 5.95%, Loss rate: 88.44%, Draw rate: 5.61%
P: -4.67, N: -4.72, B: 0.33, R: -9.54, Q: -1.77, K: 0.61, M: 25.00
Game finished: 0-1
Win rate: 5.95%, Loss rate: 88.45%, Draw rate: 5.60%
P: -5.83, N: -5.56, B: -0.45, R: -10.32, Q: -1.73, K: 0.61, M: 25.00
Game finished: 0-1
Win rate: 5.94%, Loss rate: 88.46%, Draw rate: 5.60%
P: -5.38, N: -5.22, B: 0.07, R: -9.66, Q: -1.56, K: 0.61, M: 25.00
Game finished: 1/2-1/2
Win rate: 5.94%, Loss rate: 88.40%, Draw rate: 5.66%
P: -5.76, N: -5.71, B: -0.24, R: -10.62, Q: -1.28, K: 0.61, M: 25.00
Game finished: 0-1
Win rate: 5.94%, Loss rate: 88.41%, Draw rate: 5.66%
P: -6.91, N: -5.51, B: 0.12, R: -10.91, Q: -1.53, K: 0.61, M: 25.00
Game finished: 0-1
Win rate: 5.93%, Loss rate: 88.41%, Draw rate: 5.66%
P: -7.40, N: -5.38, B: 0.07, R: -10.87, Q: -1.50, K: 0.61, M: 25.00
Game finished: 0-1
Win rate: 5.93%, Loss rate: 88.42%, Draw rate: 5.65%
P: -6.97, N: -4.57, B: 0.93, R: -10.65, Q: -1.06, K: 0.61, M: 25.00
Game finished: 0-1
Win rate: 5.92%, Loss rate: 88.43%, Draw rate: 5.65%
P: -7.05, N: -4.94, B: 0.53, R: -10.88, Q: -0.80, K: 0.61, M: 25.00
Game finished: 1-0
Win rate: 5.99%, Loss rate: 88.37%, Draw rate: 5.64%
P: -6.75, N: -4.93, B: 0.57, R: -10.80, Q: -0.82, K: 0.61, M: 25.00
Game finished: 0-1
Win rate: 5.98%, Loss rate: 88.38%, Draw rate: 5.64%
P: -6.64, N: -4.65, B: 0.54, R: -10.80, Q: -0.76, K: 0.61, M: 25.00
Game finished: 0-1
Win rate: 5.98%, Loss rate: 88.38%, Draw rate: 5.64%
P: -6.90, N: -4.78, B: 0.76, R: -10.84, Q: -0.88, K: 0.61, M: 25.00
Game finished: 0-1
Win rate: 5.98%, Loss rate: 88.39%, Draw rate: 5.63%
P: -8.05, N: -5.15, B: 0.63, R: -11.17, Q: -0.95, K: 0.61, M: 25.00
Game finished: 0-1
Win rate: 5.97%, Loss rate: 88.40%, Draw rate: 5.63%
P: -6.07, N: -4.59, B: 0.68, R: -10.34, Q: -0.54, K: 0.61, M: 25.00
Game finished: 0-1
Win rate: 5.97%, Loss rate: 88.41%, Draw rate: 5.62%
P: -4.81, N: -4.00, B: 1.35, R: -9.97, Q: -0.29, K: 0.61, M: 25.00
Game finished: 0-1
Win rate: 5.96%, Loss rate: 88.42%, Draw rate: 5.62%
P: -5.18, N: -4.08, B: 1.04, R: -10.27, Q: -0.24, K: 0.61, M: 25.00
Game finished: 0-1
Win rate: 5.96%, Loss rate: 88.42%, Draw rate: 5.62%
P: -5.71, N: -4.12, B: 0.45, R: -10.80, Q: -0.44, K: 0.61, M: 25.00
Game finished: 0-1
Win rate: 5.95%, Loss rate: 88.43%, Draw rate: 5.61%
P: -6.19, N: -4.22, B: 0.95, R: -11.11, Q: -0.15, K: 0.61, M: 25.00
Game finished: 0-1
Win rate: 5.95%, Loss rate: 88.44%, Draw rate: 5.61%
P: -6.83, N: -4.33, B: 0.87, R: -11.04, Q: -0.05, K: 0.61, M: 25.00
Game finished: 0-1
Win rate: 5.95%, Loss rate: 88.45%, Draw rate: 5.60%
P: -6.31, N: -3.96, B: 1.33, R: -10.83, Q: -0.06, K: 0.61, M: 25.00
Game finished: 0-1
Win rate: 5.94%, Loss rate: 88.46%, Draw rate: 5.60%
P: -6.62, N: -4.17, B: 0.75, R: -11.39, Q: -0.31, K: 0.61, M: 25.00
Game finished: 0-1
Win rate: 5.94%, Loss rate: 88.46%, Draw rate: 5.60%
P: -6.34, N: -3.85, B: 1.35, R: -11.24, Q: -0.11, K: 0.61, M: 25.00
Game finished: 1/2-1/2
Win rate: 5.93%, Loss rate: 88.40%, Draw rate: 5.66%
P: -7.72, N: -4.48, B: 0.75, R: -12.08, Q: -0.22, K: 0.61, M: 25.00
Game finished: 0-1
Win rate: 5.93%, Loss rate: 88.41%, Draw rate: 5.66%
P: -7.32, N: -4.46, B: 1.02, R: -11.90, Q: -0.17, K: 0.61, M: 25.00
Game finished: 1-0
Win rate: 5.99%, Loss rate: 88.35%, Draw rate: 5.65%
P: -8.58, N: -5.15, B: 0.41, R: -12.43, Q: -0.59, K: 0.61, M: 25.00
Game finished: 0-1
Win rate: 5.99%, Loss rate: 88.36%, Draw rate: 5.65%
P: -8.24, N: -5.59, B: 0.91, R: -11.91, Q: -0.37, K: 0.61, M: 25.00
Game finished: 0-1
Win rate: 5.99%, Loss rate: 88.37%, Draw rate: 5.65%
P: -8.07, N: -5.67, B: 0.87, R: -11.88, Q: -0.28, K: 0.61, M: 25.00
Game finished: 1-0
Win rate: 6.05%, Loss rate: 88.31%, Draw rate: 5.64%
P: -8.73, N: -5.89, B: 0.42, R: -12.46, Q: -0.84, K: 0.61, M: 25.00
Game finished: 1/2-1/2
Win rate: 6.05%, Loss rate: 88.25%, Draw rate: 5.71%
P: -8.30, N: -5.95, B: 0.30, R: -12.57, Q: -0.85, K: 0.61, M: 25.00
Game finished: 1-0
Win rate: 6.11%, Loss rate: 88.19%, Draw rate: 5.70%
P: -9.21, N: -6.09, B: 0.03, R: -12.94, Q: -0.98, K: 0.61, M: 25.00
Game finished: 0-1
Win rate: 6.11%, Loss rate: 88.20%, Draw rate: 5.70%
P: -9.02, N: -5.28, B: 1.16, R: -12.21, Q: -0.63, K: 0.61, M: 25.00
Game finished: 0-1
Win rate: 6.10%, Loss rate: 88.20%, Draw rate: 5.69%
P: -8.18, N: -5.20, B: 1.39, R: -11.85, Q: -0.44, K: 0.61, M: 25.00
Game finished: 0-1
Win rate: 6.10%, Loss rate: 88.21%, Draw rate: 5.69%
P: -7.96, N: -4.82, B: 1.53, R: -11.46, Q: -0.32, K: 0.61, M: 25.00
Game finished: 1-0
Win rate: 6.16%, Loss rate: 88.15%, Draw rate: 5.69%
P: -8.41, N: -4.88, B: 1.83, R: -11.68, Q: -0.26, K: 0.61, M: 25.00
Game finished: 0-1
Win rate: 6.16%, Loss rate: 88.16%, Draw rate: 5.68%
P: -9.87, N: -5.01, B: 1.24, R: -12.23, Q: -0.72, K: 0.61, M: 25.00
Game finished: 0-1
Win rate: 6.15%, Loss rate: 88.17%, Draw rate: 5.68%
P: -9.22, N: -4.82, B: 0.95, R: -12.21, Q: -0.74, K: 0.61, M: 25.00
Game finished: 0-1
Win rate: 6.15%, Loss rate: 88.18%, Draw rate: 5.68%
P: -5.86, N: -4.40, B: 1.42, R: -10.76, Q: -0.64, K: 0.61, M: 25.00
Game finished: 0-1
Win rate: 6.14%, Loss rate: 88.18%, Draw rate: 5.67%
P: -8.39, N: -5.08, B: 0.87, R: -11.49, Q: -1.18, K: 0.61, M: 25.00
Game finished: 0-1
Win rate: 6.14%, Loss rate: 88.19%, Draw rate: 5.67%
P: -8.37, N: -5.56, B: 0.22, R: -11.97, Q: -1.30, K: 0.61, M: 25.00
Game finished: 0-1
Win rate: 6.14%, Loss rate: 88.20%, Draw rate: 5.66%
P: -8.40, N: -5.39, B: 0.25, R: -11.92, Q: -1.45, K: 0.61, M: 25.00
Game finished: 1-0
Win rate: 6.20%, Loss rate: 88.14%, Draw rate: 5.66%
P: -6.25, N: -5.37, B: 0.74, R: -10.60, Q: -1.49, K: 0.61, M: 25.00
Game finished: 1-0
Win rate: 6.26%, Loss rate: 88.08%, Draw rate: 5.66%
P: -6.80, N: -6.11, B: 0.49, R: -10.86, Q: -1.76, K: 0.61, M: 25.00
Game finished: 0-1
Win rate: 6.26%, Loss rate: 88.09%, Draw rate: 5.65%
P: -5.03, N: -6.02, B: 0.71, R: -9.77, Q: -1.97, K: 0.61, M: 25.00
Game finished: 1/2-1/2
Win rate: 6.25%, Loss rate: 88.03%, Draw rate: 5.72%
P: -4.90, N: -6.25, B: 0.28, R: -9.18, Q: -3.05, K: 0.61, M: 25.00
Game finished: 0-1
Win rate: 6.25%, Loss rate: 88.04%, Draw rate: 5.71%
P: -3.26, N: -6.59, B: 0.53, R: -8.76, Q: -3.11, K: 0.61, M: 25.00
Game finished: 0-1
Win rate: 6.25%, Loss rate: 88.05%, Draw rate: 5.71%
P: -3.62, N: -6.59, B: 0.51, R: -8.73, Q: -3.15, K: 0.61, M: 25.00
Game finished: 0-1
Win rate: 6.24%, Loss rate: 88.05%, Draw rate: 5.70%
P: -4.59, N: -7.06, B: -0.14, R: -9.20, Q: -3.35, K: 0.61, M: 25.00
Game finished: 0-1
Win rate: 6.24%, Loss rate: 88.06%, Draw rate: 5.70%
P: -5.31, N: -7.04, B: -0.53, R: -9.55, Q: -3.76, K: 0.61, M: 25.00
Game finished: 0-1
Win rate: 6.23%, Loss rate: 88.07%, Draw rate: 5.70%
P: -4.28, N: -7.54, B: -0.47, R: -9.41, Q: -4.03, K: 0.61, M: 25.00
Game finished: 0-1
Win rate: 6.23%, Loss rate: 88.08%, Draw rate: 5.69%
P: -5.95, N: -7.01, B: -0.32, R: -9.12, Q: -3.31, K: 0.61, M: 25.00
Game finished: 0-1
Win rate: 6.22%, Loss rate: 88.09%, Draw rate: 5.69%
P: -6.21, N: -7.36, B: -0.55, R: -9.30, Q: -3.37, K: 0.61, M: 25.00
Game finished: 0-1
Win rate: 6.22%, Loss rate: 88.09%, Draw rate: 5.69%
P: -6.93, N: -7.72, B: -0.87, R: -9.52, Q: -3.49, K: 0.61, M: 25.00
Game finished: 0-1
Win rate: 6.22%, Loss rate: 88.10%, Draw rate: 5.68%
P: -6.53, N: -8.34, B: -1.34, R: -9.89, Q: -3.97, K: 0.61, M: 25.00
Game finished: 0-1
Win rate: 6.21%, Loss rate: 88.11%, Draw rate: 5.68%
P: -5.06, N: -7.15, B: -0.92, R: -9.16, Q: -3.91, K: 0.61, M: 24.90
Game finished: 0-1
Win rate: 6.21%, Loss rate: 88.12%, Draw rate: 5.67%
P: -4.26, N: -7.03, B: -0.62, R: -8.76, Q: -3.76, K: 0.61, M: 24.91
Game finished: 0-1
Win rate: 6.20%, Loss rate: 88.13%, Draw rate: 5.67%
P: -5.71, N: -7.52, B: -0.66, R: -9.48, Q: -4.25, K: 0.61, M: 24.91
Game finished: 1-0
Win rate: 6.27%, Loss rate: 88.07%, Draw rate: 5.67%
Epsilon: 0.0946
Results saved to mf2_results/results.csv
Epsilon history saved to mf2_epsilon/epsilon.csv
Elapsed time: 0:09:42
P: -5.30, N: -7.61, B: -0.55, R: -9.09, Q: -4.19, K: 0.61, M: 24.91
Game finished: 1-0
Win rate: 6.33%, Loss rate: 88.01%, Draw rate: 5.66%
P: -5.77, N: -7.54, B: -0.30, R: -9.40, Q: -4.09, K: 0.61, M: 24.92
Game finished: 0-1
Win rate: 6.32%, Loss rate: 88.02%, Draw rate: 5.66%
P: -6.84, N: -7.61, B: -0.51, R: -9.61, Q: -3.99, K: 0.61, M: 24.93
Game finished: 0-1
Win rate: 6.32%, Loss rate: 88.02%, Draw rate: 5.66%
P: -7.50, N: -7.35, B: -0.78, R: -9.66, Q: -4.11, K: 0.61, M: 24.93
Game finished: 1/2-1/2
Win rate: 6.32%, Loss rate: 87.97%, Draw rate: 5.72%
P: -7.39, N: -7.37, B: -0.71, R: -9.69, Q: -4.04, K: 0.61, M: 24.94
Game finished: 1-0
Win rate: 6.38%, Loss rate: 87.91%, Draw rate: 5.71%
P: -6.54, N: -7.20, B: -0.93, R: -9.69, Q: -4.34, K: 0.61, M: 24.94
Game finished: 0-1
Win rate: 6.37%, Loss rate: 87.92%, Draw rate: 5.71%
P: -5.74, N: -6.69, B: -0.74, R: -9.44, Q: -3.91, K: 0.61, M: 24.95
Game finished: 0-1
Win rate: 6.37%, Loss rate: 87.92%, Draw rate: 5.71%
P: -5.89, N: -6.98, B: -0.61, R: -9.54, Q: -3.61, K: 0.61, M: 24.95
Game finished: 1-0
Win rate: 6.43%, Loss rate: 87.86%, Draw rate: 5.70%
P: -7.51, N: -8.08, B: -1.31, R: -9.88, Q: -3.48, K: 0.61, M: 25.00
Game finished: 1-0
Win rate: 6.49%, Loss rate: 87.81%, Draw rate: 5.70%
P: -6.63, N: -8.16, B: -1.33, R: -9.69, Q: -3.50, K: 0.61, M: 25.00
Game finished: 0-1
Win rate: 6.49%, Loss rate: 87.81%, Draw rate: 5.70%
P: -4.68, N: -7.30, B: -0.70, R: -9.28, Q: -2.90, K: 0.61, M: 25.00
Game finished: 0-1
Win rate: 6.49%, Loss rate: 87.82%, Draw rate: 5.69%
P: -3.71, N: -6.13, B: 0.24, R: -8.39, Q: -2.31, K: 0.61, M: 25.00
Game finished: 1-0
Win rate: 6.55%, Loss rate: 87.76%, Draw rate: 5.69%
P: -5.71, N: -6.34, B: 0.32, R: -8.91, Q: -2.98, K: 0.61, M: 25.00
Game finished: 0-1
Win rate: 6.54%, Loss rate: 87.77%, Draw rate: 5.68%
P: -5.49, N: -5.77, B: 0.20, R: -8.70, Q: -2.99, K: 0.61, M: 25.00
Game finished: 0-1
Win rate: 6.54%, Loss rate: 87.78%, Draw rate: 5.68%
P: -7.82, N: -6.81, B: -0.57, R: -9.55, Q: -2.69, K: 0.61, M: 25.00
Game finished: 1-0
Win rate: 6.60%, Loss rate: 87.72%, Draw rate: 5.68%
P: -7.85, N: -6.77, B: -0.73, R: -9.49, Q: -2.66, K: 0.61, M: 25.00
Game finished: 0-1
Win rate: 6.60%, Loss rate: 87.73%, Draw rate: 5.67%
P: -8.60, N: -6.44, B: -1.18, R: -9.38, Q: -2.38, K: 0.61, M: 25.00
Game finished: 1/2-1/2
Win rate: 6.59%, Loss rate: 87.67%, Draw rate: 5.74%
P: -6.01, N: -5.90, B: -0.36, R: -7.98, Q: -2.08, K: 0.61, M: 25.00
Game finished: 0-1
Win rate: 6.59%, Loss rate: 87.68%, Draw rate: 5.73%
P: -6.31, N: -5.39, B: -0.65, R: -8.00, Q: -1.92, K: 0.61, M: 25.00
Game finished: 0-1
Win rate: 6.58%, Loss rate: 87.69%, Draw rate: 5.73%
P: -7.52, N: -5.67, B: -0.88, R: -8.60, Q: -1.98, K: 0.61, M: 25.00
Game finished: 0-1
Win rate: 6.58%, Loss rate: 87.70%, Draw rate: 5.72%
P: -7.41, N: -5.58, B: -0.90, R: -8.77, Q: -1.99, K: 0.61, M: 25.00
Game finished: 0-1
Win rate: 6.57%, Loss rate: 87.71%, Draw rate: 5.72%
P: -7.02, N: -4.98, B: -0.83, R: -7.53, Q: -1.44, K: 0.61, M: 25.00
Game finished: 0-1
Win rate: 6.57%, Loss rate: 87.71%, Draw rate: 5.72%
P: -8.40, N: -5.46, B: -0.92, R: -8.63, Q: -1.92, K: 0.61, M: 25.00
Game finished: 0-1
Win rate: 6.57%, Loss rate: 87.72%, Draw rate: 5.71%
P: -6.55, N: -4.83, B: -0.72, R: -7.97, Q: -1.77, K: 0.61, M: 25.00
Game finished: 1-0
Win rate: 6.63%, Loss rate: 87.66%, Draw rate: 5.71%
P: -6.81, N: -5.03, B: -0.57, R: -8.18, Q: -1.77, K: 0.61, M: 25.00
Game finished: 0-1
Win rate: 6.62%, Loss rate: 87.67%, Draw rate: 5.70%
P: -8.99, N: -5.24, B: -1.13, R: -8.55, Q: -1.71, K: 0.61, M: 25.00
Game finished: 0-1
Win rate: 6.62%, Loss rate: 87.68%, Draw rate: 5.70%
P: -8.91, N: -5.87, B: -1.28, R: -8.92, Q: -1.83, K: 0.61, M: 25.00
Game finished: 1-0
Win rate: 6.68%, Loss rate: 87.62%, Draw rate: 5.70%
P: -8.03, N: -5.66, B: -0.95, R: -8.61, Q: -1.97, K: 0.61, M: 25.00
Game finished: 0-1
Win rate: 6.68%, Loss rate: 87.63%, Draw rate: 5.69%
P: -7.35, N: -5.64, B: -0.84, R: -8.21, Q: -1.82, K: 0.61, M: 25.00
Game finished: 0-1
Win rate: 6.67%, Loss rate: 87.64%, Draw rate: 5.69%
P: -9.03, N: -5.80, B: -0.94, R: -9.22, Q: -1.87, K: 0.61, M: 25.00
Game finished: 1-0
Win rate: 6.73%, Loss rate: 87.58%, Draw rate: 5.69%
P: -8.36, N: -5.54, B: -1.11, R: -9.19, Q: -1.74, K: 0.61, M: 25.00
Game finished: 1-0
Win rate: 6.79%, Loss rate: 87.52%, Draw rate: 5.68%
P: -7.78, N: -5.79, B: -1.14, R: -9.67, Q: -1.44, K: 0.61, M: 25.00
Game finished: 1-0
Win rate: 6.85%, Loss rate: 87.47%, Draw rate: 5.68%
P: -6.65, N: -5.63, B: -0.94, R: -9.31, Q: -1.24, K: 0.61, M: 25.00
Game finished: 0-1
Win rate: 6.85%, Loss rate: 87.48%, Draw rate: 5.68%
P: -5.99, N: -5.31, B: -0.98, R: -9.11, Q: -1.11, K: 0.61, M: 25.00
Game finished: 0-1
Win rate: 6.84%, Loss rate: 87.48%, Draw rate: 5.67%
P: -7.43, N: -6.12, B: -1.53, R: -10.30, Q: -1.04, K: 0.61, M: 25.00
Game finished: 1-0
Win rate: 6.91%, Loss rate: 87.43%, Draw rate: 5.67%
P: -6.56, N: -4.94, B: -1.11, R: -9.63, Q: -1.19, K: 0.61, M: 25.00
Game finished: 0-1
Win rate: 6.90%, Loss rate: 87.43%, Draw rate: 5.66%
P: -5.68, N: -4.71, B: -0.50, R: -9.49, Q: -0.88, K: 0.61, M: 25.00
Game finished: 1/2-1/2
Win rate: 6.90%, Loss rate: 87.38%, Draw rate: 5.73%
P: -5.98, N: -5.35, B: -0.49, R: -9.55, Q: -0.56, K: 0.61, M: 25.00
Game finished: 0-1
Win rate: 6.89%, Loss rate: 87.39%, Draw rate: 5.72%
P: -6.06, N: -5.05, B: -0.97, R: -8.79, Q: -0.62, K: 0.61, M: 25.00
Game finished: 0-1
Win rate: 6.89%, Loss rate: 87.39%, Draw rate: 5.72%
P: -6.87, N: -5.50, B: -1.37, R: -9.14, Q: -0.80, K: 0.61, M: 25.00
Game finished: 0-1
Win rate: 6.88%, Loss rate: 87.40%, Draw rate: 5.71%
P: -6.11, N: -5.63, B: -0.95, R: -8.79, Q: -0.89, K: 0.61, M: 25.00
Game finished: 0-1
Win rate: 6.88%, Loss rate: 87.41%, Draw rate: 5.71%
P: -5.90, N: -5.28, B: -0.33, R: -8.66, Q: -0.86, K: 0.61, M: 25.00
Game finished: 1/2-1/2
Win rate: 6.87%, Loss rate: 87.35%, Draw rate: 5.77%
P: -5.56, N: -4.91, B: -0.27, R: -8.40, Q: -0.43, K: 0.61, M: 25.00
Game finished: 0-1
Win rate: 6.87%, Loss rate: 87.36%, Draw rate: 5.77%
P: -6.04, N: -4.96, B: -0.66, R: -8.44, Q: -0.39, K: 0.61, M: 25.00
Game finished: 0-1
Win rate: 6.87%, Loss rate: 87.37%, Draw rate: 5.76%
P: -9.06, N: -6.85, B: -1.73, R: -9.67, Q: -0.14, K: 0.61, M: 25.00
Game finished: 0-1
Win rate: 6.86%, Loss rate: 87.38%, Draw rate: 5.76%
P: -9.17, N: -7.46, B: -1.77, R: -9.87, Q: -0.20, K: 0.61, M: 25.00
Game finished: 1-0
Win rate: 6.92%, Loss rate: 87.32%, Draw rate: 5.76%
P: -8.48, N: -7.44, B: -1.86, R: -9.80, Q: -0.35, K: 0.61, M: 25.00
Game finished: 0-1
Win rate: 6.92%, Loss rate: 87.33%, Draw rate: 5.75%
P: -9.48, N: -7.46, B: -1.48, R: -10.27, Q: -0.51, K: 0.61, M: 25.00
Game finished: 0-1
Win rate: 6.91%, Loss rate: 87.34%, Draw rate: 5.75%
P: -7.47, N: -7.31, B: -1.87, R: -9.39, Q: -0.66, K: 0.61, M: 25.00
Game finished: 0-1
Win rate: 6.91%, Loss rate: 87.35%, Draw rate: 5.75%
P: -7.65, N: -7.37, B: -1.86, R: -9.46, Q: -0.54, K: 0.61, M: 25.00
Game finished: 1-0
Win rate: 6.97%, Loss rate: 87.29%, Draw rate: 5.74%
P: -6.81, N: -7.57, B: -1.81, R: -9.41, Q: -0.76, K: 0.61, M: 25.00
Game finished: 0-1
Win rate: 6.96%, Loss rate: 87.30%, Draw rate: 5.74%
P: -5.23, N: -8.08, B: -1.71, R: -8.95, Q: -0.96, K: 0.61, M: 25.00
Game finished: 0-1
Win rate: 6.96%, Loss rate: 87.31%, Draw rate: 5.73%
P: -5.57, N: -8.01, B: -1.93, R: -9.05, Q: -0.94, K: 0.61, M: 25.00
Game finished: 0-1
Win rate: 6.95%, Loss rate: 87.31%, Draw rate: 5.73%
P: -6.05, N: -7.90, B: -2.09, R: -9.33, Q: -0.86, K: 0.61, M: 25.00
Game finished: 0-1
Win rate: 6.95%, Loss rate: 87.32%, Draw rate: 5.73%
P: -6.35, N: -8.04, B: -2.31, R: -9.38, Q: -1.40, K: 0.61, M: 25.00
Game finished: 0-1
Win rate: 6.95%, Loss rate: 87.33%, Draw rate: 5.72%
P: -5.93, N: -8.11, B: -2.10, R: -8.99, Q: -1.33, K: 0.61, M: 25.00
Game finished: 1/2-1/2
Win rate: 6.94%, Loss rate: 87.28%, Draw rate: 5.78%
P: -6.35, N: -8.60, B: -2.33, R: -8.97, Q: -0.92, K: 0.61, M: 25.00
Game finished: 0-1
Win rate: 6.94%, Loss rate: 87.28%, Draw rate: 5.78%
P: -7.57, N: -8.61, B: -2.07, R: -9.51, Q: -0.81, K: 0.61, M: 25.00
Game finished: 0-1
Win rate: 6.93%, Loss rate: 87.29%, Draw rate: 5.78%
P: -7.18, N: -8.73, B: -2.27, R: -9.43, Q: -0.66, K: 0.61, M: 25.00
Game finished: 0-1
Win rate: 6.93%, Loss rate: 87.30%, Draw rate: 5.77%
P: -6.05, N: -8.76, B: -2.15, R: -9.18, Q: -0.91, K: 0.61, M: 25.00
Game finished: 0-1
Win rate: 6.92%, Loss rate: 87.31%, Draw rate: 5.77%
P: -5.86, N: -8.31, B: -1.91, R: -8.95, Q: -0.71, K: 0.61, M: 25.00
Game finished: 0-1
Win rate: 6.92%, Loss rate: 87.32%, Draw rate: 5.77%
P: -6.39, N: -8.44, B: -2.33, R: -9.32, Q: -0.89, K: 0.61, M: 25.00
Game finished: 0-1
Win rate: 6.91%, Loss rate: 87.32%, Draw rate: 5.76%
P: -6.18, N: -8.51, B: -2.06, R: -9.21, Q: -0.85, K: 0.61, M: 25.00
Game finished: 0-1
Win rate: 6.91%, Loss rate: 87.33%, Draw rate: 5.76%
P: -6.11, N: -8.28, B: -2.08, R: -9.32, Q: -0.94, K: 0.61, M: 25.00
Game finished: 0-1
Win rate: 6.91%, Loss rate: 87.34%, Draw rate: 5.75%
P: -6.57, N: -8.49, B: -2.06, R: -9.45, Q: -0.85, K: 0.61, M: 25.00
Game finished: 1/2-1/2
Win rate: 6.90%, Loss rate: 87.28%, Draw rate: 5.81%
P: -6.75, N: -7.47, B: -2.62, R: -9.57, Q: -0.85, K: 0.61, M: 25.00
Game finished: 0-1
Win rate: 6.90%, Loss rate: 87.29%, Draw rate: 5.81%
P: -6.72, N: -7.65, B: -2.31, R: -9.62, Q: -0.57, K: 0.61, M: 25.00
Game finished: 0-1
Win rate: 6.89%, Loss rate: 87.30%, Draw rate: 5.81%
P: -6.94, N: -8.09, B: -2.35, R: -9.26, Q: -0.44, K: 0.61, M: 25.00
Game finished: 0-1
Win rate: 6.89%, Loss rate: 87.31%, Draw rate: 5.80%
P: -6.68, N: -7.45, B: -1.53, R: -9.10, Q: -0.48, K: 0.61, M: 25.00
Game finished: 0-1
Win rate: 6.88%, Loss rate: 87.32%, Draw rate: 5.80%
P: -6.33, N: -6.79, B: -1.17, R: -8.65, Q: -0.54, K: 0.61, M: 25.00
Game finished: 0-1
Win rate: 6.88%, Loss rate: 87.32%, Draw rate: 5.80%
P: -6.34, N: -7.09, B: -1.09, R: -8.52, Q: -0.67, K: 0.61, M: 25.00
Game finished: 1-0
Win rate: 6.94%, Loss rate: 87.27%, Draw rate: 5.79%
P: -6.05, N: -6.48, B: -0.49, R: -7.80, Q: -0.17, K: 0.61, M: 25.00
Game finished: 0-1
Win rate: 6.93%, Loss rate: 87.28%, Draw rate: 5.79%
P: -6.06, N: -6.86, B: -0.62, R: -7.91, Q: -0.12, K: 0.61, M: 25.00
Game finished: 0-1
Win rate: 6.93%, Loss rate: 87.29%, Draw rate: 5.79%
P: -6.01, N: -6.83, B: -0.39, R: -7.89, Q: -0.22, K: 0.61, M: 25.00
Game finished: 0-1
Win rate: 6.93%, Loss rate: 87.29%, Draw rate: 5.78%
P: -5.70, N: -6.55, B: -0.11, R: -8.28, Q: -0.31, K: 0.61, M: 25.00
Game finished: 0-1
Win rate: 6.92%, Loss rate: 87.30%, Draw rate: 5.78%
P: -4.96, N: -6.59, B: -0.24, R: -8.33, Q: -0.33, K: 0.61, M: 25.00
Game finished: 0-1
Win rate: 6.92%, Loss rate: 87.31%, Draw rate: 5.77%
P: -6.30, N: -6.43, B: -0.46, R: -8.78, Q: -0.55, K: 0.61, M: 25.00
Game finished: 0-1
Win rate: 6.91%, Loss rate: 87.32%, Draw rate: 5.77%
P: -8.05, N: -7.34, B: -0.85, R: -9.47, Q: -1.09, K: 0.61, M: 25.00
Game finished: 0-1
Win rate: 6.91%, Loss rate: 87.33%, Draw rate: 5.77%
P: -8.07, N: -8.22, B: 0.12, R: -9.55, Q: -0.29, K: 0.61, M: 25.00
Game finished: 0-1
Win rate: 6.90%, Loss rate: 87.33%, Draw rate: 5.76%
P: -6.28, N: -6.35, B: 1.32, R: -8.41, Q: -0.18, K: 0.61, M: 25.00
Game finished: 1/2-1/2
Win rate: 6.90%, Loss rate: 87.28%, Draw rate: 5.82%
P: -6.99, N: -6.26, B: 1.19, R: -8.78, Q: -0.30, K: 0.61, M: 25.00
Game finished: 0-1
Win rate: 6.89%, Loss rate: 87.29%, Draw rate: 5.82%
P: -6.92, N: -6.26, B: 1.02, R: -9.00, Q: -0.51, K: 0.61, M: 25.00
Game finished: 1-0
Win rate: 6.95%, Loss rate: 87.23%, Draw rate: 5.82%
P: -6.34, N: -6.27, B: 0.79, R: -9.32, Q: -0.38, K: 0.61, M: 25.00
Game finished: 1-0
Win rate: 7.01%, Loss rate: 87.18%, Draw rate: 5.81%
P: -6.59, N: -6.39, B: 0.72, R: -9.49, Q: -0.33, K: 0.61, M: 25.00
Game finished: 0-1
Win rate: 7.01%, Loss rate: 87.18%, Draw rate: 5.81%
P: -7.58, N: -6.60, B: 0.27, R: -9.82, Q: -0.63, K: 0.61, M: 25.00
Game finished: 0-1
Win rate: 7.00%, Loss rate: 87.19%, Draw rate: 5.80%
P: -5.95, N: -6.43, B: 0.47, R: -9.24, Q: -0.60, K: 0.61, M: 25.00
Game finished: 0-1
Win rate: 7.00%, Loss rate: 87.20%, Draw rate: 5.80%
P: -6.48, N: -6.88, B: 0.43, R: -9.67, Q: -0.67, K: 0.61, M: 25.00
Game finished: 0-1
Win rate: 6.99%, Loss rate: 87.21%, Draw rate: 5.80%
P: -6.13, N: -6.78, B: 0.68, R: -9.41, Q: -0.74, K: 0.61, M: 25.00
Game finished: 0-1
Win rate: 6.99%, Loss rate: 87.22%, Draw rate: 5.79%
P: -6.79, N: -6.91, B: 0.57, R: -9.67, Q: -0.94, K: 0.61, M: 25.00
Game finished: 0-1
Win rate: 6.99%, Loss rate: 87.22%, Draw rate: 5.79%
P: -7.12, N: -8.36, B: 0.20, R: -9.91, Q: -1.14, K: 0.61, M: 25.00
Game finished: 0-1
Win rate: 6.98%, Loss rate: 87.23%, Draw rate: 5.79%
P: -7.13, N: -8.26, B: 0.43, R: -9.85, Q: -1.08, K: 0.61, M: 25.00
Game finished: 0-1
Win rate: 6.98%, Loss rate: 87.24%, Draw rate: 5.78%
P: -6.66, N: -7.47, B: 0.81, R: -9.85, Q: -0.65, K: 0.61, M: 25.00
Game finished: 0-1
Win rate: 6.97%, Loss rate: 87.25%, Draw rate: 5.78%
P: -6.21, N: -7.33, B: 0.73, R: -9.90, Q: -0.68, K: 0.61, M: 25.00
Game finished: 0-1
Win rate: 6.97%, Loss rate: 87.26%, Draw rate: 5.78%
P: -7.09, N: -7.99, B: 0.63, R: -10.41, Q: -0.52, K: 0.61, M: 25.00
Game finished: 0-1
Win rate: 6.96%, Loss rate: 87.26%, Draw rate: 5.77%
P: -9.07, N: -8.65, B: 0.54, R: -10.86, Q: -0.89, K: 0.61, M: 25.00
Game finished: 0-1
Win rate: 6.96%, Loss rate: 87.27%, Draw rate: 5.77%
P: -9.16, N: -8.50, B: 0.58, R: -11.00, Q: -0.95, K: 0.61, M: 25.00
Game finished: 0-1
Win rate: 6.95%, Loss rate: 87.28%, Draw rate: 5.76%
P: -9.30, N: -8.91, B: 0.49, R: -11.36, Q: -0.91, K: 0.61, M: 25.00
Game finished: 0-1
Win rate: 6.95%, Loss rate: 87.29%, Draw rate: 5.76%
P: -6.87, N: -8.76, B: 1.28, R: -9.57, Q: -0.58, K: 0.61, M: 25.00
Game finished: 0-1
Win rate: 6.95%, Loss rate: 87.30%, Draw rate: 5.76%
P: -7.40, N: -8.62, B: 1.40, R: -9.28, Q: -0.58, K: 0.61, M: 25.00
Game finished: 0-1
Win rate: 6.94%, Loss rate: 87.30%, Draw rate: 5.75%
P: -7.33, N: -8.24, B: 1.60, R: -8.99, Q: -0.38, K: 0.61, M: 25.00
Game finished: 0-1
Win rate: 6.94%, Loss rate: 87.31%, Draw rate: 5.75%
Epsilon: 0.0946
Results saved to mf2_results/results.csv
Epsilon history saved to mf2_epsilon/epsilon.csv
Elapsed time: 0:10:20
P: -8.05, N: -8.15, B: 1.40, R: -8.62, Q: -0.71, K: 0.61, M: 25.00
Game finished: 1-0
Win rate: 7.00%, Loss rate: 87.26%, Draw rate: 5.75%
P: -6.87, N: -7.62, B: 1.41, R: -8.07, Q: -1.03, K: 0.61, M: 25.00
Game finished: 0-1
Win rate: 6.99%, Loss rate: 87.27%, Draw rate: 5.74%
P: -7.72, N: -7.90, B: 1.44, R: -8.33, Q: -1.07, K: 0.61, M: 25.00
Game finished: 0-1
Win rate: 6.99%, Loss rate: 87.27%, Draw rate: 5.74%
P: -7.69, N: -8.04, B: 1.50, R: -8.26, Q: -1.06, K: 0.61, M: 25.00
Game finished: 1-0
Win rate: 7.04%, Loss rate: 87.22%, Draw rate: 5.74%
P: -8.41, N: -7.76, B: 1.39, R: -8.67, Q: -0.93, K: 0.61, M: 25.00
Game finished: 1/2-1/2
Win rate: 7.04%, Loss rate: 87.17%, Draw rate: 5.79%
P: -7.71, N: -7.43, B: 0.87, R: -8.31, Q: -0.95, K: 0.61, M: 25.00
Game finished: 0-1
Win rate: 7.04%, Loss rate: 87.17%, Draw rate: 5.79%
P: -8.34, N: -7.48, B: 0.60, R: -8.72, Q: -1.16, K: 0.61, M: 25.00
Game finished: 1-0
Win rate: 7.09%, Loss rate: 87.12%, Draw rate: 5.79%
P: -6.53, N: -6.80, B: 1.06, R: -8.04, Q: -0.79, K: 0.61, M: 25.00
Game finished: 1-0
Win rate: 7.15%, Loss rate: 87.06%, Draw rate: 5.78%
P: -6.60, N: -6.90, B: 1.04, R: -7.92, Q: -0.88, K: 0.61, M: 25.00
Game finished: 0-1
Win rate: 7.15%, Loss rate: 87.07%, Draw rate: 5.78%
P: -7.16, N: -6.33, B: -0.17, R: -7.64, Q: -1.44, K: 0.61, M: 25.00
Game finished: 1-0
Win rate: 7.20%, Loss rate: 87.02%, Draw rate: 5.78%
P: -7.51, N: -6.72, B: -0.24, R: -7.74, Q: -1.07, K: 0.61, M: 25.00
Game finished: 1-0
Win rate: 7.26%, Loss rate: 86.96%, Draw rate: 5.77%
P: -7.78, N: -6.60, B: -0.46, R: -7.92, Q: -1.06, K: 0.61, M: 25.00
Game finished: 0-1
Win rate: 7.26%, Loss rate: 86.97%, Draw rate: 5.77%
P: -8.89, N: -7.25, B: -0.93, R: -8.26, Q: -1.38, K: 0.61, M: 25.00
Game finished: 1-0
Win rate: 7.32%, Loss rate: 86.92%, Draw rate: 5.77%
P: -8.65, N: -7.15, B: -0.97, R: -8.41, Q: -1.56, K: 0.61, M: 25.00
Game finished: 0-1
Win rate: 7.31%, Loss rate: 86.93%, Draw rate: 5.76%
P: -6.87, N: -6.26, B: -0.29, R: -7.76, Q: -1.75, K: 0.61, M: 25.00
Game finished: 0-1
Win rate: 7.31%, Loss rate: 86.93%, Draw rate: 5.76%
P: -6.78, N: -7.09, B: -0.37, R: -8.14, Q: -1.97, K: 0.61, M: 25.00
Game finished: 0-1
Win rate: 7.30%, Loss rate: 86.94%, Draw rate: 5.75%
P: -6.12, N: -6.15, B: -0.22, R: -7.58, Q: -1.82, K: 0.61, M: 25.00
Game finished: 0-1
Win rate: 7.30%, Loss rate: 86.95%, Draw rate: 5.75%
P: -6.33, N: -6.48, B: -0.50, R: -7.74, Q: -1.76, K: 0.61, M: 25.00
Game finished: 1/2-1/2
Win rate: 7.29%, Loss rate: 86.90%, Draw rate: 5.81%
P: -8.62, N: -7.11, B: -0.74, R: -8.44, Q: -2.20, K: 0.61, M: 25.00
Game finished: 0-1
Win rate: 7.29%, Loss rate: 86.91%, Draw rate: 5.81%
P: -9.25, N: -7.45, B: -0.71, R: -8.96, Q: -2.42, K: 0.61, M: 25.00
Game finished: 1-0
Win rate: 7.35%, Loss rate: 86.85%, Draw rate: 5.80%
P: -8.21, N: -7.07, B: -0.31, R: -8.35, Q: -2.40, K: 0.61, M: 25.00
Game finished: 1-0
Win rate: 7.40%, Loss rate: 86.80%, Draw rate: 5.80%
P: -9.11, N: -7.29, B: -0.49, R: -8.65, Q: -2.44, K: 0.61, M: 25.00
Game finished: 0-1
Win rate: 7.40%, Loss rate: 86.81%, Draw rate: 5.80%
P: -8.42, N: -7.44, B: -0.19, R: -8.43, Q: -2.11, K: 0.61, M: 25.00
Game finished: 1-0
Win rate: 7.46%, Loss rate: 86.75%, Draw rate: 5.79%
P: -9.83, N: -8.49, B: -0.82, R: -8.87, Q: -1.94, K: 0.61, M: 25.00
Game finished: 1-0
Win rate: 7.51%, Loss rate: 86.70%, Draw rate: 5.79%
P: -9.41, N: -8.42, B: -0.84, R: -8.79, Q: -1.96, K: 0.61, M: 25.00
Game finished: 0-1
Win rate: 7.51%, Loss rate: 86.71%, Draw rate: 5.78%
P: -6.57, N: -8.49, B: -0.77, R: -7.64, Q: -1.77, K: 0.61, M: 25.00
Game finished: 1-0
Win rate: 7.56%, Loss rate: 86.65%, Draw rate: 5.78%
P: -7.72, N: -8.85, B: -1.44, R: -8.35, Q: -2.03, K: 0.61, M: 25.00
Game finished: 0-1
Win rate: 7.56%, Loss rate: 86.66%, Draw rate: 5.78%
P: -7.27, N: -8.57, B: -1.18, R: -8.01, Q: -1.96, K: 0.61, M: 25.00
Game finished: 1-0
Win rate: 7.62%, Loss rate: 86.61%, Draw rate: 5.77%
P: -6.62, N: -8.79, B: -1.31, R: -8.01, Q: -2.03, K: 0.61, M: 25.00
Game finished: 0-1
Win rate: 7.61%, Loss rate: 86.62%, Draw rate: 5.77%
P: -7.09, N: -8.98, B: -1.48, R: -8.19, Q: -1.89, K: 0.61, M: 25.00
Game finished: 0-1
Win rate: 7.61%, Loss rate: 86.63%, Draw rate: 5.77%
P: -5.65, N: -8.86, B: -1.35, R: -7.89, Q: -2.13, K: 0.61, M: 25.00
Game finished: 0-1
Win rate: 7.60%, Loss rate: 86.63%, Draw rate: 5.76%
P: -5.99, N: -9.23, B: -1.66, R: -8.23, Q: -2.38, K: 0.61, M: 24.97
Game finished: 1-0
Win rate: 7.66%, Loss rate: 86.58%, Draw rate: 5.76%
P: -6.60, N: -9.13, B: -2.05, R: -8.50, Q: -2.47, K: 0.61, M: 24.77
Game finished: 0-1
Win rate: 7.65%, Loss rate: 86.59%, Draw rate: 5.76%
P: -5.85, N: -8.86, B: -1.96, R: -8.20, Q: -2.47, K: 0.61, M: 24.77
Game finished: 0-1
Win rate: 7.65%, Loss rate: 86.60%, Draw rate: 5.75%
P: -6.03, N: -8.79, B: -1.94, R: -8.11, Q: -2.33, K: 0.61, M: 24.77
Game finished: 0-1
Win rate: 7.65%, Loss rate: 86.61%, Draw rate: 5.75%
P: -6.64, N: -8.32, B: -2.01, R: -8.01, Q: -2.84, K: 0.61, M: 24.77
Game finished: 0-1
Win rate: 7.64%, Loss rate: 86.61%, Draw rate: 5.75%
P: -4.06, N: -7.22, B: -1.67, R: -7.49, Q: -2.33, K: 0.61, M: 24.77
Game finished: 1-0
Win rate: 7.70%, Loss rate: 86.56%, Draw rate: 5.74%
P: -3.98, N: -6.53, B: -1.22, R: -6.84, Q: -1.92, K: 0.61, M: 24.81
Game finished: 1/2-1/2
Win rate: 7.69%, Loss rate: 86.51%, Draw rate: 5.80%
P: -5.30, N: -7.30, B: -1.77, R: -7.60, Q: -2.34, K: 0.61, M: 24.81
Game finished: 0-1
Win rate: 7.69%, Loss rate: 86.52%, Draw rate: 5.80%
P: -7.06, N: -7.52, B: -1.92, R: -7.99, Q: -2.66, K: 0.61, M: 24.81
Game finished: 1-0
Win rate: 7.74%, Loss rate: 86.46%, Draw rate: 5.79%
P: -8.26, N: -7.64, B: -2.05, R: -8.51, Q: -2.66, K: 0.61, M: 24.88
Game finished: 0-1
Win rate: 7.74%, Loss rate: 86.47%, Draw rate: 5.79%
P: -8.18, N: -7.50, B: -1.93, R: -8.56, Q: -2.70, K: 0.61, M: 24.88
Game finished: 1-0
Win rate: 7.80%, Loss rate: 86.42%, Draw rate: 5.79%
P: -8.40, N: -7.26, B: -1.91, R: -8.86, Q: -2.68, K: 0.61, M: 24.89
Game finished: 1-0
Win rate: 7.85%, Loss rate: 86.37%, Draw rate: 5.78%
P: -9.19, N: -7.59, B: -2.39, R: -9.55, Q: -2.53, K: 0.61, M: 24.89
Game finished: 1-0
Win rate: 7.91%, Loss rate: 86.31%, Draw rate: 5.78%
P: -10.28, N: -8.05, B: -2.62, R: -10.12, Q: -2.95, K: 0.61, M: 24.92
Game finished: 0-1
Win rate: 7.90%, Loss rate: 86.32%, Draw rate: 5.78%
P: -6.69, N: -7.49, B: -1.87, R: -9.15, Q: -2.92, K: 0.61, M: 24.96
Game finished: 0-1
Win rate: 7.90%, Loss rate: 86.33%, Draw rate: 5.77%
P: -6.39, N: -6.63, B: -1.18, R: -8.91, Q: -2.80, K: 0.61, M: 25.00
Game finished: 0-1
Win rate: 7.89%, Loss rate: 86.34%, Draw rate: 5.77%
P: -6.34, N: -7.05, B: -1.34, R: -9.02, Q: -3.03, K: 0.61, M: 25.00
Game finished: 1-0
Win rate: 7.95%, Loss rate: 86.29%, Draw rate: 5.76%
P: -6.11, N: -7.43, B: -1.41, R: -8.84, Q: -3.18, K: 0.61, M: 25.00
Game finished: 1-0
Win rate: 8.00%, Loss rate: 86.23%, Draw rate: 5.76%
P: -4.92, N: -6.62, B: -0.74, R: -8.48, Q: -3.26, K: 0.61, M: 25.00
Game finished: 1-0
Win rate: 8.06%, Loss rate: 86.18%, Draw rate: 5.76%
P: -6.23, N: -7.32, B: -1.38, R: -9.38, Q: -3.46, K: 0.61, M: 25.00
Game finished: 1-0
Win rate: 8.12%, Loss rate: 86.13%, Draw rate: 5.75%
P: -7.59, N: -7.49, B: -1.52, R: -9.75, Q: -3.43, K: 0.61, M: 25.00
Game finished: 0-1
Win rate: 8.11%, Loss rate: 86.14%, Draw rate: 5.75%
P: -7.33, N: -7.36, B: -1.33, R: -9.52, Q: -3.44, K: 0.61, M: 25.00
Game finished: 1-0
Win rate: 8.17%, Loss rate: 86.09%, Draw rate: 5.75%
P: -7.22, N: -7.49, B: -1.47, R: -9.69, Q: -3.51, K: 0.61, M: 25.00
Game finished: 1/2-1/2
Win rate: 8.16%, Loss rate: 86.03%, Draw rate: 5.80%
P: -7.68, N: -7.75, B: -1.64, R: -9.92, Q: -3.97, K: 0.61, M: 25.00
Game finished: 1-0
Win rate: 8.22%, Loss rate: 85.98%, Draw rate: 5.80%
P: -7.85, N: -7.64, B: -2.09, R: -10.06, Q: -3.57, K: 0.61, M: 25.00
Game finished: 0-1
Win rate: 8.21%, Loss rate: 85.99%, Draw rate: 5.80%
P: -6.23, N: -6.04, B: -1.50, R: -9.21, Q: -2.80, K: 0.61, M: 25.00
Game finished: 0-1
Win rate: 8.21%, Loss rate: 86.00%, Draw rate: 5.79%
P: -6.34, N: -5.62, B: -1.23, R: -8.88, Q: -2.77, K: 0.61, M: 25.00
Game finished: 1-0
Win rate: 8.26%, Loss rate: 85.95%, Draw rate: 5.79%
P: -6.63, N: -5.71, B: -1.29, R: -8.95, Q: -2.63, K: 0.61, M: 25.00
Game finished: 0-1
Win rate: 8.26%, Loss rate: 85.96%, Draw rate: 5.79%
P: -7.99, N: -6.86, B: -1.68, R: -9.25, Q: -2.72, K: 0.61, M: 25.00
Game finished: 1/2-1/2
Win rate: 8.25%, Loss rate: 85.90%, Draw rate: 5.84%
P: -7.55, N: -6.89, B: -1.71, R: -8.94, Q: -2.45, K: 0.61, M: 25.00
Game finished: 0-1
Win rate: 8.25%, Loss rate: 85.91%, Draw rate: 5.84%
P: -7.75, N: -6.73, B: -1.87, R: -9.05, Q: -2.39, K: 0.61, M: 25.00
Game finished: 1-0
Win rate: 8.30%, Loss rate: 85.86%, Draw rate: 5.84%
P: -7.18, N: -6.43, B: -1.29, R: -8.81, Q: -2.35, K: 0.61, M: 25.00
Game finished: 1-0
Win rate: 8.36%, Loss rate: 85.81%, Draw rate: 5.83%
P: -7.57, N: -6.37, B: -1.47, R: -9.22, Q: -2.45, K: 0.61, M: 25.00
Game finished: 0-1
Win rate: 8.35%, Loss rate: 85.82%, Draw rate: 5.83%
P: -6.23, N: -5.87, B: -1.00, R: -8.86, Q: -2.46, K: 0.61, M: 25.00
Game finished: 0-1
Win rate: 8.35%, Loss rate: 85.83%, Draw rate: 5.83%
P: -5.50, N: -4.73, B: 0.24, R: -8.36, Q: -1.91, K: 0.61, M: 25.00
Game finished: 1-0
Win rate: 8.40%, Loss rate: 85.77%, Draw rate: 5.82%
P: -6.69, N: -5.22, B: 0.41, R: -9.20, Q: -2.18, K: 0.61, M: 25.00
Game finished: 1-0
Win rate: 8.46%, Loss rate: 85.72%, Draw rate: 5.82%
P: -7.19, N: -5.57, B: 0.60, R: -9.49, Q: -2.09, K: 0.61, M: 25.00
Game finished: 1-0
Win rate: 8.51%, Loss rate: 85.67%, Draw rate: 5.82%
P: -7.22, N: -6.13, B: 0.36, R: -9.62, Q: -1.88, K: 0.61, M: 25.00
Game finished: 0-1
Win rate: 8.51%, Loss rate: 85.68%, Draw rate: 5.81%
P: -6.29, N: -5.73, B: 0.54, R: -9.06, Q: -2.06, K: 0.61, M: 25.00
Game finished: 1-0
Win rate: 8.56%, Loss rate: 85.63%, Draw rate: 5.81%
P: -5.30, N: -5.72, B: 0.65, R: -9.06, Q: -2.30, K: 0.61, M: 25.00
Game finished: 0-1
Win rate: 8.56%, Loss rate: 85.64%, Draw rate: 5.80%
P: -5.51, N: -5.98, B: 0.57, R: -9.31, Q: -2.13, K: 0.61, M: 25.00
Game finished: 0-1
Win rate: 8.55%, Loss rate: 85.65%, Draw rate: 5.80%
P: -5.74, N: -5.68, B: 0.95, R: -9.55, Q: -1.99, K: 0.61, M: 25.00
Game finished: 1/2-1/2
Win rate: 8.55%, Loss rate: 85.59%, Draw rate: 5.86%
P: -5.37, N: -6.02, B: 0.35, R: -10.15, Q: -2.09, K: 0.61, M: 25.00
Game finished: 0-1
Win rate: 8.54%, Loss rate: 85.60%, Draw rate: 5.85%
P: -5.36, N: -6.45, B: 0.16, R: -10.42, Q: -2.23, K: 0.61, M: 25.00
Game finished: 1-0
Win rate: 8.60%, Loss rate: 85.55%, Draw rate: 5.85%
P: -7.75, N: -7.31, B: -0.26, R: -11.43, Q: -2.35, K: 0.61, M: 24.96
Game finished: 1-0
Win rate: 8.65%, Loss rate: 85.50%, Draw rate: 5.85%
P: -7.72, N: -6.76, B: -0.46, R: -11.39, Q: -2.18, K: 0.61, M: 24.94
Game finished: 0-1
Win rate: 8.65%, Loss rate: 85.51%, Draw rate: 5.84%
P: -8.52, N: -6.80, B: -0.22, R: -11.91, Q: -2.07, K: 0.61, M: 24.96
Game finished: 1/2-1/2
Win rate: 8.64%, Loss rate: 85.46%, Draw rate: 5.90%
P: -6.11, N: -5.48, B: -0.29, R: -10.61, Q: -1.71, K: 0.61, M: 24.98
Game finished: 0-1
Win rate: 8.64%, Loss rate: 85.47%, Draw rate: 5.90%
P: -6.00, N: -5.33, B: -0.21, R: -10.62, Q: -1.71, K: 0.61, M: 25.00
Game finished: 0-1
Win rate: 8.63%, Loss rate: 85.48%, Draw rate: 5.89%
P: -5.72, N: -5.43, B: -0.08, R: -10.67, Q: -1.65, K: 0.61, M: 25.00
Game finished: 0-1
Win rate: 8.63%, Loss rate: 85.48%, Draw rate: 5.89%
P: -5.22, N: -4.56, B: 0.80, R: -9.91, Q: -1.31, K: 0.61, M: 25.00
Game finished: 0-1
Win rate: 8.62%, Loss rate: 85.49%, Draw rate: 5.89%
P: -5.87, N: -5.43, B: 0.40, R: -10.30, Q: -1.58, K: 0.61, M: 25.00
Game finished: 0-1
Win rate: 8.62%, Loss rate: 85.50%, Draw rate: 5.88%
P: -6.96, N: -5.79, B: 0.11, R: -10.82, Q: -1.94, K: 0.61, M: 25.00
Game finished: 1-0
Win rate: 8.67%, Loss rate: 85.45%, Draw rate: 5.88%
P: -6.32, N: -5.60, B: -0.04, R: -10.78, Q: -1.95, K: 0.61, M: 25.00
Game finished: 0-1
Win rate: 8.66%, Loss rate: 85.46%, Draw rate: 5.88%
P: -6.79, N: -5.71, B: -0.04, R: -10.88, Q: -1.94, K: 0.61, M: 25.00
Game finished: 0-1
Win rate: 8.66%, Loss rate: 85.47%, Draw rate: 5.87%
P: -5.87, N: -5.44, B: -0.04, R: -11.03, Q: -2.34, K: 0.61, M: 25.00
Game finished: 0-1
Win rate: 8.65%, Loss rate: 85.48%, Draw rate: 5.87%
P: -4.88, N: -5.66, B: -0.20, R: -10.80, Q: -2.15, K: 0.61, M: 25.00
Game finished: 0-1
Win rate: 8.65%, Loss rate: 85.49%, Draw rate: 5.86%
P: -4.73, N: -5.50, B: -0.20, R: -10.73, Q: -2.19, K: 0.61, M: 25.00
Game finished: 0-1
Win rate: 8.64%, Loss rate: 85.49%, Draw rate: 5.86%
P: -4.40, N: -5.74, B: -0.40, R: -10.80, Q: -2.26, K: 0.61, M: 25.00
Game finished: 1-0
Win rate: 8.70%, Loss rate: 85.44%, Draw rate: 5.86%
P: -5.20, N: -5.80, B: -0.58, R: -11.04, Q: -2.26, K: 0.61, M: 25.00
Game finished: 0-1
Win rate: 8.69%, Loss rate: 85.45%, Draw rate: 5.85%
P: -6.72, N: -6.66, B: -0.98, R: -11.38, Q: -2.40, K: 0.61, M: 25.00
Game finished: 0-1
Win rate: 8.69%, Loss rate: 85.46%, Draw rate: 5.85%
P: -5.68, N: -5.97, B: -0.86, R: -10.03, Q: -1.68, K: 0.61, M: 25.00
Game finished: 0-1
Win rate: 8.68%, Loss rate: 85.47%, Draw rate: 5.85%
P: -5.50, N: -5.92, B: -0.88, R: -10.04, Q: -1.75, K: 0.61, M: 25.00
Game finished: 1/2-1/2
Win rate: 8.68%, Loss rate: 85.42%, Draw rate: 5.90%
P: -5.78, N: -5.28, B: -0.59, R: -10.52, Q: -1.82, K: 0.61, M: 25.00
Game finished: 1/2-1/2
Win rate: 8.67%, Loss rate: 85.37%, Draw rate: 5.96%
P: -5.18, N: -4.33, B: 0.14, R: -9.95, Q: -1.78, K: 0.61, M: 25.00
Game finished: 1-0
Win rate: 8.73%, Loss rate: 85.32%, Draw rate: 5.96%
P: -4.81, N: -3.52, B: 0.71, R: -10.09, Q: -1.17, K: 0.61, M: 25.00
Game finished: 0-1
Win rate: 8.72%, Loss rate: 85.33%, Draw rate: 5.95%
P: -8.05, N: -4.77, B: -0.03, R: -10.82, Q: -1.62, K: 0.61, M: 25.00
Game finished: 0-1
Win rate: 8.72%, Loss rate: 85.34%, Draw rate: 5.95%
P: -7.06, N: -4.36, B: 0.79, R: -10.67, Q: -1.58, K: 0.61, M: 25.00
Game finished: 1-0
Win rate: 8.77%, Loss rate: 85.29%, Draw rate: 5.94%
P: -7.26, N: -4.29, B: 1.05, R: -10.31, Q: -1.43, K: 0.61, M: 25.00
Game finished: 0-1
Win rate: 8.76%, Loss rate: 85.29%, Draw rate: 5.94%
Epsilon: 0.0945
Results saved to mf2_results/results.csv
Epsilon history saved to mf2_epsilon/epsilon.csv
Elapsed time: 0:10:47
P: -7.09, N: -4.06, B: 1.40, R: -10.24, Q: -1.49, K: 0.61, M: 25.00
Game finished: 0-1
Win rate: 8.76%, Loss rate: 85.30%, Draw rate: 5.94%
P: -7.29, N: -4.23, B: 1.04, R: -10.56, Q: -1.39, K: 0.61, M: 25.00
Game finished: 0-1
Win rate: 8.75%, Loss rate: 85.31%, Draw rate: 5.93%
P: -7.06, N: -4.49, B: 0.90, R: -10.71, Q: -0.99, K: 0.61, M: 25.00
Game finished: 1-0
Win rate: 8.81%, Loss rate: 85.26%, Draw rate: 5.93%
P: -8.88, N: -4.75, B: 0.46, R: -10.99, Q: -2.06, K: 0.61, M: 25.00
Game finished: 1-0
Win rate: 8.86%, Loss rate: 85.21%, Draw rate: 5.93%
P: -8.11, N: -4.84, B: 1.07, R: -10.40, Q: -1.81, K: 0.61, M: 25.00
Game finished: 1-0
Win rate: 8.91%, Loss rate: 85.16%, Draw rate: 5.92%
P: -8.63, N: -4.98, B: 0.70, R: -10.44, Q: -1.77, K: 0.61, M: 25.00
Game finished: 0-1
Win rate: 8.91%, Loss rate: 85.17%, Draw rate: 5.92%
P: -9.03, N: -5.54, B: 0.56, R: -10.54, Q: -1.80, K: 0.61, M: 25.00
Game finished: 1-0
Win rate: 8.96%, Loss rate: 85.12%, Draw rate: 5.92%
P: -8.23, N: -5.38, B: 0.58, R: -10.33, Q: -1.72, K: 0.61, M: 25.00
Game finished: 0-1
Win rate: 8.96%, Loss rate: 85.13%, Draw rate: 5.91%
P: -7.45, N: -4.94, B: 0.23, R: -10.16, Q: -1.38, K: 0.61, M: 25.00
Game finished: 0-1
Win rate: 8.95%, Loss rate: 85.14%, Draw rate: 5.91%
P: -6.89, N: -5.52, B: -0.36, R: -10.69, Q: -1.32, K: 0.61, M: 25.00
Game finished: 0-1
Win rate: 8.95%, Loss rate: 85.15%, Draw rate: 5.91%
P: -6.47, N: -5.59, B: -0.08, R: -10.71, Q: -1.30, K: 0.61, M: 25.00
Game finished: 1-0
Win rate: 9.00%, Loss rate: 85.10%, Draw rate: 5.90%
P: -5.53, N: -5.67, B: -0.06, R: -10.59, Q: -1.12, K: 0.61, M: 25.00
Game finished: 0-1
Win rate: 9.00%, Loss rate: 85.11%, Draw rate: 5.90%
P: -5.52, N: -5.50, B: -0.23, R: -10.62, Q: -0.92, K: 0.61, M: 25.00
Game finished: 0-1
Win rate: 8.99%, Loss rate: 85.11%, Draw rate: 5.90%
P: -5.33, N: -5.89, B: 0.02, R: -10.55, Q: -0.99, K: 0.61, M: 25.00
Game finished: 1-0
Win rate: 9.04%, Loss rate: 85.06%, Draw rate: 5.89%
P: -6.96, N: -6.17, B: -0.14, R: -10.49, Q: -1.21, K: 0.61, M: 25.00
Game finished: 0-1
Win rate: 9.04%, Loss rate: 85.07%, Draw rate: 5.89%
P: -8.13, N: -6.22, B: -0.44, R: -10.69, Q: -0.90, K: 0.61, M: 25.00
Game finished: 0-1
Win rate: 9.03%, Loss rate: 85.08%, Draw rate: 5.89%
P: -9.61, N: -7.00, B: -1.00, R: -11.09, Q: -0.78, K: 0.61, M: 25.00
Game finished: 1-0
Win rate: 9.09%, Loss rate: 85.03%, Draw rate: 5.88%
P: -7.75, N: -7.06, B: -0.09, R: -9.95, Q: -0.80, K: 0.61, M: 25.00
Game finished: 1-0
Win rate: 9.14%, Loss rate: 84.98%, Draw rate: 5.88%
P: -7.49, N: -6.44, B: 0.24, R: -9.90, Q: -0.54, K: 0.61, M: 25.00
Game finished: 0-1
Win rate: 9.13%, Loss rate: 84.99%, Draw rate: 5.88%
P: -7.65, N: -6.57, B: 0.21, R: -10.00, Q: -0.51, K: 0.61, M: 25.00
Game finished: 0-1
Win rate: 9.13%, Loss rate: 85.00%, Draw rate: 5.87%
P: -6.93, N: -6.49, B: 0.13, R: -9.92, Q: -0.29, K: 0.61, M: 25.00
Game finished: 0-1
Win rate: 9.12%, Loss rate: 85.01%, Draw rate: 5.87%
P: -6.25, N: -5.64, B: 0.25, R: -9.33, Q: 0.27, K: 0.61, M: 25.00
Game finished: 0-1
Win rate: 9.12%, Loss rate: 85.02%, Draw rate: 5.87%
P: -7.60, N: -4.74, B: 0.25, R: -10.22, Q: 1.04, K: 0.61, M: 25.00
Game finished: 0-1
Win rate: 9.11%, Loss rate: 85.03%, Draw rate: 5.86%
P: -7.33, N: -5.24, B: 0.14, R: -10.51, Q: 1.00, K: 0.61, M: 25.00
Game finished: 0-1
Win rate: 9.11%, Loss rate: 85.03%, Draw rate: 5.86%
P: -6.15, N: -5.23, B: 0.14, R: -10.15, Q: 1.00, K: 0.61, M: 25.00
Game finished: 0-1
Win rate: 9.10%, Loss rate: 85.04%, Draw rate: 5.86%
P: -6.62, N: -5.25, B: 0.17, R: -10.29, Q: 0.98, K: 0.61, M: 25.00
Game finished: 1-0
Win rate: 9.15%, Loss rate: 84.99%, Draw rate: 5.85%
P: -7.38, N: -5.90, B: -0.23, R: -10.71, Q: 1.13, K: 0.61, M: 25.00
Game finished: 0-1
Win rate: 9.15%, Loss rate: 85.00%, Draw rate: 5.85%
P: -5.97, N: -5.73, B: -0.20, R: -9.96, Q: 1.02, K: 0.61, M: 25.00
Game finished: 0-1
Win rate: 9.14%, Loss rate: 85.01%, Draw rate: 5.84%
P: -5.19, N: -5.52, B: -0.25, R: -9.67, Q: 1.02, K: 0.61, M: 25.00
Game finished: 1-0
Win rate: 9.20%, Loss rate: 84.96%, Draw rate: 5.84%
P: -4.78, N: -5.16, B: -0.21, R: -9.49, Q: 1.03, K: 0.61, M: 25.00
Game finished: 0-1
Win rate: 9.19%, Loss rate: 84.97%, Draw rate: 5.84%
P: -5.72, N: -5.20, B: -0.69, R: -10.02, Q: 1.28, K: 0.61, M: 25.00
Game finished: 0-1
Win rate: 9.19%, Loss rate: 84.98%, Draw rate: 5.83%
P: -5.33, N: -5.20, B: -0.80, R: -9.86, Q: 1.31, K: 0.61, M: 25.00
Game finished: 1/2-1/2
Win rate: 9.18%, Loss rate: 84.93%, Draw rate: 5.89%
P: -5.60, N: -5.37, B: -0.91, R: -9.90, Q: 1.04, K: 0.61, M: 25.00
Game finished: 1-0
Win rate: 9.23%, Loss rate: 84.88%, Draw rate: 5.89%
P: -5.40, N: -4.92, B: -0.65, R: -9.93, Q: 0.98, K: 0.61, M: 25.00
Game finished: 0-1
Win rate: 9.23%, Loss rate: 84.89%, Draw rate: 5.88%
P: -6.94, N: -5.08, B: -0.77, R: -10.53, Q: 0.72, K: 0.61, M: 25.00
Game finished: 1/2-1/2
Win rate: 9.22%, Loss rate: 84.84%, Draw rate: 5.94%
P: -7.07, N: -4.85, B: -0.66, R: -10.60, Q: 0.84, K: 0.61, M: 25.00
Game finished: 0-1
Win rate: 9.22%, Loss rate: 84.85%, Draw rate: 5.93%
P: -7.30, N: -5.47, B: -0.66, R: -10.71, Q: 0.98, K: 0.61, M: 25.00
Game finished: 0-1
Win rate: 9.21%, Loss rate: 84.86%, Draw rate: 5.93%
P: -6.83, N: -5.97, B: -0.45, R: -10.75, Q: 0.85, K: 0.61, M: 25.00
Game finished: 0-1
Win rate: 9.21%, Loss rate: 84.87%, Draw rate: 5.93%
P: -4.83, N: -4.82, B: -0.12, R: -9.82, Q: 1.77, K: 0.61, M: 25.00
Game finished: 1/2-1/2
Win rate: 9.20%, Loss rate: 84.82%, Draw rate: 5.98%
P: -5.22, N: -5.27, B: -0.32, R: -10.03, Q: 1.57, K: 0.61, M: 25.00
Game finished: 1/2-1/2
Win rate: 9.20%, Loss rate: 84.77%, Draw rate: 6.03%
P: -6.59, N: -5.89, B: -0.67, R: -10.12, Q: 1.68, K: 0.61, M: 25.00
Game finished: 0-1
Win rate: 9.19%, Loss rate: 84.78%, Draw rate: 6.03%
P: -6.97, N: -6.17, B: -1.12, R: -10.17, Q: 1.57, K: 0.61, M: 25.00
Game finished: 1-0
Win rate: 9.24%, Loss rate: 84.73%, Draw rate: 6.03%
P: -7.26, N: -6.21, B: -1.48, R: -10.05, Q: 1.60, K: 0.61, M: 24.99
Game finished: 0-1
Win rate: 9.24%, Loss rate: 84.74%, Draw rate: 6.02%
P: -8.10, N: -5.64, B: -1.80, R: -9.95, Q: 1.59, K: 0.61, M: 24.63
Game finished: 1-0
Win rate: 9.29%, Loss rate: 84.69%, Draw rate: 6.02%
P: -9.85, N: -6.60, B: -2.45, R: -10.84, Q: 1.36, K: 0.61, M: 24.63
Game finished: 0-1
Win rate: 9.28%, Loss rate: 84.70%, Draw rate: 6.02%
P: -9.28, N: -6.30, B: -2.65, R: -10.74, Q: 1.55, K: 0.61, M: 24.54
Game finished: 0-1
Win rate: 9.28%, Loss rate: 84.71%, Draw rate: 6.01%
P: -9.48, N: -5.69, B: -2.37, R: -10.37, Q: 1.57, K: 0.61, M: 24.54
Game finished: 1-0
Win rate: 9.33%, Loss rate: 84.66%, Draw rate: 6.01%
P: -8.46, N: -4.85, B: -1.32, R: -9.06, Q: 2.07, K: 0.61, M: 24.54
Game finished: 0-1
Win rate: 9.32%, Loss rate: 84.67%, Draw rate: 6.01%
P: -9.94, N: -4.60, B: -1.10, R: -8.66, Q: 2.59, K: 0.61, M: 24.55
Game finished: 0-1
Win rate: 9.32%, Loss rate: 84.68%, Draw rate: 6.00%
P: -7.52, N: -4.14, B: -0.77, R: -7.64, Q: 2.88, K: 0.61, M: 24.75
Game finished: 0-1
Win rate: 9.31%, Loss rate: 84.69%, Draw rate: 6.00%
P: -6.00, N: -3.51, B: -0.80, R: -7.05, Q: 3.24, K: 0.61, M: 24.96
Game finished: 1-0
Win rate: 9.37%, Loss rate: 84.64%, Draw rate: 6.00%
P: -7.40, N: -3.69, B: -1.56, R: -7.48, Q: 2.87, K: 0.61, M: 24.96
Game finished: 1/2-1/2
Win rate: 9.36%, Loss rate: 84.59%, Draw rate: 6.05%
P: -4.41, N: -2.44, B: -1.73, R: -6.89, Q: 3.23, K: 0.61, M: 24.96
Game finished: 0-1
Win rate: 9.36%, Loss rate: 84.60%, Draw rate: 6.05%
P: -3.62, N: -3.02, B: -1.70, R: -6.85, Q: 3.20, K: 0.61, M: 24.96
Game finished: 1-0
Win rate: 9.41%, Loss rate: 84.55%, Draw rate: 6.04%
P: -5.78, N: -2.97, B: -1.56, R: -7.50, Q: 3.02, K: 0.61, M: 24.97
Game finished: 1/2-1/2
Win rate: 9.40%, Loss rate: 84.50%, Draw rate: 6.10%
P: -6.90, N: -2.73, B: -1.39, R: -7.76, Q: 2.75, K: 0.61, M: 24.99
Game finished: 0-1
Win rate: 9.40%, Loss rate: 84.51%, Draw rate: 6.09%
P: -6.53, N: -3.30, B: -1.32, R: -7.97, Q: 2.61, K: 0.61, M: 25.00
Game finished: 1-0
Win rate: 9.45%, Loss rate: 84.46%, Draw rate: 6.09%
P: -5.56, N: -2.72, B: -1.35, R: -7.50, Q: 2.90, K: 0.61, M: 25.00
Game finished: 0-1
Win rate: 9.44%, Loss rate: 84.47%, Draw rate: 6.09%
P: -5.06, N: -2.90, B: -1.31, R: -7.36, Q: 3.01, K: 0.61, M: 25.00
Game finished: 0-1
Win rate: 9.44%, Loss rate: 84.48%, Draw rate: 6.08%
P: -5.20, N: -2.89, B: -1.48, R: -7.75, Q: 2.92, K: 0.61, M: 25.00
Game finished: 1-0
Win rate: 9.49%, Loss rate: 84.43%, Draw rate: 6.08%
P: -4.69, N: -3.04, B: -1.84, R: -7.52, Q: 2.78, K: 0.61, M: 25.00
Game finished: 0-1
Win rate: 9.48%, Loss rate: 84.44%, Draw rate: 6.08%
P: -5.64, N: -4.65, B: -3.08, R: -9.03, Q: 0.93, K: 0.61, M: 25.00
Game finished: 1-0
Win rate: 9.53%, Loss rate: 84.39%, Draw rate: 6.07%
P: -5.74, N: -4.56, B: -3.13, R: -9.07, Q: 0.87, K: 0.61, M: 25.00
Game finished: 0-1
Win rate: 9.53%, Loss rate: 84.40%, Draw rate: 6.07%
P: -5.16, N: -3.70, B: -2.91, R: -8.99, Q: 0.89, K: 0.61, M: 25.00
Game finished: 0-1
Win rate: 9.52%, Loss rate: 84.41%, Draw rate: 6.07%
P: -5.50, N: -4.52, B: -3.64, R: -9.53, Q: 0.55, K: 0.61, M: 25.00
Game finished: 0-1
Win rate: 9.52%, Loss rate: 84.42%, Draw rate: 6.06%
P: -4.99, N: -3.82, B: -3.01, R: -8.71, Q: 0.74, K: 0.61, M: 25.00
Game finished: 1-0
Win rate: 9.57%, Loss rate: 84.37%, Draw rate: 6.06%
P: -6.89, N: -4.59, B: -3.64, R: -9.51, Q: 0.53, K: 0.61, M: 25.00
Game finished: 0-1
Win rate: 9.56%, Loss rate: 84.38%, Draw rate: 6.06%
P: -7.10, N: -5.01, B: -3.85, R: -9.95, Q: 0.30, K: 0.61, M: 25.00
Game finished: 0-1
Win rate: 9.56%, Loss rate: 84.39%, Draw rate: 6.05%
P: -7.34, N: -5.33, B: -4.02, R: -10.00, Q: 0.52, K: 0.61, M: 24.98
Game finished: 1-0
Win rate: 9.61%, Loss rate: 84.34%, Draw rate: 6.05%
P: -7.31, N: -5.39, B: -3.99, R: -10.12, Q: 0.32, K: 0.61, M: 25.00
Game finished: 0-1
Win rate: 9.60%, Loss rate: 84.35%, Draw rate: 6.05%
P: -7.07, N: -5.91, B: -4.19, R: -10.39, Q: 0.22, K: 0.61, M: 25.00
Game finished: 0-1
Win rate: 9.60%, Loss rate: 84.36%, Draw rate: 6.04%
P: -7.38, N: -5.99, B: -4.54, R: -10.34, Q: 0.32, K: 0.61, M: 25.00
Game finished: 1-0
Win rate: 9.65%, Loss rate: 84.31%, Draw rate: 6.04%
P: -7.23, N: -5.62, B: -4.31, R: -10.07, Q: 0.58, K: 0.61, M: 24.98
Game finished: 0-1
Win rate: 9.64%, Loss rate: 84.32%, Draw rate: 6.03%
P: -7.18, N: -6.51, B: -4.96, R: -10.64, Q: 0.15, K: 0.61, M: 24.97
Game finished: 1-0
Win rate: 9.70%, Loss rate: 84.27%, Draw rate: 6.03%
P: -6.14, N: -6.45, B: -4.69, R: -10.06, Q: 0.13, K: 0.61, M: 24.85
Game finished: 0-1
Win rate: 9.69%, Loss rate: 84.28%, Draw rate: 6.03%
P: -6.56, N: -6.03, B: -4.60, R: -10.29, Q: -0.15, K: 0.61, M: 24.79
Game finished: 0-1
Win rate: 9.68%, Loss rate: 84.29%, Draw rate: 6.02%
P: -5.45, N: -5.99, B: -4.78, R: -9.76, Q: -0.15, K: 0.61, M: 24.79
Game finished: 0-1
Win rate: 9.68%, Loss rate: 84.30%, Draw rate: 6.02%
P: -5.70, N: -6.15, B: -4.87, R: -9.61, Q: -0.23, K: 0.61, M: 24.78
Game finished: 1-0
Win rate: 9.73%, Loss rate: 84.25%, Draw rate: 6.02%
P: -4.12, N: -4.25, B: -3.09, R: -8.84, Q: -0.07, K: 0.61, M: 24.78
Game finished: 1-0
Win rate: 9.78%, Loss rate: 84.20%, Draw rate: 6.01%
P: -4.77, N: -4.88, B: -3.70, R: -9.26, Q: -0.08, K: 0.61, M: 24.63
Game finished: 1-0
Win rate: 9.83%, Loss rate: 84.16%, Draw rate: 6.01%
P: -5.00, N: -4.81, B: -3.30, R: -9.10, Q: 0.27, K: 0.61, M: 24.54
Game finished: 0-1
Win rate: 9.83%, Loss rate: 84.17%, Draw rate: 6.01%
P: -5.33, N: -4.34, B: -3.11, R: -9.14, Q: 0.39, K: 0.61, M: 24.38
Game finished: 0-1
Win rate: 9.82%, Loss rate: 84.18%, Draw rate: 6.00%
P: -5.05, N: -3.67, B: -1.38, R: -7.61, Q: 1.49, K: 0.61, M: 24.36
Game finished: 0-1
Win rate: 9.81%, Loss rate: 84.18%, Draw rate: 6.00%
P: -4.75, N: -3.59, B: -1.52, R: -7.33, Q: 1.47, K: 0.61, M: 24.37
Game finished: 1-0
Win rate: 9.87%, Loss rate: 84.14%, Draw rate: 6.00%
P: -7.23, N: -4.47, B: -2.22, R: -8.55, Q: 0.88, K: 0.61, M: 24.37
Game finished: 1-0
Win rate: 9.92%, Loss rate: 84.09%, Draw rate: 5.99%
P: -6.26, N: -3.90, B: -2.05, R: -8.47, Q: 0.94, K: 0.61, M: 24.40
Game finished: 0-1
Win rate: 9.91%, Loss rate: 84.10%, Draw rate: 5.99%
P: -5.84, N: -3.53, B: -1.86, R: -8.46, Q: 0.92, K: 0.61, M: 24.40
Game finished: 1-0
Win rate: 9.96%, Loss rate: 84.05%, Draw rate: 5.99%
P: -5.56, N: -3.69, B: -1.49, R: -8.33, Q: 0.97, K: 0.61, M: 24.58
Game finished: 0-1
Win rate: 9.96%, Loss rate: 84.06%, Draw rate: 5.98%
P: -6.11, N: -4.89, B: -2.04, R: -8.63, Q: 0.92, K: 0.61, M: 24.63
Game finished: 0-1
Win rate: 9.95%, Loss rate: 84.07%, Draw rate: 5.98%
P: -7.21, N: -5.13, B: -2.05, R: -9.07, Q: 0.88, K: 0.61, M: 24.63
Game finished: 1-0
Win rate: 10.00%, Loss rate: 84.02%, Draw rate: 5.98%
P: -6.29, N: -4.78, B: -1.91, R: -8.41, Q: 0.92, K: 0.61, M: 24.63
Game finished: 1-0
Win rate: 10.05%, Loss rate: 83.98%, Draw rate: 5.97%
P: -7.17, N: -5.11, B: -2.16, R: -8.87, Q: 0.77, K: 0.61, M: 24.70
Game finished: 1/2-1/2
Win rate: 10.04%, Loss rate: 83.93%, Draw rate: 6.03%
P: -5.86, N: -4.35, B: -1.50, R: -8.42, Q: 1.60, K: 0.61, M: 24.71
Game finished: 0-1
Win rate: 10.04%, Loss rate: 83.94%, Draw rate: 6.02%
P: -5.93, N: -4.03, B: -1.41, R: -8.40, Q: 1.54, K: 0.61, M: 24.72
Game finished: 0-1
Win rate: 10.03%, Loss rate: 83.95%, Draw rate: 6.02%
P: -5.89, N: -4.01, B: -1.40, R: -8.34, Q: 1.52, K: 0.61, M: 24.72
Game finished: 1-0
Win rate: 10.08%, Loss rate: 83.90%, Draw rate: 6.02%
P: -5.77, N: -5.08, B: -1.66, R: -8.72, Q: 1.54, K: 0.61, M: 24.77
Game finished: 0-1
Win rate: 10.08%, Loss rate: 83.91%, Draw rate: 6.01%
P: -8.45, N: -5.35, B: -1.57, R: -8.69, Q: 1.48, K: 0.61, M: 25.00
Game finished: 0-1
Win rate: 10.07%, Loss rate: 83.92%, Draw rate: 6.01%
P: -7.17, N: -4.97, B: -1.32, R: -8.08, Q: 1.40, K: 0.61, M: 25.00
Game finished: 0-1
Win rate: 10.07%, Loss rate: 83.93%, Draw rate: 6.01%
P: -7.30, N: -4.78, B: -1.26, R: -8.03, Q: 1.37, K: 0.61, M: 25.00
Game finished: 0-1
Win rate: 10.06%, Loss rate: 83.94%, Draw rate: 6.00%
P: -7.42, N: -4.67, B: -1.10, R: -8.16, Q: 1.28, K: 0.61, M: 25.00
Game finished: 1/2-1/2
Win rate: 10.06%, Loss rate: 83.89%, Draw rate: 6.06%
Epsilon: 0.0945
Results saved to mf2_results/results.csv
Epsilon history saved to mf2_epsilon/epsilon.csv
Elapsed time: 0:11:23
P: -5.65, N: -4.18, B: -1.07, R: -8.12, Q: 1.74, K: 0.61, M: 25.00
Game finished: 0-1
Win rate: 10.05%, Loss rate: 83.90%, Draw rate: 6.05%
P: -4.17, N: -3.89, B: -0.31, R: -7.68, Q: 1.84, K: 0.61, M: 25.00
Game finished: 1-0
Win rate: 10.10%, Loss rate: 83.85%, Draw rate: 6.05%
P: -4.03, N: -4.00, B: -0.40, R: -7.80, Q: 1.96, K: 0.61, M: 25.00
Game finished: 1-0
Win rate: 10.15%, Loss rate: 83.80%, Draw rate: 6.05%
P: -4.54, N: -4.43, B: -0.46, R: -7.96, Q: 1.93, K: 0.61, M: 25.00
Game finished: 1/2-1/2
Win rate: 10.14%, Loss rate: 83.76%, Draw rate: 6.10%
P: -6.46, N: -5.63, B: -1.06, R: -9.19, Q: 1.62, K: 0.61, M: 25.00
Game finished: 0-1
Win rate: 10.14%, Loss rate: 83.77%, Draw rate: 6.09%
P: -6.84, N: -5.65, B: -1.12, R: -9.50, Q: 1.45, K: 0.61, M: 25.00
Game finished: 1-0
Win rate: 10.19%, Loss rate: 83.72%, Draw rate: 6.09%
P: -6.69, N: -5.58, B: -1.08, R: -9.52, Q: 1.42, K: 0.61, M: 25.00
Game finished: 0-1
Win rate: 10.18%, Loss rate: 83.73%, Draw rate: 6.09%
P: -5.81, N: -5.64, B: -1.09, R: -9.30, Q: 1.24, K: 0.61, M: 25.00
Game finished: 0-1
Win rate: 10.18%, Loss rate: 83.74%, Draw rate: 6.08%
P: -6.36, N: -6.01, B: -1.38, R: -9.83, Q: 1.02, K: 0.61, M: 25.00
Game finished: 0-1
Win rate: 10.17%, Loss rate: 83.75%, Draw rate: 6.08%
P: -5.51, N: -5.54, B: -0.90, R: -9.28, Q: 1.21, K: 0.61, M: 25.00
Game finished: 1-0
Win rate: 10.22%, Loss rate: 83.70%, Draw rate: 6.08%
P: -5.61, N: -5.65, B: -0.65, R: -9.09, Q: 1.30, K: 0.61, M: 25.00
Game finished: 1-0
Win rate: 10.27%, Loss rate: 83.66%, Draw rate: 6.07%
P: -6.23, N: -5.64, B: -0.81, R: -9.24, Q: 1.39, K: 0.61, M: 25.00
Game finished: 1-0
Win rate: 10.32%, Loss rate: 83.61%, Draw rate: 6.07%
P: -5.95, N: -5.19, B: -0.80, R: -9.00, Q: 1.17, K: 0.61, M: 25.00
Game finished: 1-0
Win rate: 10.37%, Loss rate: 83.56%, Draw rate: 6.07%
P: -7.37, N: -5.08, B: -1.11, R: -9.41, Q: 1.17, K: 0.61, M: 25.00
Game finished: 1-0
Win rate: 10.42%, Loss rate: 83.52%, Draw rate: 6.06%
P: -8.04, N: -5.29, B: -1.26, R: -9.74, Q: 1.33, K: 0.61, M: 25.00
Game finished: 0-1
Win rate: 10.41%, Loss rate: 83.53%, Draw rate: 6.06%
P: -8.40, N: -5.54, B: -1.83, R: -9.96, Q: 1.42, K: 0.61, M: 25.00
Game finished: 1/2-1/2
Win rate: 10.41%, Loss rate: 83.48%, Draw rate: 6.11%
P: -9.25, N: -5.62, B: -1.91, R: -10.17, Q: 1.50, K: 0.61, M: 25.00
Game finished: 0-1
Win rate: 10.40%, Loss rate: 83.49%, Draw rate: 6.11%
P: -9.29, N: -5.60, B: -1.69, R: -9.98, Q: 1.62, K: 0.61, M: 25.00
Game finished: 0-1
Win rate: 10.40%, Loss rate: 83.50%, Draw rate: 6.11%
P: -9.21, N: -5.87, B: -1.83, R: -10.16, Q: 1.59, K: 0.61, M: 25.00
Game finished: 0-1
Win rate: 10.39%, Loss rate: 83.51%, Draw rate: 6.10%
P: -7.04, N: -5.61, B: -1.78, R: -9.56, Q: 1.55, K: 0.61, M: 25.00
Game finished: 0-1
Win rate: 10.38%, Loss rate: 83.52%, Draw rate: 6.10%
P: -6.49, N: -5.81, B: -2.16, R: -9.27, Q: 1.63, K: 0.61, M: 25.00
Game finished: 1-0
Win rate: 10.43%, Loss rate: 83.47%, Draw rate: 6.10%
P: -6.67, N: -5.60, B: -2.05, R: -9.48, Q: 1.71, K: 0.61, M: 25.00
Game finished: 1-0
Win rate: 10.48%, Loss rate: 83.42%, Draw rate: 6.09%
P: -6.26, N: -5.22, B: -1.94, R: -9.21, Q: 1.69, K: 0.61, M: 24.86
Game finished: 1-0
Win rate: 10.53%, Loss rate: 83.38%, Draw rate: 6.09%
P: -5.55, N: -5.36, B: -1.91, R: -9.61, Q: 1.15, K: 0.61, M: 25.00
Game finished: 0-1
Win rate: 10.53%, Loss rate: 83.39%, Draw rate: 6.09%
P: -6.81, N: -4.63, B: -2.00, R: -9.47, Q: 0.79, K: 0.61, M: 25.00
Game finished: 0-1
Win rate: 10.52%, Loss rate: 83.40%, Draw rate: 6.08%
P: -8.30, N: -5.01, B: -3.15, R: -9.80, Q: 1.38, K: 0.61, M: 25.00
Game finished: 1/2-1/2
Win rate: 10.51%, Loss rate: 83.35%, Draw rate: 6.13%
P: -7.82, N: -4.98, B: -3.12, R: -9.89, Q: 1.42, K: 0.61, M: 25.00
Game finished: 0-1
Win rate: 10.51%, Loss rate: 83.36%, Draw rate: 6.13%
P: -8.04, N: -3.15, B: -2.19, R: -10.00, Q: 2.41, K: 0.61, M: 25.00
Game finished: 0-1
Win rate: 10.50%, Loss rate: 83.37%, Draw rate: 6.13%
P: -7.26, N: -2.87, B: -2.10, R: -9.76, Q: 2.07, K: 0.61, M: 24.82
Game finished: 1-0
Win rate: 10.55%, Loss rate: 83.32%, Draw rate: 6.12%
P: -4.51, N: -2.88, B: -2.17, R: -9.27, Q: 1.98, K: 0.61, M: 25.00
Game finished: 0-1
Win rate: 10.55%, Loss rate: 83.33%, Draw rate: 6.12%
P: -4.37, N: -2.64, B: -2.38, R: -9.62, Q: 1.80, K: 0.61, M: 24.82
Game finished: 1-0
Win rate: 10.60%, Loss rate: 83.29%, Draw rate: 6.12%
P: -4.63, N: -2.77, B: -2.52, R: -9.68, Q: 1.69, K: 0.61, M: 24.80
Game finished: 0-1
Win rate: 10.59%, Loss rate: 83.30%, Draw rate: 6.11%
P: -6.32, N: -3.99, B: -3.00, R: -10.56, Q: 1.58, K: 0.61, M: 24.81
Game finished: 0-1
Win rate: 10.58%, Loss rate: 83.31%, Draw rate: 6.11%
P: -5.23, N: -3.64, B: -2.32, R: -9.85, Q: 1.53, K: 0.61, M: 24.80
Game finished: 0-1
Win rate: 10.58%, Loss rate: 83.32%, Draw rate: 6.11%
P: -4.64, N: -3.53, B: -2.19, R: -9.69, Q: 1.55, K: 0.61, M: 24.82
Game finished: 0-1
Win rate: 10.57%, Loss rate: 83.32%, Draw rate: 6.10%
P: -8.02, N: -4.75, B: -2.91, R: -10.64, Q: 1.28, K: 0.61, M: 24.93
Game finished: 1-0
Win rate: 10.62%, Loss rate: 83.28%, Draw rate: 6.10%
P: -8.24, N: -4.65, B: -3.13, R: -10.60, Q: 1.22, K: 0.61, M: 24.96
Game finished: 0-1
Win rate: 10.62%, Loss rate: 83.29%, Draw rate: 6.10%
P: -7.82, N: -4.21, B: -2.90, R: -9.82, Q: 1.38, K: 0.61, M: 24.97
Game finished: 0-1
Win rate: 10.61%, Loss rate: 83.30%, Draw rate: 6.09%
P: -8.96, N: -4.57, B: -3.29, R: -10.31, Q: 1.19, K: 0.61, M: 24.98
Game finished: 1-0
Win rate: 10.66%, Loss rate: 83.25%, Draw rate: 6.09%
P: -4.52, N: -4.22, B: -3.21, R: -9.42, Q: 1.76, K: 0.61, M: 25.00
Game finished: 0-1
Win rate: 10.65%, Loss rate: 83.26%, Draw rate: 6.09%
P: -6.26, N: -5.06, B: -3.89, R: -10.49, Q: 1.65, K: 0.61, M: 24.94
Game finished: 0-1
Win rate: 10.65%, Loss rate: 83.27%, Draw rate: 6.08%
P: -5.17, N: -4.64, B: -3.94, R: -10.64, Q: 2.61, K: 0.61, M: 24.79
Game finished: 0-1
Win rate: 10.64%, Loss rate: 83.28%, Draw rate: 6.08%
P: -5.73, N: -4.59, B: -4.25, R: -10.86, Q: 2.94, K: 0.61, M: 24.79
Game finished: 0-1
Win rate: 10.63%, Loss rate: 83.29%, Draw rate: 6.08%
P: -5.66, N: -4.60, B: -4.15, R: -10.68, Q: 2.92, K: 0.61, M: 24.74
Game finished: 0-1
Win rate: 10.63%, Loss rate: 83.30%, Draw rate: 6.07%
P: -7.00, N: -4.91, B: -4.35, R: -11.55, Q: 2.85, K: 0.61, M: 24.74
Game finished: 1-0
Win rate: 10.68%, Loss rate: 83.25%, Draw rate: 6.07%
P: -7.05, N: -5.07, B: -4.54, R: -11.30, Q: 2.97, K: 0.61, M: 24.73
Game finished: 0-1
Win rate: 10.67%, Loss rate: 83.26%, Draw rate: 6.07%
P: -7.69, N: -4.89, B: -4.99, R: -11.65, Q: 2.57, K: 0.61, M: 24.73
Game finished: 0-1
Win rate: 10.67%, Loss rate: 83.27%, Draw rate: 6.06%
P: -7.82, N: -4.61, B: -4.96, R: -12.00, Q: 2.44, K: 0.61, M: 24.72
Game finished: 0-1
Win rate: 10.66%, Loss rate: 83.28%, Draw rate: 6.06%
P: -6.79, N: -4.83, B: -5.02, R: -11.53, Q: 2.23, K: 0.61, M: 24.73
Game finished: 0-1
Win rate: 10.65%, Loss rate: 83.29%, Draw rate: 6.06%
P: -6.72, N: -4.81, B: -5.47, R: -11.29, Q: 2.08, K: 0.61, M: 24.72
Game finished: 0-1
Win rate: 10.65%, Loss rate: 83.30%, Draw rate: 6.05%
P: -6.23, N: -4.62, B: -5.30, R: -11.07, Q: 1.92, K: 0.61, M: 24.71
Game finished: 1/2-1/2
Win rate: 10.64%, Loss rate: 83.25%, Draw rate: 6.10%
P: -7.02, N: -4.76, B: -4.83, R: -10.88, Q: 1.56, K: 0.61, M: 24.51
Game finished: 1-0
Win rate: 10.69%, Loss rate: 83.21%, Draw rate: 6.10%
P: -7.80, N: -4.46, B: -4.33, R: -10.66, Q: 1.68, K: 0.61, M: 24.48
Game finished: 0-1
Win rate: 10.69%, Loss rate: 83.22%, Draw rate: 6.10%
P: -7.10, N: -4.63, B: -4.19, R: -10.70, Q: 1.63, K: 0.61, M: 24.47
Game finished: 0-1
Win rate: 10.68%, Loss rate: 83.23%, Draw rate: 6.09%
P: -7.75, N: -4.71, B: -4.28, R: -11.15, Q: 1.81, K: 0.61, M: 24.38
Game finished: 0-1
Win rate: 10.67%, Loss rate: 83.23%, Draw rate: 6.09%
P: -6.46, N: -4.36, B: -3.60, R: -10.45, Q: 1.75, K: 0.61, M: 24.38
Game finished: 1-0
Win rate: 10.72%, Loss rate: 83.19%, Draw rate: 6.09%
P: -7.30, N: -4.53, B: -3.99, R: -10.87, Q: 1.99, K: 0.61, M: 24.38
Game finished: 1-0
Win rate: 10.77%, Loss rate: 83.14%, Draw rate: 6.09%
P: -7.43, N: -4.55, B: -4.28, R: -11.18, Q: 1.91, K: 0.61, M: 24.31
Game finished: 0-1
Win rate: 10.76%, Loss rate: 83.15%, Draw rate: 6.08%
P: -5.86, N: -4.12, B: -3.82, R: -10.35, Q: 2.37, K: 0.61, M: 24.28
Game finished: 0-1
Win rate: 10.76%, Loss rate: 83.16%, Draw rate: 6.08%
P: -4.24, N: -2.83, B: -2.82, R: -9.01, Q: 2.93, K: 0.61, M: 24.27
Game finished: 0-1
Win rate: 10.75%, Loss rate: 83.17%, Draw rate: 6.08%
P: -3.07, N: -2.46, B: -2.48, R: -8.18, Q: 3.27, K: 0.61, M: 24.57
Game finished: 1-0
Win rate: 10.80%, Loss rate: 83.13%, Draw rate: 6.07%
P: -3.67, N: -2.65, B: -2.85, R: -8.52, Q: 3.30, K: 0.61, M: 24.58
Game finished: 1-0
Win rate: 10.85%, Loss rate: 83.08%, Draw rate: 6.07%
P: -3.74, N: -2.28, B: -2.90, R: -8.84, Q: 3.17, K: 0.61, M: 24.54
Game finished: 1-0
Win rate: 10.90%, Loss rate: 83.04%, Draw rate: 6.07%
P: -3.63, N: -2.28, B: -2.70, R: -9.19, Q: 3.01, K: 0.61, M: 24.55
Game finished: 1/2-1/2
Win rate: 10.89%, Loss rate: 82.99%, Draw rate: 6.12%
P: -4.82, N: -2.78, B: -2.71, R: -9.78, Q: 3.26, K: 0.61, M: 24.58
Game finished: 0-1
Win rate: 10.88%, Loss rate: 83.00%, Draw rate: 6.11%
P: -5.08, N: -2.81, B: -2.71, R: -9.95, Q: 3.00, K: 0.61, M: 24.58
Game finished: 1-0
Win rate: 10.93%, Loss rate: 82.96%, Draw rate: 6.11%
P: -5.59, N: -2.60, B: -2.61, R: -9.84, Q: 2.87, K: 0.61, M: 24.73
Game finished: 0-1
Win rate: 10.93%, Loss rate: 82.97%, Draw rate: 6.11%
P: -6.17, N: -2.63, B: -2.43, R: -9.76, Q: 2.67, K: 0.61, M: 24.82
Game finished: 1/2-1/2
Win rate: 10.92%, Loss rate: 82.92%, Draw rate: 6.16%
P: -6.05, N: -2.48, B: -2.63, R: -9.86, Q: 2.59, K: 0.61, M: 24.84
Game finished: 1/2-1/2
Win rate: 10.91%, Loss rate: 82.88%, Draw rate: 6.21%
P: -5.62, N: -2.86, B: -3.03, R: -9.92, Q: 2.55, K: 0.61, M: 24.84
Game finished: 0-1
Win rate: 10.91%, Loss rate: 82.89%, Draw rate: 6.20%
P: -6.21, N: -2.88, B: -2.90, R: -10.02, Q: 2.55, K: 0.61, M: 24.67
Game finished: 1-0
Win rate: 10.96%, Loss rate: 82.84%, Draw rate: 6.20%
P: -4.62, N: -2.96, B: -2.52, R: -9.72, Q: 2.29, K: 0.61, M: 24.67
Game finished: 1-0
Win rate: 11.00%, Loss rate: 82.80%, Draw rate: 6.20%
P: -5.09, N: -2.97, B: -2.41, R: -9.97, Q: 2.13, K: 0.61, M: 24.67
Game finished: 0-1
Win rate: 11.00%, Loss rate: 82.81%, Draw rate: 6.19%
P: -5.26, N: -3.15, B: -2.77, R: -10.13, Q: 1.84, K: 0.61, M: 24.47
Game finished: 0-1
Win rate: 10.99%, Loss rate: 82.82%, Draw rate: 6.19%
P: -5.91, N: -3.13, B: -3.33, R: -10.70, Q: 0.95, K: 0.61, M: 24.50
Game finished: 0-1
Win rate: 10.99%, Loss rate: 82.83%, Draw rate: 6.19%
P: -5.72, N: -3.53, B: -3.13, R: -11.18, Q: 0.72, K: 0.61, M: 24.50
Game finished: 1-0
Win rate: 11.03%, Loss rate: 82.78%, Draw rate: 6.18%
P: -5.42, N: -3.09, B: -3.25, R: -11.03, Q: 0.81, K: 0.61, M: 24.73
Game finished: 1-0
Win rate: 11.08%, Loss rate: 82.74%, Draw rate: 6.18%
P: -4.99, N: -2.58, B: -2.79, R: -10.88, Q: 0.69, K: 0.61, M: 24.74
Game finished: 0-1
Win rate: 11.08%, Loss rate: 82.75%, Draw rate: 6.18%
P: -5.17, N: -2.40, B: -2.48, R: -10.78, Q: 0.66, K: 0.61, M: 24.76
Game finished: 0-1
Win rate: 11.07%, Loss rate: 82.76%, Draw rate: 6.17%
P: -6.59, N: -3.05, B: -3.37, R: -11.79, Q: 0.58, K: 0.61, M: 24.95
Game finished: 1-0
Win rate: 11.12%, Loss rate: 82.71%, Draw rate: 6.17%
P: -6.50, N: -2.96, B: -3.42, R: -11.92, Q: 0.53, K: 0.61, M: 24.95
Game finished: 1-0
Win rate: 11.16%, Loss rate: 82.67%, Draw rate: 6.17%
P: -6.15, N: -2.88, B: -3.30, R: -11.77, Q: 0.61, K: 0.61, M: 24.95
Game finished: 1-0
Win rate: 11.21%, Loss rate: 82.62%, Draw rate: 6.16%
P: -6.01, N: -2.99, B: -3.23, R: -11.61, Q: 0.53, K: 0.61, M: 24.90
Game finished: 1/2-1/2
Win rate: 11.21%, Loss rate: 82.58%, Draw rate: 6.21%
P: -6.63, N: -2.37, B: -2.84, R: -11.48, Q: 0.23, K: 0.61, M: 24.93
Game finished: 0-1
Win rate: 11.20%, Loss rate: 82.59%, Draw rate: 6.21%
P: -6.84, N: -2.68, B: -3.29, R: -11.64, Q: 0.02, K: 0.61, M: 24.81
Game finished: 1-0
Win rate: 11.25%, Loss rate: 82.55%, Draw rate: 6.21%
P: -6.26, N: -2.61, B: -3.08, R: -11.57, Q: -0.15, K: 0.61, M: 24.75
Game finished: 1-0
Win rate: 11.29%, Loss rate: 82.50%, Draw rate: 6.20%
P: -7.73, N: -3.03, B: -3.70, R: -12.26, Q: -0.36, K: 0.61, M: 24.76
Game finished: 0-1
Win rate: 11.29%, Loss rate: 82.51%, Draw rate: 6.20%
P: -6.16, N: -2.91, B: -3.26, R: -11.63, Q: -0.42, K: 0.61, M: 24.77
Game finished: 0-1
Win rate: 11.28%, Loss rate: 82.52%, Draw rate: 6.20%
P: -5.73, N: -3.28, B: -3.19, R: -11.62, Q: -0.70, K: 0.61, M: 24.94
Game finished: 0-1
Win rate: 11.28%, Loss rate: 82.53%, Draw rate: 6.19%
P: -5.67, N: -3.70, B: -3.29, R: -11.60, Q: -0.92, K: 0.61, M: 24.95
Game finished: 1-0
Win rate: 11.32%, Loss rate: 82.49%, Draw rate: 6.19%
P: -5.82, N: -3.68, B: -3.33, R: -11.17, Q: -1.10, K: 0.61, M: 24.95
Game finished: 1-0
Win rate: 11.37%, Loss rate: 82.44%, Draw rate: 6.19%
P: -5.42, N: -3.44, B: -3.03, R: -10.82, Q: -1.14, K: 0.61, M: 24.93
Game finished: 1-0
Win rate: 11.42%, Loss rate: 82.40%, Draw rate: 6.18%
P: -4.36, N: -3.44, B: -2.63, R: -10.42, Q: -1.52, K: 0.61, M: 25.00
Game finished: 1-0
Win rate: 11.46%, Loss rate: 82.36%, Draw rate: 6.18%
P: -6.95, N: -3.70, B: -3.03, R: -11.28, Q: -1.76, K: 0.61, M: 25.00
Game finished: 1-0
Win rate: 11.51%, Loss rate: 82.31%, Draw rate: 6.18%
P: -6.30, N: -3.68, B: -2.84, R: -11.04, Q: -1.61, K: 0.61, M: 25.00
Game finished: 0-1
Win rate: 11.50%, Loss rate: 82.32%, Draw rate: 6.17%
P: -6.13, N: -3.79, B: -3.18, R: -10.95, Q: -1.74, K: 0.61, M: 25.00
Game finished: 1/2-1/2
Win rate: 11.50%, Loss rate: 82.28%, Draw rate: 6.22%
P: -6.21, N: -3.89, B: -3.06, R: -10.76, Q: -1.81, K: 0.61, M: 24.81
Game finished: 0-1
Win rate: 11.49%, Loss rate: 82.29%, Draw rate: 6.22%
P: -5.77, N: -3.86, B: -3.79, R: -10.91, Q: -1.39, K: 0.61, M: 24.81
Game finished: 0-1
Win rate: 11.49%, Loss rate: 82.30%, Draw rate: 6.22%
P: -5.74, N: -4.22, B: -3.57, R: -11.12, Q: -1.39, K: 0.61, M: 24.84
Game finished: 0-1
Win rate: 11.48%, Loss rate: 82.31%, Draw rate: 6.21%
P: -5.66, N: -3.91, B: -3.37, R: -10.97, Q: -1.42, K: 0.61, M: 24.84
Game finished: 1-0
Win rate: 11.53%, Loss rate: 82.26%, Draw rate: 6.21%
Epsilon: 0.0945
Results saved to mf2_results/results.csv
Epsilon history saved to mf2_epsilon/epsilon.csv
Elapsed time: 0:12:01
P: -7.04, N: -4.33, B: -3.60, R: -11.37, Q: -1.44, K: 0.61, M: 24.60
Game finished: 0-1
Win rate: 11.52%, Loss rate: 82.27%, Draw rate: 6.21%
P: -7.09, N: -4.54, B: -3.48, R: -11.55, Q: -1.53, K: 0.61, M: 24.61
Game finished: 1-0
Win rate: 11.57%, Loss rate: 82.23%, Draw rate: 6.20%
P: -7.16, N: -4.52, B: -3.27, R: -11.50, Q: -1.56, K: 0.61, M: 24.60
Game finished: 0-1
Win rate: 11.56%, Loss rate: 82.24%, Draw rate: 6.20%
P: -7.53, N: -4.92, B: -3.38, R: -11.71, Q: -1.70, K: 0.61, M: 24.60
Game finished: 0-1
Win rate: 11.55%, Loss rate: 82.25%, Draw rate: 6.20%
P: -5.33, N: -4.48, B: -3.03, R: -11.13, Q: -1.55, K: 0.61, M: 24.57
Game finished: 0-1
Win rate: 11.55%, Loss rate: 82.26%, Draw rate: 6.19%
P: -5.48, N: -4.18, B: -2.69, R: -10.68, Q: -1.40, K: 0.61, M: 24.56
Game finished: 0-1
Win rate: 11.54%, Loss rate: 82.27%, Draw rate: 6.19%
P: -3.53, N: -3.96, B: -2.00, R: -9.79, Q: -1.56, K: 0.61, M: 24.55
Game finished: 0-1
Win rate: 11.54%, Loss rate: 82.28%, Draw rate: 6.19%
P: -4.10, N: -4.09, B: -2.23, R: -9.84, Q: -1.70, K: 0.61, M: 24.39
Game finished: 0-1
Win rate: 11.53%, Loss rate: 82.29%, Draw rate: 6.18%
P: -5.08, N: -3.98, B: -2.02, R: -9.93, Q: -1.69, K: 0.61, M: 24.36
Game finished: 0-1
Win rate: 11.52%, Loss rate: 82.29%, Draw rate: 6.18%
P: -5.12, N: -4.33, B: -2.00, R: -9.49, Q: -1.77, K: 0.61, M: 24.36
Game finished: 1-0
Win rate: 11.57%, Loss rate: 82.25%, Draw rate: 6.18%
P: -6.43, N: -4.64, B: -2.23, R: -10.14, Q: -1.59, K: 0.61, M: 24.35
Game finished: 1-0
Win rate: 11.62%, Loss rate: 82.21%, Draw rate: 6.17%
P: -5.11, N: -3.89, B: -1.49, R: -9.25, Q: -1.54, K: 0.61, M: 24.21
Game finished: 1-0
Win rate: 11.66%, Loss rate: 82.17%, Draw rate: 6.17%
P: -6.92, N: -4.39, B: -2.14, R: -9.62, Q: -1.83, K: 0.61, M: 24.22
Game finished: 0-1
Win rate: 11.66%, Loss rate: 82.17%, Draw rate: 6.17%
P: -5.49, N: -4.92, B: -1.79, R: -9.34, Q: -1.77, K: 0.61, M: 24.20
Game finished: 0-1
Win rate: 11.65%, Loss rate: 82.18%, Draw rate: 6.17%
P: -5.39, N: -4.64, B: -1.49, R: -9.12, Q: -1.91, K: 0.61, M: 24.20
Game finished: 1-0
Win rate: 11.70%, Loss rate: 82.14%, Draw rate: 6.16%
P: -4.75, N: -4.29, B: -1.50, R: -8.86, Q: -2.31, K: 0.61, M: 24.20
Game finished: 0-1
Win rate: 11.69%, Loss rate: 82.15%, Draw rate: 6.16%
P: -4.22, N: -4.53, B: -1.17, R: -8.65, Q: -2.33, K: 0.61, M: 24.20
Game finished: 1-0
Win rate: 11.74%, Loss rate: 82.11%, Draw rate: 6.16%
P: -4.34, N: -3.92, B: -0.81, R: -8.38, Q: -2.34, K: 0.61, M: 24.09
Game finished: 0-1
Win rate: 11.73%, Loss rate: 82.12%, Draw rate: 6.15%
P: -6.76, N: -4.82, B: -1.59, R: -9.50, Q: -2.78, K: 0.61, M: 24.07
Game finished: 0-1
Win rate: 11.72%, Loss rate: 82.13%, Draw rate: 6.15%
P: -6.86, N: -4.86, B: -1.55, R: -9.66, Q: -2.84, K: 0.61, M: 24.07
Game finished: 1-0
Win rate: 11.77%, Loss rate: 82.08%, Draw rate: 6.15%
P: -6.64, N: -5.26, B: -2.23, R: -9.74, Q: -2.43, K: 0.61, M: 24.33
Game finished: 0-1
Win rate: 11.76%, Loss rate: 82.09%, Draw rate: 6.14%
P: -6.54, N: -5.06, B: -2.19, R: -9.62, Q: -2.39, K: 0.61, M: 24.32
Game finished: 1/2-1/2
Win rate: 11.76%, Loss rate: 82.05%, Draw rate: 6.19%
P: -5.72, N: -4.91, B: -2.18, R: -9.08, Q: -2.17, K: 0.61, M: 24.28
Game finished: 0-1
Win rate: 11.75%, Loss rate: 82.06%, Draw rate: 6.19%
P: -5.47, N: -4.83, B: -1.71, R: -9.14, Q: -2.24, K: 0.61, M: 24.25
Game finished: 1/2-1/2
Win rate: 11.75%, Loss rate: 82.02%, Draw rate: 6.24%
P: -6.85, N: -5.02, B: -2.41, R: -9.98, Q: -2.59, K: 0.61, M: 24.19
Game finished: 0-1
Win rate: 11.74%, Loss rate: 82.03%, Draw rate: 6.23%
P: -7.13, N: -4.33, B: -2.45, R: -9.06, Q: -1.78, K: 0.61, M: 24.19
Game finished: 1-0
Win rate: 11.79%, Loss rate: 81.98%, Draw rate: 6.23%
P: -7.46, N: -4.25, B: -2.15, R: -8.96, Q: -1.75, K: 0.61, M: 24.19
Game finished: 0-1
Win rate: 11.78%, Loss rate: 81.99%, Draw rate: 6.23%
P: -5.67, N: -3.59, B: -1.38, R: -8.25, Q: -1.75, K: 0.61, M: 24.21
Game finished: 1/2-1/2
Win rate: 11.77%, Loss rate: 81.95%, Draw rate: 6.28%
P: -6.20, N: -3.29, B: -0.89, R: -8.21, Q: -2.02, K: 0.61, M: 24.29
Game finished: 0-1
Win rate: 11.77%, Loss rate: 81.96%, Draw rate: 6.27%
P: -5.88, N: -3.13, B: -1.02, R: -8.58, Q: -1.68, K: 0.61, M: 24.29
Game finished: 1-0
Win rate: 11.81%, Loss rate: 81.92%, Draw rate: 6.27%
P: -5.35, N: -2.86, B: -0.96, R: -8.36, Q: -1.67, K: 0.61, M: 24.52
Game finished: 1-0
Win rate: 11.86%, Loss rate: 81.87%, Draw rate: 6.27%
P: -4.56, N: -2.47, B: -0.48, R: -8.14, Q: -1.76, K: 0.61, M: 24.56
Game finished: 0-1
Win rate: 11.85%, Loss rate: 81.88%, Draw rate: 6.26%
P: -7.94, N: -2.99, B: -1.22, R: -8.94, Q: -2.30, K: 0.61, M: 24.56
Game finished: 0-1
Win rate: 11.85%, Loss rate: 81.89%, Draw rate: 6.26%
P: -8.08, N: -2.73, B: -1.05, R: -8.76, Q: -2.38, K: 0.61, M: 24.59
Game finished: 0-1
Win rate: 11.84%, Loss rate: 81.90%, Draw rate: 6.26%
P: -8.32, N: -3.80, B: -0.89, R: -9.20, Q: -2.18, K: 0.61, M: 24.77
Game finished: 1/2-1/2
Win rate: 11.83%, Loss rate: 81.86%, Draw rate: 6.30%
P: -7.79, N: -3.61, B: -0.58, R: -9.52, Q: -2.02, K: 0.61, M: 24.76
Game finished: 1-0
Win rate: 11.88%, Loss rate: 81.82%, Draw rate: 6.30%
P: -7.96, N: -3.29, B: -0.25, R: -9.52, Q: -1.56, K: 0.61, M: 24.80
Game finished: 0-1
Win rate: 11.87%, Loss rate: 81.83%, Draw rate: 6.30%
P: -7.44, N: -3.06, B: -0.59, R: -9.23, Q: -2.21, K: 0.61, M: 24.81
Game finished: 0-1
Win rate: 11.87%, Loss rate: 81.84%, Draw rate: 6.30%
P: -7.16, N: -2.82, B: -0.45, R: -8.92, Q: -2.17, K: 0.61, M: 24.90
Game finished: 0-1
Win rate: 11.86%, Loss rate: 81.85%, Draw rate: 6.29%
P: -8.53, N: -3.06, B: -0.86, R: -9.44, Q: -2.69, K: 0.61, M: 25.00
Game finished: 0-1
Win rate: 11.86%, Loss rate: 81.86%, Draw rate: 6.29%
P: -8.17, N: -3.07, B: -1.00, R: -9.36, Q: -2.61, K: 0.61, M: 25.00
Game finished: 0-1
Win rate: 11.85%, Loss rate: 81.87%, Draw rate: 6.29%
P: -8.18, N: -3.13, B: -0.78, R: -9.38, Q: -2.47, K: 0.61, M: 25.00
Game finished: 0-1
Win rate: 11.84%, Loss rate: 81.87%, Draw rate: 6.28%
P: -8.04, N: -3.37, B: -1.59, R: -9.71, Q: -2.31, K: 0.61, M: 25.00
Game finished: 1-0
Win rate: 11.89%, Loss rate: 81.83%, Draw rate: 6.28%
P: -4.81, N: -2.42, B: -0.70, R: -8.32, Q: -2.59, K: 0.61, M: 25.00
Game finished: 0-1
Win rate: 11.88%, Loss rate: 81.84%, Draw rate: 6.28%
P: -4.03, N: -1.82, B: -0.12, R: -7.79, Q: -2.49, K: 0.61, M: 25.00
Game finished: 1-0
Win rate: 11.93%, Loss rate: 81.80%, Draw rate: 6.27%
P: -6.27, N: -2.54, B: -1.31, R: -8.90, Q: -2.60, K: 0.61, M: 25.00
Game finished: 1-0
Win rate: 11.97%, Loss rate: 81.76%, Draw rate: 6.27%
P: -6.54, N: -2.34, B: -1.18, R: -9.00, Q: -2.68, K: 0.61, M: 25.00
Game finished: 1-0
Win rate: 12.02%, Loss rate: 81.72%, Draw rate: 6.27%
P: -5.93, N: -1.99, B: -0.73, R: -8.53, Q: -2.20, K: 0.61, M: 25.00
Game finished: 0-1
Win rate: 12.01%, Loss rate: 81.72%, Draw rate: 6.26%
P: -6.75, N: -2.07, B: 0.02, R: -8.85, Q: -1.64, K: 0.61, M: 25.00
Game finished: 0-1
Win rate: 12.01%, Loss rate: 81.73%, Draw rate: 6.26%
P: -6.70, N: -2.04, B: -0.01, R: -8.87, Q: -1.61, K: 0.61, M: 25.00
Game finished: 0-1
Win rate: 12.00%, Loss rate: 81.74%, Draw rate: 6.26%
P: -8.01, N: -2.20, B: -0.25, R: -9.83, Q: -1.66, K: 0.61, M: 25.00
Game finished: 0-1
Win rate: 11.99%, Loss rate: 81.75%, Draw rate: 6.25%
P: -9.36, N: -2.40, B: -1.53, R: -10.63, Q: -1.78, K: 0.61, M: 25.00
Game finished: 0-1
Win rate: 11.99%, Loss rate: 81.76%, Draw rate: 6.25%
P: -9.26, N: -3.16, B: -1.55, R: -10.95, Q: -1.95, K: 0.61, M: 25.00
Game finished: 1-0
Win rate: 12.03%, Loss rate: 81.72%, Draw rate: 6.25%
P: -9.31, N: -3.39, B: -1.40, R: -10.96, Q: -1.97, K: 0.61, M: 25.00
Game finished: 0-1
Win rate: 12.03%, Loss rate: 81.73%, Draw rate: 6.24%
P: -6.65, N: -3.64, B: -0.71, R: -10.06, Q: -1.34, K: 0.61, M: 25.00
Game finished: 0-1
Win rate: 12.02%, Loss rate: 81.74%, Draw rate: 6.24%
P: -6.49, N: -3.62, B: -0.81, R: -10.16, Q: -1.34, K: 0.61, M: 25.00
Game finished: 0-1
Win rate: 12.01%, Loss rate: 81.75%, Draw rate: 6.24%
P: -6.33, N: -3.43, B: -1.12, R: -10.08, Q: -1.14, K: 0.61, M: 25.00
Game finished: 0-1
Win rate: 12.01%, Loss rate: 81.76%, Draw rate: 6.23%
P: -6.86, N: -3.45, B: -1.74, R: -10.30, Q: -1.55, K: 0.61, M: 25.00
Game finished: 0-1
Win rate: 12.00%, Loss rate: 81.77%, Draw rate: 6.23%
P: -8.45, N: -3.87, B: -2.19, R: -10.87, Q: -1.67, K: 0.61, M: 25.00
Game finished: 0-1
Win rate: 12.00%, Loss rate: 81.78%, Draw rate: 6.23%
P: -8.17, N: -3.87, B: -2.21, R: -10.64, Q: -1.55, K: 0.61, M: 25.00
Game finished: 0-1
Win rate: 11.99%, Loss rate: 81.79%, Draw rate: 6.22%
P: -8.08, N: -3.71, B: -2.54, R: -10.71, Q: -1.71, K: 0.61, M: 25.00
Game finished: 0-1
Win rate: 11.98%, Loss rate: 81.80%, Draw rate: 6.22%
P: -7.74, N: -3.87, B: -2.28, R: -10.57, Q: -1.31, K: 0.61, M: 25.00
Game finished: 0-1
Win rate: 11.98%, Loss rate: 81.80%, Draw rate: 6.22%
P: -8.12, N: -3.61, B: -2.17, R: -10.65, Q: -1.39, K: 0.61, M: 25.00
Game finished: 0-1
Win rate: 11.97%, Loss rate: 81.81%, Draw rate: 6.21%
P: -8.53, N: -3.38, B: -2.26, R: -10.38, Q: -1.23, K: 0.61, M: 25.00
Game finished: 0-1
Win rate: 11.97%, Loss rate: 81.82%, Draw rate: 6.21%
P: -8.71, N: -3.60, B: -2.53, R: -10.63, Q: -1.08, K: 0.61, M: 25.00
Game finished: 1-0
Win rate: 12.01%, Loss rate: 81.78%, Draw rate: 6.21%
P: -8.12, N: -3.65, B: -2.48, R: -10.45, Q: -0.93, K: 0.61, M: 25.00
Game finished: 1/2-1/2
Win rate: 12.00%, Loss rate: 81.74%, Draw rate: 6.26%
P: -8.87, N: -3.66, B: -2.75, R: -11.05, Q: -0.88, K: 0.61, M: 25.00
Game finished: 1-0
Win rate: 12.05%, Loss rate: 81.70%, Draw rate: 6.25%
P: -8.44, N: -3.51, B: -2.61, R: -10.81, Q: -0.84, K: 0.61, M: 25.00
Game finished: 1-0
Win rate: 12.09%, Loss rate: 81.66%, Draw rate: 6.25%
P: -8.41, N: -3.69, B: -3.04, R: -11.09, Q: -0.94, K: 0.61, M: 25.00
Game finished: 1-0
Win rate: 12.14%, Loss rate: 81.62%, Draw rate: 6.25%
P: -8.24, N: -3.45, B: -3.06, R: -10.81, Q: -0.95, K: 0.61, M: 25.00
Game finished: 1-0
Win rate: 12.18%, Loss rate: 81.57%, Draw rate: 6.24%
P: -8.53, N: -3.32, B: -3.38, R: -10.99, Q: -0.86, K: 0.61, M: 25.00
Game finished: 1-0
Win rate: 12.23%, Loss rate: 81.53%, Draw rate: 6.24%
P: -8.25, N: -3.27, B: -2.50, R: -10.79, Q: -0.86, K: 0.61, M: 25.00
Game finished: 1-0
Win rate: 12.27%, Loss rate: 81.49%, Draw rate: 6.24%
P: -9.81, N: -3.75, B: -2.65, R: -11.45, Q: -0.53, K: 0.61, M: 25.00
Game finished: 0-1
Win rate: 12.27%, Loss rate: 81.50%, Draw rate: 6.23%
P: -9.65, N: -4.01, B: -2.58, R: -11.47, Q: -0.46, K: 0.61, M: 25.00
Game finished: 1-0
Win rate: 12.31%, Loss rate: 81.46%, Draw rate: 6.23%
P: -9.82, N: -3.72, B: -1.89, R: -11.25, Q: -0.78, K: 0.61, M: 25.00
Game finished: 0-1
Win rate: 12.30%, Loss rate: 81.47%, Draw rate: 6.23%
P: -10.18, N: -3.85, B: -2.23, R: -11.39, Q: -0.57, K: 0.61, M: 25.00
Game finished: 0-1
Win rate: 12.30%, Loss rate: 81.48%, Draw rate: 6.22%
P: -10.24, N: -3.57, B: -2.40, R: -11.58, Q: -0.60, K: 0.61, M: 25.00
Game finished: 0-1
Win rate: 12.29%, Loss rate: 81.49%, Draw rate: 6.22%
P: -8.00, N: -3.38, B: -1.33, R: -10.90, Q: -0.55, K: 0.61, M: 25.00
Game finished: 0-1
Win rate: 12.29%, Loss rate: 81.50%, Draw rate: 6.22%
P: -7.86, N: -3.58, B: -0.80, R: -10.79, Q: -0.46, K: 0.61, M: 25.00
Game finished: 1-0
Win rate: 12.33%, Loss rate: 81.46%, Draw rate: 6.22%
P: -7.41, N: -3.68, B: -0.89, R: -10.74, Q: -0.47, K: 0.61, M: 25.00
Game finished: 0-1
Win rate: 12.32%, Loss rate: 81.46%, Draw rate: 6.21%
P: -6.14, N: -3.49, B: -0.62, R: -10.13, Q: -0.58, K: 0.61, M: 25.00
Game finished: 0-1
Win rate: 12.32%, Loss rate: 81.47%, Draw rate: 6.21%
P: -6.10, N: -3.74, B: -0.93, R: -10.35, Q: -0.68, K: 0.61, M: 25.00
Game finished: 0-1
Win rate: 12.31%, Loss rate: 81.48%, Draw rate: 6.21%
P: -5.84, N: -4.16, B: -0.57, R: -10.08, Q: -0.62, K: 0.61, M: 25.00
Game finished: 0-1
Win rate: 12.30%, Loss rate: 81.49%, Draw rate: 6.20%
P: -5.46, N: -4.18, B: -0.58, R: -9.98, Q: -0.69, K: 0.61, M: 24.95
Game finished: 1-0
Win rate: 12.35%, Loss rate: 81.45%, Draw rate: 6.20%
P: -5.78, N: -4.41, B: -0.79, R: -10.09, Q: -0.60, K: 0.61, M: 24.95
Game finished: 1-0
Win rate: 12.39%, Loss rate: 81.41%, Draw rate: 6.20%
P: -5.02, N: -4.84, B: -0.74, R: -10.06, Q: -0.65, K: 0.61, M: 24.96
Game finished: 0-1
Win rate: 12.39%, Loss rate: 81.42%, Draw rate: 6.19%
P: -4.88, N: -4.65, B: -0.62, R: -9.59, Q: -0.42, K: 0.61, M: 24.97
Game finished: 0-1
Win rate: 12.38%, Loss rate: 81.43%, Draw rate: 6.19%
P: -5.61, N: -4.87, B: -1.50, R: -10.26, Q: -0.59, K: 0.61, M: 24.95
Game finished: 0-1
Win rate: 12.37%, Loss rate: 81.44%, Draw rate: 6.19%
P: -6.63, N: -5.06, B: -1.61, R: -10.69, Q: -0.66, K: 0.61, M: 24.94
Game finished: 0-1
Win rate: 12.37%, Loss rate: 81.45%, Draw rate: 6.18%
P: -7.19, N: -5.33, B: -1.56, R: -11.03, Q: -0.31, K: 0.61, M: 25.00
Game finished: 1-0
Win rate: 12.41%, Loss rate: 81.41%, Draw rate: 6.18%
P: -4.23, N: -5.30, B: -0.40, R: -10.64, Q: 0.55, K: 0.61, M: 25.00
Game finished: 0-1
Win rate: 12.41%, Loss rate: 81.42%, Draw rate: 6.18%
P: -6.55, N: -5.64, B: -0.97, R: -11.34, Q: 0.09, K: 0.61, M: 24.99
Game finished: 1-0
Win rate: 12.45%, Loss rate: 81.38%, Draw rate: 6.17%
P: -5.69, N: -5.92, B: -1.40, R: -10.44, Q: 0.19, K: 0.61, M: 24.94
Game finished: 1-0
Win rate: 12.49%, Loss rate: 81.33%, Draw rate: 6.17%
P: -6.26, N: -5.84, B: -1.37, R: -10.65, Q: 0.25, K: 0.61, M: 24.94
Game finished: 1-0
Win rate: 12.54%, Loss rate: 81.29%, Draw rate: 6.17%
P: -7.07, N: -5.88, B: -1.57, R: -11.13, Q: 0.08, K: 0.61, M: 24.95
Game finished: 0-1
Win rate: 12.53%, Loss rate: 81.30%, Draw rate: 6.17%
P: -8.07, N: -6.39, B: -2.01, R: -11.60, Q: -0.08, K: 0.61, M: 24.95
Game finished: 1-0
Win rate: 12.58%, Loss rate: 81.26%, Draw rate: 6.16%
P: -7.40, N: -6.30, B: -1.80, R: -11.24, Q: -0.04, K: 0.61, M: 25.00
Game finished: 0-1
Win rate: 12.57%, Loss rate: 81.27%, Draw rate: 6.16%
P: -7.91, N: -6.36, B: -1.94, R: -11.66, Q: -0.03, K: 0.61, M: 25.00
Game finished: 1-0
Win rate: 12.61%, Loss rate: 81.23%, Draw rate: 6.16%
P: -5.80, N: -6.12, B: -0.98, R: -11.04, Q: 0.09, K: 0.61, M: 25.00
Game finished: 0-1
Win rate: 12.61%, Loss rate: 81.24%, Draw rate: 6.15%
P: -6.81, N: -6.41, B: -1.27, R: -11.58, Q: 0.13, K: 0.61, M: 25.00
Game finished: 1/2-1/2
Win rate: 12.60%, Loss rate: 81.20%, Draw rate: 6.20%
Epsilon: 0.0945
Results saved to mf2_results/results.csv
Epsilon history saved to mf2_epsilon/epsilon.csv
Elapsed time: 0:12:31
Saved weights after FEN 1
Training on FEN 2/18: r1bqk2r/pp1n1ppp/2pbpn2/6B1/3P4/2N1PN2/PPP2PPP/R2QKB1R w KQkq - 4 7
P: -6.28, N: -6.13, B: -1.11, R: -11.41, Q: 0.15, K: 0.61, M: 25.00
Game finished: 0-1
Win rate: 12.59%, Loss rate: 81.21%, Draw rate: 6.20%
P: -5.76, N: -6.08, B: -0.93, R: -10.82, Q: 0.13, K: 0.61, M: 25.00
Game finished: 0-1
Win rate: 12.59%, Loss rate: 81.22%, Draw rate: 6.19%
P: -6.26, N: -6.19, B: -0.71, R: -10.72, Q: -0.17, K: 0.61, M: 25.00
Game finished: 0-1
Win rate: 12.58%, Loss rate: 81.23%, Draw rate: 6.19%
P: -5.64, N: -6.28, B: -0.61, R: -10.60, Q: -0.03, K: 0.61, M: 25.00
Game finished: 0-1
Win rate: 12.57%, Loss rate: 81.24%, Draw rate: 6.19%
P: -5.82, N: -6.32, B: -0.60, R: -10.48, Q: 0.08, K: 0.61, M: 25.00
Game finished: 0-1
Win rate: 12.57%, Loss rate: 81.25%, Draw rate: 6.18%
P: -6.31, N: -6.26, B: -0.95, R: -10.50, Q: 0.17, K: 0.61, M: 25.00
Game finished: 0-1
Win rate: 12.56%, Loss rate: 81.26%, Draw rate: 6.18%
P: -6.45, N: -6.18, B: -0.83, R: -10.56, Q: -0.27, K: 0.61, M: 25.00
Game finished: 0-1
Win rate: 12.56%, Loss rate: 81.27%, Draw rate: 6.18%
P: -6.18, N: -5.83, B: -0.95, R: -10.63, Q: -0.47, K: 0.61, M: 25.00
Game finished: 0-1
Win rate: 12.55%, Loss rate: 81.27%, Draw rate: 6.18%
P: -6.27, N: -5.79, B: -1.03, R: -10.61, Q: -0.29, K: 0.61, M: 25.00
Game finished: 0-1
Win rate: 12.54%, Loss rate: 81.28%, Draw rate: 6.17%
P: -5.92, N: -5.60, B: -0.95, R: -10.37, Q: -0.10, K: 0.61, M: 25.00
Game finished: 0-1
Win rate: 12.54%, Loss rate: 81.29%, Draw rate: 6.17%
P: -7.26, N: -5.64, B: -1.01, R: -11.00, Q: -0.06, K: 0.61, M: 25.00
Game finished: 0-1
Win rate: 12.53%, Loss rate: 81.30%, Draw rate: 6.17%
P: -7.28, N: -5.26, B: -1.07, R: -11.04, Q: 0.06, K: 0.61, M: 25.00
Game finished: 0-1
Win rate: 12.52%, Loss rate: 81.31%, Draw rate: 6.16%
P: -7.53, N: -5.30, B: -0.98, R: -10.77, Q: 0.15, K: 0.61, M: 25.00
Game finished: 0-1
Win rate: 12.52%, Loss rate: 81.32%, Draw rate: 6.16%
P: -6.97, N: -4.74, B: -0.58, R: -10.35, Q: 0.51, K: 0.61, M: 25.00
Game finished: 0-1
Win rate: 12.51%, Loss rate: 81.33%, Draw rate: 6.16%
P: -5.67, N: -4.79, B: -0.37, R: -10.01, Q: 0.58, K: 0.61, M: 25.00
Game finished: 0-1
Win rate: 12.51%, Loss rate: 81.34%, Draw rate: 6.15%
P: -6.56, N: -4.19, B: 0.20, R: -9.93, Q: 0.95, K: 0.61, M: 25.00
Game finished: 0-1
Win rate: 12.50%, Loss rate: 81.35%, Draw rate: 6.15%
P: -7.95, N: -3.90, B: 0.42, R: -9.96, Q: 0.49, K: 0.61, M: 25.00
Game finished: 0-1
Win rate: 12.49%, Loss rate: 81.36%, Draw rate: 6.15%
P: -8.43, N: -4.33, B: 0.11, R: -10.18, Q: 0.33, K: 0.61, M: 25.00
Game finished: 0-1
Win rate: 12.49%, Loss rate: 81.37%, Draw rate: 6.14%
P: -8.81, N: -4.40, B: -0.23, R: -10.29, Q: 0.27, K: 0.61, M: 25.00
Game finished: 0-1
Win rate: 12.48%, Loss rate: 81.38%, Draw rate: 6.14%
P: -9.73, N: -4.31, B: -0.10, R: -10.42, Q: 0.99, K: 0.61, M: 25.00
Game finished: 0-1
Win rate: 12.48%, Loss rate: 81.39%, Draw rate: 6.14%
P: -9.43, N: -3.86, B: -0.05, R: -10.08, Q: 1.10, K: 0.61, M: 25.00
Game finished: 0-1
Win rate: 12.47%, Loss rate: 81.40%, Draw rate: 6.14%
P: -6.97, N: -4.00, B: -0.35, R: -9.81, Q: 1.23, K: 0.61, M: 25.00
Game finished: 0-1
Win rate: 12.46%, Loss rate: 81.40%, Draw rate: 6.13%
P: -6.86, N: -4.02, B: -0.33, R: -9.87, Q: 1.29, K: 0.61, M: 25.00
Game finished: 1-0
Win rate: 12.51%, Loss rate: 81.36%, Draw rate: 6.13%
P: -6.56, N: -3.46, B: -0.17, R: -9.66, Q: 1.45, K: 0.61, M: 24.89
Game finished: 1/2-1/2
Win rate: 12.50%, Loss rate: 81.32%, Draw rate: 6.18%
P: -5.84, N: -3.44, B: 0.05, R: -9.55, Q: 1.81, K: 0.61, M: 24.88
Game finished: 0-1
Win rate: 12.49%, Loss rate: 81.33%, Draw rate: 6.17%
P: -6.38, N: -4.00, B: -0.25, R: -9.98, Q: 1.85, K: 0.61, M: 24.89
Game finished: 0-1
Win rate: 12.49%, Loss rate: 81.34%, Draw rate: 6.17%
P: -7.31, N: -4.48, B: -0.25, R: -10.06, Q: 1.85, K: 0.61, M: 24.88
Game finished: 0-1
Win rate: 12.48%, Loss rate: 81.35%, Draw rate: 6.17%
P: -10.43, N: -4.27, B: -0.84, R: -10.96, Q: 1.58, K: 0.61, M: 24.83
Game finished: 0-1
Win rate: 12.48%, Loss rate: 81.36%, Draw rate: 6.16%
P: -10.38, N: -4.51, B: -0.82, R: -11.18, Q: 1.67, K: 0.61, M: 24.89
Game finished: 0-1
Win rate: 12.47%, Loss rate: 81.37%, Draw rate: 6.16%
P: -7.12, N: -4.52, B: 0.05, R: -10.57, Q: 1.80, K: 0.61, M: 24.88
Game finished: 0-1
Win rate: 12.46%, Loss rate: 81.38%, Draw rate: 6.16%
P: -8.81, N: -4.50, B: -0.41, R: -11.41, Q: 1.45, K: 0.61, M: 24.88
Game finished: 0-1
Win rate: 12.46%, Loss rate: 81.39%, Draw rate: 6.15%
P: -9.48, N: -4.58, B: -0.46, R: -11.18, Q: 1.51, K: 0.61, M: 24.88
Game finished: 0-1
Win rate: 12.45%, Loss rate: 81.40%, Draw rate: 6.15%
P: -7.93, N: -4.81, B: 0.07, R: -10.98, Q: 1.58, K: 0.61, M: 24.88
Game finished: 1/2-1/2
Win rate: 12.44%, Loss rate: 81.36%, Draw rate: 6.20%
P: -8.09, N: -4.61, B: -0.09, R: -10.94, Q: 1.55, K: 0.61, M: 24.87
Game finished: 0-1
Win rate: 12.44%, Loss rate: 81.37%, Draw rate: 6.19%
P: -8.09, N: -5.55, B: -0.74, R: -11.22, Q: 1.11, K: 0.61, M: 24.87
Game finished: 0-1
Win rate: 12.43%, Loss rate: 81.38%, Draw rate: 6.19%
P: -10.14, N: -5.17, B: -1.38, R: -11.81, Q: 0.88, K: 0.61, M: 24.86
Game finished: 0-1
Win rate: 12.43%, Loss rate: 81.39%, Draw rate: 6.19%
P: -6.82, N: -4.22, B: -1.11, R: -10.68, Q: 0.47, K: 0.61, M: 24.85
Game finished: 0-1
Win rate: 12.42%, Loss rate: 81.39%, Draw rate: 6.19%
P: -6.51, N: -4.09, B: -1.10, R: -10.44, Q: 0.53, K: 0.61, M: 24.86
Game finished: 0-1
Win rate: 12.41%, Loss rate: 81.40%, Draw rate: 6.18%
P: -7.16, N: -4.30, B: -1.54, R: -10.80, Q: 0.48, K: 0.61, M: 24.86
Game finished: 0-1
Win rate: 12.41%, Loss rate: 81.41%, Draw rate: 6.18%
P: -5.79, N: -4.56, B: -1.21, R: -10.88, Q: 0.98, K: 0.61, M: 24.85
Game finished: 0-1
Win rate: 12.40%, Loss rate: 81.42%, Draw rate: 6.18%
P: -5.35, N: -4.69, B: -1.15, R: -10.90, Q: 1.21, K: 0.61, M: 24.84
Game finished: 0-1
Win rate: 12.40%, Loss rate: 81.43%, Draw rate: 6.17%
P: -4.49, N: -4.36, B: -0.76, R: -10.35, Q: 1.22, K: 0.61, M: 24.84
Game finished: 0-1
Win rate: 12.39%, Loss rate: 81.44%, Draw rate: 6.17%
P: -4.65, N: -4.18, B: -0.67, R: -10.10, Q: 0.95, K: 0.61, M: 24.84
Game finished: 1/2-1/2
Win rate: 12.38%, Loss rate: 81.40%, Draw rate: 6.22%
P: -5.37, N: -4.16, B: -0.75, R: -10.16, Q: 0.90, K: 0.61, M: 24.85
Game finished: 0-1
Win rate: 12.38%, Loss rate: 81.41%, Draw rate: 6.21%
P: -6.77, N: -4.21, B: -0.94, R: -10.71, Q: 0.61, K: 0.61, M: 24.86
Game finished: 0-1
Win rate: 12.37%, Loss rate: 81.42%, Draw rate: 6.21%
P: -6.66, N: -3.88, B: -0.53, R: -10.43, Q: 0.75, K: 0.61, M: 24.88
Game finished: 0-1
Win rate: 12.37%, Loss rate: 81.43%, Draw rate: 6.21%
P: -7.14, N: -3.98, B: -0.65, R: -10.76, Q: 0.55, K: 0.61, M: 24.90
Game finished: 0-1
Win rate: 12.36%, Loss rate: 81.44%, Draw rate: 6.20%
P: -7.92, N: -3.96, B: -1.22, R: -11.10, Q: 0.52, K: 0.61, M: 24.96
Game finished: 1-0
Win rate: 12.40%, Loss rate: 81.40%, Draw rate: 6.20%
P: -6.93, N: -4.35, B: -0.97, R: -11.05, Q: 0.52, K: 0.61, M: 24.96
Game finished: 0-1
Win rate: 12.40%, Loss rate: 81.41%, Draw rate: 6.20%
P: -7.60, N: -4.06, B: -0.82, R: -10.83, Q: 0.65, K: 0.61, M: 24.96
Game finished: 0-1
Win rate: 12.39%, Loss rate: 81.41%, Draw rate: 6.20%
P: -7.96, N: -4.14, B: -0.78, R: -10.87, Q: 0.52, K: 0.61, M: 24.97
Game finished: 1/2-1/2
Win rate: 12.38%, Loss rate: 81.37%, Draw rate: 6.24%
P: -7.97, N: -4.49, B: -0.86, R: -10.91, Q: 0.71, K: 0.61, M: 24.97
Game finished: 0-1
Win rate: 12.38%, Loss rate: 81.38%, Draw rate: 6.24%
P: -7.83, N: -4.80, B: -0.80, R: -10.80, Q: 0.64, K: 0.61, M: 24.81
Game finished: 1-0
Win rate: 12.42%, Loss rate: 81.34%, Draw rate: 6.23%
P: -9.11, N: -5.46, B: 0.12, R: -12.34, Q: 1.27, K: 0.61, M: 25.00
Game finished: 0-1
Win rate: 12.41%, Loss rate: 81.35%, Draw rate: 6.23%
P: -7.40, N: -5.01, B: 0.34, R: -11.88, Q: 1.00, K: 0.61, M: 25.00
Game finished: 0-1
Win rate: 12.41%, Loss rate: 81.36%, Draw rate: 6.23%
P: -8.47, N: -4.67, B: -0.44, R: -11.70, Q: 0.70, K: 0.61, M: 25.00
Game finished: 0-1
Win rate: 12.40%, Loss rate: 81.37%, Draw rate: 6.23%
P: -8.52, N: -4.80, B: -0.58, R: -11.89, Q: 0.92, K: 0.61, M: 25.00
Game finished: 0-1
Win rate: 12.40%, Loss rate: 81.38%, Draw rate: 6.22%
P: -9.05, N: -4.67, B: -0.59, R: -12.33, Q: 0.79, K: 0.61, M: 25.00
Game finished: 0-1
Win rate: 12.39%, Loss rate: 81.39%, Draw rate: 6.22%
P: -9.94, N: -4.39, B: -0.50, R: -12.47, Q: 0.42, K: 0.61, M: 25.00
Game finished: 0-1
Win rate: 12.38%, Loss rate: 81.40%, Draw rate: 6.22%
P: -9.05, N: -3.47, B: -0.12, R: -11.83, Q: 0.24, K: 0.61, M: 24.97
Game finished: 1/2-1/2
Win rate: 12.38%, Loss rate: 81.36%, Draw rate: 6.26%
P: -9.51, N: -3.54, B: 0.12, R: -11.71, Q: 0.19, K: 0.61, M: 25.00
Game finished: 0-1
Win rate: 12.37%, Loss rate: 81.37%, Draw rate: 6.26%
P: -8.21, N: -3.07, B: 0.55, R: -10.67, Q: 0.61, K: 0.61, M: 25.00
Game finished: 0-1
Win rate: 12.37%, Loss rate: 81.38%, Draw rate: 6.26%
P: -7.07, N: -1.98, B: 1.53, R: -9.44, Q: 0.96, K: 0.61, M: 25.00
Game finished: 0-1
Win rate: 12.36%, Loss rate: 81.39%, Draw rate: 6.25%
P: -5.97, N: -1.69, B: 2.04, R: -8.99, Q: 0.88, K: 0.61, M: 25.00
Game finished: 0-1
Win rate: 12.35%, Loss rate: 81.40%, Draw rate: 6.25%
P: -4.82, N: -1.71, B: 1.87, R: -8.56, Q: 0.68, K: 0.61, M: 25.00
Game finished: 0-1
Win rate: 12.35%, Loss rate: 81.40%, Draw rate: 6.25%
P: -6.57, N: -1.47, B: 1.65, R: -9.04, Q: 0.67, K: 0.61, M: 25.00
Game finished: 0-1
Win rate: 12.34%, Loss rate: 81.41%, Draw rate: 6.24%
P: -7.23, N: -1.64, B: 1.87, R: -8.86, Q: -0.26, K: 0.61, M: 25.00
Game finished: 0-1
Win rate: 12.34%, Loss rate: 81.42%, Draw rate: 6.24%
P: -6.81, N: -1.76, B: 1.55, R: -8.88, Q: -0.26, K: 0.61, M: 25.00
Game finished: 0-1
Win rate: 12.33%, Loss rate: 81.43%, Draw rate: 6.24%
P: -5.50, N: -2.42, B: 1.52, R: -8.35, Q: -0.27, K: 0.61, M: 25.00
Game finished: 1/2-1/2
Win rate: 12.32%, Loss rate: 81.39%, Draw rate: 6.28%
P: -5.94, N: -2.28, B: 1.64, R: -8.37, Q: 0.37, K: 0.61, M: 25.00
Game finished: 0-1
Win rate: 12.32%, Loss rate: 81.40%, Draw rate: 6.28%
P: -6.06, N: -2.05, B: 1.81, R: -8.38, Q: 0.64, K: 0.61, M: 25.00
Game finished: 0-1
Win rate: 12.31%, Loss rate: 81.41%, Draw rate: 6.28%
P: -7.39, N: -2.16, B: 1.61, R: -8.83, Q: 0.34, K: 0.61, M: 25.00
Game finished: 0-1
Win rate: 12.31%, Loss rate: 81.42%, Draw rate: 6.27%
P: -9.16, N: -2.57, B: 1.50, R: -9.56, Q: 0.50, K: 0.61, M: 25.00
Game finished: 0-1
Win rate: 12.30%, Loss rate: 81.43%, Draw rate: 6.27%
P: -9.92, N: -3.33, B: 1.22, R: -9.68, Q: 0.48, K: 0.61, M: 25.00
Game finished: 0-1
Win rate: 12.30%, Loss rate: 81.44%, Draw rate: 6.27%
P: -8.26, N: -3.27, B: 1.10, R: -9.30, Q: 0.56, K: 0.61, M: 25.00
Game finished: 1/2-1/2
Win rate: 12.29%, Loss rate: 81.40%, Draw rate: 6.31%
P: -8.80, N: -2.97, B: 1.35, R: -9.52, Q: 0.46, K: 0.61, M: 25.00
Game finished: 0-1
Win rate: 12.28%, Loss rate: 81.41%, Draw rate: 6.31%
P: -7.78, N: -2.84, B: 1.26, R: -8.91, Q: 0.91, K: 0.61, M: 25.00
Game finished: 0-1
Win rate: 12.28%, Loss rate: 81.42%, Draw rate: 6.31%
P: -6.82, N: -2.55, B: 1.07, R: -8.39, Q: 0.97, K: 0.61, M: 25.00
Game finished: 0-1
Win rate: 12.27%, Loss rate: 81.42%, Draw rate: 6.30%
P: -7.12, N: -2.65, B: 1.09, R: -8.36, Q: 0.83, K: 0.61, M: 25.00
Game finished: 0-1
Win rate: 12.27%, Loss rate: 81.43%, Draw rate: 6.30%
P: -7.12, N: -2.88, B: 0.84, R: -9.02, Q: 0.59, K: 0.61, M: 25.00
Game finished: 0-1
Win rate: 12.26%, Loss rate: 81.44%, Draw rate: 6.30%
P: -7.53, N: -3.05, B: 0.23, R: -9.45, Q: 0.41, K: 0.61, M: 25.00
Game finished: 0-1
Win rate: 12.25%, Loss rate: 81.45%, Draw rate: 6.30%
P: -7.93, N: -2.91, B: 0.15, R: -9.59, Q: 0.50, K: 0.61, M: 25.00
Game finished: 0-1
Win rate: 12.25%, Loss rate: 81.46%, Draw rate: 6.29%
P: -9.23, N: -3.04, B: -0.51, R: -9.69, Q: 0.41, K: 0.61, M: 25.00
Game finished: 0-1
Win rate: 12.24%, Loss rate: 81.47%, Draw rate: 6.29%
P: -10.80, N: -2.85, B: -0.59, R: -10.30, Q: -0.03, K: 0.61, M: 25.00
Game finished: 0-1
Win rate: 12.24%, Loss rate: 81.48%, Draw rate: 6.29%
P: -11.43, N: -3.37, B: -1.05, R: -10.50, Q: -0.09, K: 0.61, M: 25.00
Game finished: 0-1
Win rate: 12.23%, Loss rate: 81.49%, Draw rate: 6.28%
P: -11.48, N: -3.30, B: -1.11, R: -10.55, Q: -0.19, K: 0.61, M: 25.00
Game finished: 1-0
Win rate: 12.27%, Loss rate: 81.45%, Draw rate: 6.28%
P: -12.23, N: -3.67, B: -1.50, R: -11.15, Q: -0.22, K: 0.61, M: 25.00
Game finished: 1-0
Win rate: 12.31%, Loss rate: 81.41%, Draw rate: 6.28%
P: -7.85, N: -3.21, B: -1.84, R: -10.31, Q: -0.55, K: 0.61, M: 25.00
Game finished: 0-1
Win rate: 12.31%, Loss rate: 81.42%, Draw rate: 6.27%
P: -9.01, N: -3.18, B: -2.04, R: -10.48, Q: -0.56, K: 0.61, M: 25.00
Game finished: 1-0
Win rate: 12.35%, Loss rate: 81.38%, Draw rate: 6.27%
P: -8.84, N: -2.89, B: -2.06, R: -10.21, Q: -0.46, K: 0.61, M: 25.00
Game finished: 0-1
Win rate: 12.34%, Loss rate: 81.39%, Draw rate: 6.27%
P: -8.41, N: -3.10, B: -2.29, R: -10.01, Q: -0.42, K: 0.61, M: 25.00
Game finished: 0-1
Win rate: 12.34%, Loss rate: 81.40%, Draw rate: 6.26%
P: -7.75, N: -2.93, B: -2.42, R: -9.87, Q: -0.27, K: 0.61, M: 25.00
Game finished: 0-1
Win rate: 12.33%, Loss rate: 81.41%, Draw rate: 6.26%
P: -8.50, N: -3.10, B: -2.58, R: -9.85, Q: -0.03, K: 0.61, M: 25.00
Game finished: 0-1
Win rate: 12.33%, Loss rate: 81.41%, Draw rate: 6.26%
P: -7.38, N: -3.15, B: -2.58, R: -9.43, Q: -0.07, K: 0.61, M: 25.00
Game finished: 0-1
Win rate: 12.32%, Loss rate: 81.42%, Draw rate: 6.26%
P: -7.35, N: -2.98, B: -2.87, R: -9.46, Q: -0.04, K: 0.61, M: 24.97
Game finished: 0-1
Win rate: 12.32%, Loss rate: 81.43%, Draw rate: 6.25%
P: -6.91, N: -4.05, B: -2.83, R: -9.42, Q: 0.36, K: 0.61, M: 24.98
Game finished: 0-1
Win rate: 12.31%, Loss rate: 81.44%, Draw rate: 6.25%
P: -7.97, N: -3.17, B: -1.92, R: -9.29, Q: 0.08, K: 0.61, M: 24.79
Game finished: 1-0
Win rate: 12.35%, Loss rate: 81.40%, Draw rate: 6.25%
P: -7.65, N: -3.12, B: -2.84, R: -10.03, Q: 0.01, K: 0.61, M: 25.00
Game finished: 0-1
Win rate: 12.35%, Loss rate: 81.41%, Draw rate: 6.24%
P: -7.00, N: -3.67, B: -2.97, R: -10.27, Q: 0.06, K: 0.61, M: 25.00
Game finished: 0-1
Win rate: 12.34%, Loss rate: 81.42%, Draw rate: 6.24%
P: -6.48, N: -4.13, B: -3.57, R: -10.66, Q: 0.15, K: 0.61, M: 25.00
Game finished: 0-1
Win rate: 12.33%, Loss rate: 81.43%, Draw rate: 6.24%
Epsilon: 0.0944
Results saved to mf2_results/results.csv
Epsilon history saved to mf2_epsilon/epsilon.csv
Elapsed time: 0:13:22
P: -5.72, N: -4.12, B: -2.74, R: -10.40, Q: 0.02, K: 0.61, M: 24.98
Game finished: 0-1
Win rate: 12.33%, Loss rate: 81.44%, Draw rate: 6.24%
P: -6.23, N: -2.94, B: -2.25, R: -10.59, Q: 0.38, K: 0.61, M: 25.00
Game finished: 0-1
Win rate: 12.32%, Loss rate: 81.45%, Draw rate: 6.23%
P: -6.62, N: -2.65, B: -2.03, R: -10.29, Q: -0.01, K: 0.61, M: 25.00
Game finished: 0-1
Win rate: 12.32%, Loss rate: 81.46%, Draw rate: 6.23%
P: -6.51, N: -1.89, B: -1.06, R: -9.97, Q: 0.76, K: 0.61, M: 25.00
Game finished: 0-1
Win rate: 12.31%, Loss rate: 81.46%, Draw rate: 6.23%
P: -6.11, N: -1.51, B: -1.16, R: -9.58, Q: 0.79, K: 0.61, M: 25.00
Game finished: 0-1
Win rate: 12.30%, Loss rate: 81.47%, Draw rate: 6.22%
P: -7.98, N: -1.77, B: -1.01, R: -10.25, Q: 0.73, K: 0.61, M: 25.00
Game finished: 0-1
Win rate: 12.30%, Loss rate: 81.48%, Draw rate: 6.22%
P: -7.38, N: -1.92, B: -0.95, R: -10.04, Q: 1.11, K: 0.61, M: 25.00
Game finished: 0-1
Win rate: 12.29%, Loss rate: 81.49%, Draw rate: 6.22%
P: -8.78, N: -1.53, B: -0.88, R: -10.56, Q: 0.74, K: 0.61, M: 25.00
Game finished: 0-1
Win rate: 12.29%, Loss rate: 81.50%, Draw rate: 6.21%
P: -10.72, N: -1.38, B: -0.72, R: -10.99, Q: 0.95, K: 0.61, M: 25.00
Game finished: 0-1
Win rate: 12.28%, Loss rate: 81.51%, Draw rate: 6.21%
P: -9.96, N: -1.63, B: -0.95, R: -10.72, Q: 0.92, K: 0.61, M: 25.00
Game finished: 0-1
Win rate: 12.27%, Loss rate: 81.52%, Draw rate: 6.21%
P: -9.62, N: -1.32, B: -0.69, R: -10.50, Q: 0.96, K: 0.61, M: 25.00
Game finished: 0-1
Win rate: 12.27%, Loss rate: 81.53%, Draw rate: 6.21%
P: -8.33, N: -0.94, B: -0.66, R: -10.08, Q: 1.29, K: 0.61, M: 25.00
Game finished: 0-1
Win rate: 12.26%, Loss rate: 81.53%, Draw rate: 6.20%
P: -8.79, N: -1.25, B: -0.63, R: -10.22, Q: 1.29, K: 0.61, M: 25.00
Game finished: 0-1
Win rate: 12.26%, Loss rate: 81.54%, Draw rate: 6.20%
P: -7.48, N: -0.32, B: 0.20, R: -9.39, Q: 2.31, K: 0.61, M: 25.00
Game finished: 0-1
Win rate: 12.25%, Loss rate: 81.55%, Draw rate: 6.20%
P: -7.46, N: -0.18, B: 0.25, R: -9.31, Q: 2.37, K: 0.61, M: 25.00
Game finished: 0-1
Win rate: 12.25%, Loss rate: 81.56%, Draw rate: 6.19%
P: -7.96, N: -0.10, B: 0.29, R: -9.41, Q: 2.22, K: 0.61, M: 25.00
Game finished: 0-1
Win rate: 12.24%, Loss rate: 81.57%, Draw rate: 6.19%
P: -7.34, N: 0.16, B: 0.58, R: -9.39, Q: 2.46, K: 0.61, M: 25.00
Game finished: 0-1
Win rate: 12.23%, Loss rate: 81.58%, Draw rate: 6.19%
P: -7.51, N: -0.11, B: 0.41, R: -9.63, Q: 2.53, K: 0.61, M: 25.00
Game finished: 0-1
Win rate: 12.23%, Loss rate: 81.59%, Draw rate: 6.19%
P: -7.69, N: 0.12, B: 0.32, R: -9.18, Q: 2.54, K: 0.61, M: 25.00
Game finished: 0-1
Win rate: 12.22%, Loss rate: 81.60%, Draw rate: 6.18%
P: -6.83, N: 0.44, B: 0.32, R: -9.10, Q: 2.38, K: 0.61, M: 25.00
Game finished: 1/2-1/2
Win rate: 12.22%, Loss rate: 81.56%, Draw rate: 6.23%
P: -6.02, N: 0.56, B: 0.83, R: -8.67, Q: 2.17, K: 0.61, M: 25.00
Game finished: 0-1
Win rate: 12.21%, Loss rate: 81.57%, Draw rate: 6.22%
P: -6.28, N: 0.54, B: 1.52, R: -8.72, Q: 1.89, K: 0.61, M: 25.00
Game finished: 0-1
Win rate: 12.21%, Loss rate: 81.57%, Draw rate: 6.22%
P: -8.44, N: 0.24, B: 1.28, R: -9.52, Q: 1.92, K: 0.61, M: 25.00
Game finished: 0-1
Win rate: 12.20%, Loss rate: 81.58%, Draw rate: 6.22%
P: -9.61, N: -0.10, B: 1.52, R: -9.71, Q: 2.16, K: 0.61, M: 25.00
Game finished: 0-1
Win rate: 12.19%, Loss rate: 81.59%, Draw rate: 6.21%
P: -10.32, N: -0.87, B: 1.46, R: -10.01, Q: 2.18, K: 0.61, M: 25.00
Game finished: 1/2-1/2
Win rate: 12.19%, Loss rate: 81.55%, Draw rate: 6.26%
P: -10.63, N: -0.94, B: 1.78, R: -10.15, Q: 1.22, K: 0.61, M: 25.00
Game finished: 0-1
Win rate: 12.18%, Loss rate: 81.56%, Draw rate: 6.26%
P: -8.97, N: -1.36, B: 1.15, R: -9.73, Q: 0.74, K: 0.61, M: 25.00
Game finished: 0-1
Win rate: 12.18%, Loss rate: 81.57%, Draw rate: 6.25%
P: -9.77, N: -1.34, B: 1.42, R: -10.00, Q: 0.74, K: 0.61, M: 25.00
Game finished: 0-1
Win rate: 12.17%, Loss rate: 81.58%, Draw rate: 6.25%
P: -9.05, N: -1.94, B: 1.41, R: -9.99, Q: 0.52, K: 0.61, M: 25.00
Game finished: 0-1
Win rate: 12.17%, Loss rate: 81.59%, Draw rate: 6.25%
P: -9.05, N: -3.01, B: 0.84, R: -10.47, Q: 0.59, K: 0.61, M: 25.00
Game finished: 0-1
Win rate: 12.16%, Loss rate: 81.60%, Draw rate: 6.24%
P: -9.98, N: -3.13, B: 1.11, R: -10.89, Q: 0.61, K: 0.61, M: 25.00
Game finished: 1/2-1/2
Win rate: 12.15%, Loss rate: 81.56%, Draw rate: 6.29%
P: -10.42, N: -3.27, B: 0.84, R: -11.09, Q: 0.51, K: 0.61, M: 25.00
Game finished: 0-1
Win rate: 12.15%, Loss rate: 81.57%, Draw rate: 6.29%
P: -10.10, N: -3.42, B: 1.85, R: -10.25, Q: 1.17, K: 0.61, M: 25.00
Game finished: 0-1
Win rate: 12.14%, Loss rate: 81.58%, Draw rate: 6.28%
P: -10.37, N: -3.22, B: 1.57, R: -10.56, Q: 1.35, K: 0.61, M: 25.00
Game finished: 0-1
Win rate: 12.14%, Loss rate: 81.58%, Draw rate: 6.28%
P: -9.37, N: -3.41, B: 1.55, R: -10.24, Q: 1.25, K: 0.61, M: 25.00
Game finished: 0-1
Win rate: 12.13%, Loss rate: 81.59%, Draw rate: 6.28%
P: -8.99, N: -3.12, B: 1.92, R: -10.21, Q: 1.27, K: 0.61, M: 25.00
Game finished: 1/2-1/2
Win rate: 12.13%, Loss rate: 81.55%, Draw rate: 6.32%
P: -10.45, N: -3.06, B: 1.83, R: -10.91, Q: 1.03, K: 0.61, M: 25.00
Game finished: 0-1
Win rate: 12.12%, Loss rate: 81.56%, Draw rate: 6.32%
P: -11.39, N: -3.26, B: 1.15, R: -11.31, Q: 0.91, K: 0.61, M: 25.00
Game finished: 0-1
Win rate: 12.11%, Loss rate: 81.57%, Draw rate: 6.31%
P: -11.49, N: -3.73, B: 0.64, R: -11.65, Q: 0.54, K: 0.61, M: 25.00
Game finished: 1/2-1/2
Win rate: 12.11%, Loss rate: 81.53%, Draw rate: 6.36%
P: -10.76, N: -3.63, B: 0.72, R: -11.66, Q: 0.49, K: 0.61, M: 25.00
Game finished: 1/2-1/2
Win rate: 12.10%, Loss rate: 81.50%, Draw rate: 6.40%
P: -8.91, N: -3.16, B: 1.37, R: -10.96, Q: 1.00, K: 0.61, M: 25.00
Game finished: 0-1
Win rate: 12.10%, Loss rate: 81.50%, Draw rate: 6.40%
P: -6.75, N: -3.10, B: 1.21, R: -10.28, Q: 0.87, K: 0.61, M: 25.00
Game finished: 0-1
Win rate: 12.09%, Loss rate: 81.51%, Draw rate: 6.40%
P: -6.90, N: -2.91, B: 1.50, R: -10.14, Q: 0.84, K: 0.61, M: 25.00
Game finished: 0-1
Win rate: 12.09%, Loss rate: 81.52%, Draw rate: 6.39%
P: -7.57, N: -2.82, B: 1.43, R: -10.26, Q: 0.84, K: 0.61, M: 25.00
Game finished: 0-1
Win rate: 12.08%, Loss rate: 81.53%, Draw rate: 6.39%
P: -8.65, N: -3.35, B: 0.71, R: -11.04, Q: 0.71, K: 0.61, M: 25.00
Game finished: 0-1
Win rate: 12.07%, Loss rate: 81.54%, Draw rate: 6.39%
P: -8.16, N: -3.27, B: 0.54, R: -10.68, Q: 0.80, K: 0.61, M: 25.00
Game finished: 1/2-1/2
Win rate: 12.07%, Loss rate: 81.50%, Draw rate: 6.43%
P: -5.16, N: -3.67, B: 0.88, R: -9.83, Q: 0.78, K: 0.61, M: 25.00
Game finished: 0-1
Win rate: 12.06%, Loss rate: 81.51%, Draw rate: 6.43%
P: -5.64, N: -3.43, B: -0.23, R: -10.57, Q: -0.26, K: 0.61, M: 25.00
Game finished: 0-1
Win rate: 12.06%, Loss rate: 81.52%, Draw rate: 6.42%
P: -6.51, N: -3.50, B: -0.11, R: -10.82, Q: -0.33, K: 0.61, M: 25.00
Game finished: 0-1
Win rate: 12.05%, Loss rate: 81.53%, Draw rate: 6.42%
P: -6.54, N: -3.21, B: -0.09, R: -10.73, Q: -0.50, K: 0.61, M: 25.00
Game finished: 1/2-1/2
Win rate: 12.05%, Loss rate: 81.49%, Draw rate: 6.47%
P: -6.72, N: -3.58, B: -0.74, R: -11.12, Q: -0.69, K: 0.61, M: 25.00
Game finished: 0-1
Win rate: 12.04%, Loss rate: 81.50%, Draw rate: 6.46%
P: -7.32, N: -4.04, B: -0.88, R: -11.47, Q: -0.54, K: 0.61, M: 25.00
Game finished: 0-1
Win rate: 12.04%, Loss rate: 81.51%, Draw rate: 6.46%
P: -7.60, N: -4.17, B: -0.88, R: -11.61, Q: -0.47, K: 0.61, M: 25.00
Game finished: 0-1
Win rate: 12.03%, Loss rate: 81.51%, Draw rate: 6.46%
P: -7.69, N: -4.47, B: -0.79, R: -11.96, Q: -0.57, K: 0.61, M: 25.00
Game finished: 0-1
Win rate: 12.02%, Loss rate: 81.52%, Draw rate: 6.45%
P: -7.67, N: -4.46, B: -0.58, R: -12.17, Q: -0.57, K: 0.61, M: 25.00
Game finished: 0-1
Win rate: 12.02%, Loss rate: 81.53%, Draw rate: 6.45%
P: -7.13, N: -4.21, B: -0.46, R: -11.70, Q: -0.67, K: 0.61, M: 25.00
Game finished: 0-1
Win rate: 12.01%, Loss rate: 81.54%, Draw rate: 6.45%
P: -7.64, N: -3.84, B: -0.37, R: -12.13, Q: -1.24, K: 0.61, M: 25.00
Game finished: 0-1
Win rate: 12.01%, Loss rate: 81.55%, Draw rate: 6.44%
P: -7.18, N: -3.75, B: -0.11, R: -11.77, Q: -1.25, K: 0.61, M: 25.00
Game finished: 0-1
Win rate: 12.00%, Loss rate: 81.56%, Draw rate: 6.44%
P: -8.69, N: -4.18, B: -0.13, R: -11.67, Q: -1.37, K: 0.61, M: 25.00
Game finished: 0-1
Win rate: 12.00%, Loss rate: 81.57%, Draw rate: 6.44%
P: -6.94, N: -4.03, B: -0.23, R: -10.54, Q: -1.37, K: 0.61, M: 25.00
Game finished: 0-1
Win rate: 11.99%, Loss rate: 81.57%, Draw rate: 6.44%
P: -7.98, N: -3.55, B: -0.14, R: -11.06, Q: -1.36, K: 0.61, M: 25.00
Game finished: 0-1
Win rate: 11.99%, Loss rate: 81.58%, Draw rate: 6.43%
P: -9.10, N: -3.59, B: -0.47, R: -11.46, Q: -2.36, K: 0.61, M: 25.00
Game finished: 0-1
Win rate: 11.98%, Loss rate: 81.59%, Draw rate: 6.43%
P: -8.51, N: -3.58, B: -0.10, R: -11.07, Q: -2.03, K: 0.61, M: 25.00
Game finished: 0-1
Win rate: 11.97%, Loss rate: 81.60%, Draw rate: 6.43%
P: -7.33, N: -3.32, B: -0.08, R: -10.53, Q: -1.49, K: 0.61, M: 25.00
Game finished: 0-1
Win rate: 11.97%, Loss rate: 81.61%, Draw rate: 6.42%
P: -8.87, N: -3.53, B: -0.36, R: -10.48, Q: -2.13, K: 0.61, M: 25.00
Game finished: 0-1
Win rate: 11.96%, Loss rate: 81.62%, Draw rate: 6.42%
P: -9.52, N: -3.92, B: -0.63, R: -10.77, Q: -2.23, K: 0.61, M: 25.00
Game finished: 0-1
Win rate: 11.96%, Loss rate: 81.63%, Draw rate: 6.42%
P: -9.29, N: -3.85, B: -0.75, R: -10.64, Q: -2.22, K: 0.61, M: 25.00
Game finished: 0-1
Win rate: 11.95%, Loss rate: 81.63%, Draw rate: 6.41%
P: -9.33, N: -3.49, B: -0.89, R: -10.61, Q: -2.15, K: 0.61, M: 25.00
Game finished: 0-1
Win rate: 11.95%, Loss rate: 81.64%, Draw rate: 6.41%
P: -9.39, N: -3.51, B: -0.64, R: -10.37, Q: -2.26, K: 0.61, M: 25.00
Game finished: 0-1
Win rate: 11.94%, Loss rate: 81.65%, Draw rate: 6.41%
P: -9.19, N: -3.86, B: -0.64, R: -10.16, Q: -2.15, K: 0.61, M: 25.00
Game finished: 0-1
Win rate: 11.94%, Loss rate: 81.66%, Draw rate: 6.41%
P: -9.49, N: -3.60, B: -0.69, R: -10.15, Q: -2.21, K: 0.61, M: 25.00
Game finished: 0-1
Win rate: 11.93%, Loss rate: 81.67%, Draw rate: 6.40%
P: -7.69, N: -3.10, B: -0.38, R: -9.16, Q: -2.16, K: 0.61, M: 25.00
Game finished: 0-1
Win rate: 11.92%, Loss rate: 81.68%, Draw rate: 6.40%
P: -7.08, N: -3.14, B: -0.48, R: -8.74, Q: -1.93, K: 0.61, M: 25.00
Game finished: 0-1
Win rate: 11.92%, Loss rate: 81.68%, Draw rate: 6.40%
P: -7.26, N: -3.35, B: -0.22, R: -8.94, Q: -2.30, K: 0.61, M: 25.00
Game finished: 0-1
Win rate: 11.91%, Loss rate: 81.69%, Draw rate: 6.39%
P: -8.11, N: -3.31, B: -0.51, R: -9.54, Q: -2.19, K: 0.61, M: 25.00
Game finished: 1/2-1/2
Win rate: 11.91%, Loss rate: 81.66%, Draw rate: 6.44%
P: -8.18, N: -3.05, B: -0.81, R: -9.73, Q: -2.21, K: 0.61, M: 25.00
Game finished: 0-1
Win rate: 11.90%, Loss rate: 81.66%, Draw rate: 6.43%
P: -6.25, N: -3.04, B: -0.59, R: -9.47, Q: -2.06, K: 0.61, M: 25.00
Game finished: 0-1
Win rate: 11.90%, Loss rate: 81.67%, Draw rate: 6.43%
P: -7.03, N: -3.46, B: -1.29, R: -10.02, Q: -2.62, K: 0.61, M: 25.00
Game finished: 0-1
Win rate: 11.89%, Loss rate: 81.68%, Draw rate: 6.43%
P: -6.44, N: -3.14, B: -0.81, R: -9.77, Q: -2.74, K: 0.61, M: 25.00
Game finished: 0-1
Win rate: 11.89%, Loss rate: 81.69%, Draw rate: 6.42%
P: -7.56, N: -3.54, B: -0.66, R: -10.34, Q: -2.59, K: 0.61, M: 25.00
Game finished: 0-1
Win rate: 11.88%, Loss rate: 81.70%, Draw rate: 6.42%
P: -7.24, N: -3.24, B: -0.60, R: -9.92, Q: -2.60, K: 0.61, M: 25.00
Game finished: 0-1
Win rate: 11.88%, Loss rate: 81.71%, Draw rate: 6.42%
P: -6.96, N: -3.26, B: -0.39, R: -9.62, Q: -2.46, K: 0.61, M: 25.00
Game finished: 0-1
Win rate: 11.87%, Loss rate: 81.71%, Draw rate: 6.42%
P: -6.58, N: -2.62, B: 0.28, R: -8.99, Q: -1.81, K: 0.61, M: 25.00
Game finished: 0-1
Win rate: 11.86%, Loss rate: 81.72%, Draw rate: 6.41%
P: -6.75, N: -2.66, B: 0.30, R: -9.02, Q: -1.83, K: 0.61, M: 25.00
Game finished: 0-1
Win rate: 11.86%, Loss rate: 81.73%, Draw rate: 6.41%
P: -6.69, N: -2.18, B: 1.03, R: -7.57, Q: -1.31, K: 0.61, M: 25.00
Game finished: 0-1
Win rate: 11.85%, Loss rate: 81.74%, Draw rate: 6.41%
P: -8.17, N: -2.24, B: 1.08, R: -8.29, Q: -1.71, K: 0.61, M: 25.00
Game finished: 1-0
Win rate: 11.89%, Loss rate: 81.70%, Draw rate: 6.40%
P: -7.34, N: -2.26, B: 1.28, R: -7.32, Q: -1.73, K: 0.61, M: 25.00
Game finished: 1-0
Win rate: 11.93%, Loss rate: 81.66%, Draw rate: 6.40%
P: -7.34, N: -2.09, B: 1.49, R: -7.37, Q: -1.76, K: 0.61, M: 25.00
Game finished: 0-1
Win rate: 11.93%, Loss rate: 81.67%, Draw rate: 6.40%
P: -7.22, N: -1.85, B: 1.32, R: -7.25, Q: -1.73, K: 0.61, M: 25.00
Game finished: 0-1
Win rate: 11.92%, Loss rate: 81.68%, Draw rate: 6.40%
P: -8.20, N: -1.76, B: 1.63, R: -7.43, Q: -1.60, K: 0.61, M: 25.00
Game finished: 0-1
Win rate: 11.92%, Loss rate: 81.69%, Draw rate: 6.39%
P: -9.48, N: -1.99, B: 1.09, R: -8.46, Q: -1.92, K: 0.61, M: 25.00
Game finished: 0-1
Win rate: 11.91%, Loss rate: 81.70%, Draw rate: 6.39%
P: -8.20, N: -1.88, B: 1.55, R: -7.87, Q: -1.74, K: 0.61, M: 25.00
Game finished: 1-0
Win rate: 11.95%, Loss rate: 81.66%, Draw rate: 6.39%
P: -7.86, N: -1.55, B: 1.25, R: -8.18, Q: -1.76, K: 0.61, M: 25.00
Game finished: 0-1
Win rate: 11.95%, Loss rate: 81.67%, Draw rate: 6.38%
P: -8.54, N: -1.57, B: 1.28, R: -8.24, Q: -1.70, K: 0.61, M: 25.00
Game finished: 0-1
Win rate: 11.94%, Loss rate: 81.68%, Draw rate: 6.38%
P: -5.64, N: -1.54, B: 1.91, R: -7.60, Q: -1.95, K: 0.61, M: 25.00
Game finished: 0-1
Win rate: 11.94%, Loss rate: 81.69%, Draw rate: 6.38%
P: -7.07, N: -1.53, B: 1.38, R: -8.29, Q: -2.31, K: 0.61, M: 25.00
Game finished: 1-0
Win rate: 11.98%, Loss rate: 81.65%, Draw rate: 6.38%
P: -8.17, N: -1.88, B: 1.10, R: -8.87, Q: -2.72, K: 0.61, M: 25.00
Game finished: 1/2-1/2
Win rate: 11.97%, Loss rate: 81.61%, Draw rate: 6.42%
P: -8.61, N: -2.16, B: 0.84, R: -9.01, Q: -2.59, K: 0.61, M: 25.00
Game finished: 0-1
Win rate: 11.97%, Loss rate: 81.62%, Draw rate: 6.41%
P: -8.34, N: -2.50, B: 0.80, R: -9.11, Q: -2.62, K: 0.61, M: 25.00
Game finished: 0-1
Win rate: 11.96%, Loss rate: 81.63%, Draw rate: 6.41%
P: -8.02, N: -2.48, B: 0.77, R: -8.53, Q: -2.53, K: 0.61, M: 25.00
Game finished: 0-1
Win rate: 11.95%, Loss rate: 81.64%, Draw rate: 6.41%
Epsilon: 0.0944
Results saved to mf2_results/results.csv
Epsilon history saved to mf2_epsilon/epsilon.csv
Elapsed time: 0:14:15
P: -8.29, N: -2.47, B: 0.74, R: -8.45, Q: -2.42, K: 0.61, M: 25.00
Game finished: 0-1
Win rate: 11.95%, Loss rate: 81.64%, Draw rate: 6.41%
P: -8.62, N: -2.26, B: 0.26, R: -8.18, Q: -2.67, K: 0.61, M: 25.00
Game finished: 0-1
Win rate: 11.94%, Loss rate: 81.65%, Draw rate: 6.40%
P: -8.59, N: -2.50, B: 0.73, R: -8.13, Q: -2.63, K: 0.61, M: 25.00
Game finished: 0-1
Win rate: 11.94%, Loss rate: 81.66%, Draw rate: 6.40%
P: -7.72, N: -2.65, B: 0.63, R: -8.04, Q: -2.45, K: 0.61, M: 25.00
Game finished: 0-1
Win rate: 11.93%, Loss rate: 81.67%, Draw rate: 6.40%
P: -8.16, N: -2.78, B: 0.20, R: -8.67, Q: -2.64, K: 0.61, M: 25.00
Game finished: 0-1
Win rate: 11.93%, Loss rate: 81.68%, Draw rate: 6.39%
P: -7.60, N: -2.86, B: 0.22, R: -8.33, Q: -2.57, K: 0.61, M: 25.00
Game finished: 0-1
Win rate: 11.92%, Loss rate: 81.69%, Draw rate: 6.39%
P: -8.83, N: -2.69, B: 0.06, R: -9.04, Q: -2.74, K: 0.61, M: 25.00
Game finished: 0-1
Win rate: 11.92%, Loss rate: 81.69%, Draw rate: 6.39%
P: -9.17, N: -2.91, B: -0.14, R: -9.50, Q: -3.04, K: 0.61, M: 25.00
Game finished: 0-1
Win rate: 11.91%, Loss rate: 81.70%, Draw rate: 6.39%
P: -9.20, N: -2.96, B: -0.41, R: -9.72, Q: -2.95, K: 0.61, M: 25.00
Game finished: 0-1
Win rate: 11.91%, Loss rate: 81.71%, Draw rate: 6.38%
P: -8.76, N: -2.50, B: 0.17, R: -9.11, Q: -3.11, K: 0.61, M: 25.00
Game finished: 0-1
Win rate: 11.90%, Loss rate: 81.72%, Draw rate: 6.38%
P: -8.93, N: -2.84, B: 0.18, R: -9.09, Q: -3.21, K: 0.61, M: 25.00
Game finished: 0-1
Win rate: 11.90%, Loss rate: 81.73%, Draw rate: 6.38%
P: -8.34, N: -3.20, B: 0.29, R: -8.96, Q: -2.84, K: 0.61, M: 25.00
Game finished: 1/2-1/2
Win rate: 11.89%, Loss rate: 81.69%, Draw rate: 6.42%
P: -8.67, N: -3.47, B: 0.04, R: -9.09, Q: -2.98, K: 0.61, M: 25.00
Game finished: 0-1
Win rate: 11.88%, Loss rate: 81.70%, Draw rate: 6.42%
P: -8.29, N: -3.52, B: 0.12, R: -8.72, Q: -3.15, K: 0.61, M: 25.00
Game finished: 0-1
Win rate: 11.88%, Loss rate: 81.71%, Draw rate: 6.41%
P: -8.48, N: -3.77, B: -0.06, R: -8.98, Q: -3.16, K: 0.61, M: 25.00
Game finished: 0-1
Win rate: 11.87%, Loss rate: 81.72%, Draw rate: 6.41%
P: -8.36, N: -3.78, B: -0.25, R: -8.94, Q: -2.88, K: 0.61, M: 25.00
Game finished: 0-1
Win rate: 11.87%, Loss rate: 81.72%, Draw rate: 6.41%
P: -6.58, N: -3.19, B: 0.36, R: -8.04, Q: -2.76, K: 0.61, M: 25.00
Game finished: 0-1
Win rate: 11.86%, Loss rate: 81.73%, Draw rate: 6.41%
P: -6.50, N: -3.21, B: 0.35, R: -8.20, Q: -2.76, K: 0.61, M: 25.00
Game finished: 0-1
Win rate: 11.86%, Loss rate: 81.74%, Draw rate: 6.40%
P: -6.50, N: -3.19, B: 0.43, R: -8.53, Q: -2.78, K: 0.61, M: 25.00
Game finished: 0-1
Win rate: 11.85%, Loss rate: 81.75%, Draw rate: 6.40%
P: -7.59, N: -3.37, B: 0.42, R: -8.87, Q: -2.95, K: 0.61, M: 25.00
Game finished: 1/2-1/2
Win rate: 11.85%, Loss rate: 81.71%, Draw rate: 6.44%
P: -7.28, N: -3.64, B: 0.66, R: -8.78, Q: -2.61, K: 0.61, M: 25.00
Game finished: 0-1
Win rate: 11.84%, Loss rate: 81.72%, Draw rate: 6.44%
P: -7.33, N: -3.73, B: 0.48, R: -9.17, Q: -2.83, K: 0.61, M: 25.00
Game finished: 0-1
Win rate: 11.84%, Loss rate: 81.73%, Draw rate: 6.44%
P: -7.57, N: -3.71, B: 0.65, R: -9.13, Q: -2.55, K: 0.61, M: 25.00
Game finished: 0-1
Win rate: 11.83%, Loss rate: 81.74%, Draw rate: 6.43%
P: -9.24, N: -3.81, B: 0.40, R: -9.30, Q: -2.22, K: 0.61, M: 25.00
Game finished: 0-1
Win rate: 11.83%, Loss rate: 81.74%, Draw rate: 6.43%
P: -10.08, N: -3.96, B: 0.18, R: -9.84, Q: -2.56, K: 0.61, M: 25.00
Game finished: 0-1
Win rate: 11.82%, Loss rate: 81.75%, Draw rate: 6.43%
P: -7.28, N: -3.98, B: 0.29, R: -9.14, Q: -2.48, K: 0.61, M: 25.00
Game finished: 0-1
Win rate: 11.81%, Loss rate: 81.76%, Draw rate: 6.42%
P: -7.56, N: -4.20, B: 0.25, R: -9.30, Q: -2.40, K: 0.61, M: 25.00
Game finished: 0-1
Win rate: 11.81%, Loss rate: 81.77%, Draw rate: 6.42%
P: -7.14, N: -4.02, B: 0.29, R: -9.01, Q: -2.22, K: 0.61, M: 25.00
Game finished: 0-1
Win rate: 11.80%, Loss rate: 81.78%, Draw rate: 6.42%
P: -6.12, N: -3.78, B: 0.66, R: -8.73, Q: -2.52, K: 0.61, M: 25.00
Game finished: 0-1
Win rate: 11.80%, Loss rate: 81.79%, Draw rate: 6.42%
P: -7.67, N: -4.05, B: 0.44, R: -9.47, Q: -2.52, K: 0.61, M: 25.00
Game finished: 0-1
Win rate: 11.79%, Loss rate: 81.79%, Draw rate: 6.41%
P: -7.41, N: -4.02, B: 0.19, R: -9.79, Q: -2.56, K: 0.61, M: 25.00
Game finished: 0-1
Win rate: 11.79%, Loss rate: 81.80%, Draw rate: 6.41%
P: -7.37, N: -4.20, B: 0.03, R: -9.94, Q: -2.46, K: 0.61, M: 25.00
Game finished: 0-1
Win rate: 11.78%, Loss rate: 81.81%, Draw rate: 6.41%
P: -5.17, N: -4.53, B: 0.86, R: -8.99, Q: -2.08, K: 0.61, M: 25.00
Game finished: 0-1
Win rate: 11.78%, Loss rate: 81.82%, Draw rate: 6.40%
P: -7.00, N: -4.67, B: 0.49, R: -9.72, Q: -2.21, K: 0.61, M: 25.00
Game finished: 0-1
Win rate: 11.77%, Loss rate: 81.83%, Draw rate: 6.40%
P: -7.00, N: -4.57, B: 0.13, R: -10.08, Q: -2.20, K: 0.61, M: 25.00
Game finished: 0-1
Win rate: 11.77%, Loss rate: 81.83%, Draw rate: 6.40%
P: -8.52, N: -4.51, B: 0.12, R: -10.43, Q: -2.25, K: 0.61, M: 25.00
Game finished: 0-1
Win rate: 11.76%, Loss rate: 81.84%, Draw rate: 6.40%
P: -7.42, N: -3.55, B: -0.05, R: -9.73, Q: -1.78, K: 0.61, M: 25.00
Game finished: 0-1
Win rate: 11.76%, Loss rate: 81.85%, Draw rate: 6.39%
P: -7.49, N: -3.38, B: 0.56, R: -9.38, Q: -1.47, K: 0.61, M: 25.00
Game finished: 0-1
Win rate: 11.75%, Loss rate: 81.86%, Draw rate: 6.39%
P: -7.96, N: -3.20, B: 1.29, R: -9.17, Q: -1.36, K: 0.61, M: 25.00
Game finished: 0-1
Win rate: 11.75%, Loss rate: 81.87%, Draw rate: 6.39%
P: -8.45, N: -3.33, B: 1.10, R: -9.70, Q: -1.33, K: 0.61, M: 25.00
Game finished: 0-1
Win rate: 11.74%, Loss rate: 81.88%, Draw rate: 6.38%
P: -7.93, N: -3.07, B: 1.29, R: -9.40, Q: -1.36, K: 0.61, M: 25.00
Game finished: 0-1
Win rate: 11.74%, Loss rate: 81.88%, Draw rate: 6.38%
P: -7.25, N: -3.02, B: 1.16, R: -9.26, Q: -1.32, K: 0.61, M: 25.00
Game finished: 0-1
Win rate: 11.73%, Loss rate: 81.89%, Draw rate: 6.38%
P: -7.40, N: -3.13, B: 0.88, R: -9.16, Q: -1.06, K: 0.61, M: 25.00
Game finished: 1/2-1/2
Win rate: 11.73%, Loss rate: 81.85%, Draw rate: 6.42%
P: -8.20, N: -3.07, B: 0.59, R: -9.69, Q: -1.08, K: 0.61, M: 25.00
Game finished: 0-1
Win rate: 11.72%, Loss rate: 81.86%, Draw rate: 6.42%
P: -7.26, N: -2.87, B: 0.58, R: -9.12, Q: -0.83, K: 0.61, M: 25.00
Game finished: 0-1
Win rate: 11.71%, Loss rate: 81.87%, Draw rate: 6.41%
P: -6.79, N: -2.85, B: 0.46, R: -8.66, Q: -0.54, K: 0.61, M: 25.00
Game finished: 1-0
Win rate: 11.75%, Loss rate: 81.83%, Draw rate: 6.41%
P: -6.70, N: -2.83, B: 0.84, R: -8.61, Q: -0.70, K: 0.61, M: 25.00
Game finished: 0-1
Win rate: 11.75%, Loss rate: 81.84%, Draw rate: 6.41%
P: -7.44, N: -2.93, B: 0.44, R: -9.14, Q: -0.81, K: 0.61, M: 25.00
Game finished: 1/2-1/2
Win rate: 11.74%, Loss rate: 81.81%, Draw rate: 6.45%
P: -6.92, N: -2.69, B: 0.74, R: -8.76, Q: -0.76, K: 0.61, M: 25.00
Game finished: 0-1
Win rate: 11.74%, Loss rate: 81.81%, Draw rate: 6.45%
P: -9.14, N: -2.91, B: 0.42, R: -10.51, Q: -1.24, K: 0.61, M: 25.00
Game finished: 1/2-1/2
Win rate: 11.73%, Loss rate: 81.78%, Draw rate: 6.49%
P: -7.61, N: -3.05, B: 1.45, R: -9.78, Q: -0.80, K: 0.61, M: 25.00
Game finished: 0-1
Win rate: 11.73%, Loss rate: 81.79%, Draw rate: 6.49%
P: -9.45, N: -3.17, B: 0.66, R: -10.86, Q: -0.91, K: 0.61, M: 25.00
Game finished: 0-1
Win rate: 11.72%, Loss rate: 81.79%, Draw rate: 6.48%
P: -9.80, N: -3.31, B: 0.89, R: -11.26, Q: -0.47, K: 0.61, M: 25.00
Game finished: 0-1
Win rate: 11.72%, Loss rate: 81.80%, Draw rate: 6.48%
P: -9.59, N: -3.29, B: 0.58, R: -11.64, Q: -0.11, K: 0.61, M: 25.00
Game finished: 0-1
Win rate: 11.71%, Loss rate: 81.81%, Draw rate: 6.48%
P: -5.89, N: -3.61, B: 0.81, R: -10.50, Q: 0.21, K: 0.61, M: 25.00
Game finished: 0-1
Win rate: 11.71%, Loss rate: 81.82%, Draw rate: 6.47%
P: -5.32, N: -3.44, B: 0.71, R: -10.55, Q: 0.27, K: 0.61, M: 25.00
Game finished: 0-1
Win rate: 11.70%, Loss rate: 81.83%, Draw rate: 6.47%
P: -6.76, N: -3.76, B: 0.80, R: -10.97, Q: -0.07, K: 0.61, M: 25.00
Game finished: 0-1
Win rate: 11.70%, Loss rate: 81.83%, Draw rate: 6.47%
P: -6.72, N: -3.39, B: 1.12, R: -11.11, Q: -0.43, K: 0.61, M: 25.00
Game finished: 0-1
Win rate: 11.69%, Loss rate: 81.84%, Draw rate: 6.47%
P: -6.54, N: -3.35, B: 1.31, R: -11.05, Q: -0.52, K: 0.61, M: 25.00
Game finished: 0-1
Win rate: 11.69%, Loss rate: 81.85%, Draw rate: 6.46%
P: -7.10, N: -2.95, B: 1.60, R: -11.15, Q: -1.00, K: 0.61, M: 25.00
Game finished: 0-1
Win rate: 11.68%, Loss rate: 81.86%, Draw rate: 6.46%
P: -7.19, N: -2.68, B: 1.61, R: -11.25, Q: -0.89, K: 0.61, M: 25.00
Game finished: 0-1
Win rate: 11.68%, Loss rate: 81.87%, Draw rate: 6.46%
P: -7.21, N: -2.77, B: 1.82, R: -11.05, Q: -0.77, K: 0.61, M: 25.00
Game finished: 0-1
Win rate: 11.67%, Loss rate: 81.87%, Draw rate: 6.45%
P: -8.50, N: -2.68, B: 1.59, R: -11.54, Q: -1.11, K: 0.61, M: 25.00
Game finished: 0-1
Win rate: 11.67%, Loss rate: 81.88%, Draw rate: 6.45%
P: -8.59, N: -2.31, B: 1.49, R: -11.35, Q: -1.09, K: 0.61, M: 25.00
Game finished: 0-1
Win rate: 11.66%, Loss rate: 81.89%, Draw rate: 6.45%
P: -8.79, N: -2.27, B: 1.57, R: -11.48, Q: -1.23, K: 0.61, M: 25.00
Game finished: 0-1
Win rate: 11.66%, Loss rate: 81.90%, Draw rate: 6.45%
P: -8.58, N: -2.30, B: 1.88, R: -11.56, Q: 0.27, K: 0.61, M: 24.99
Game finished: 0-1
Win rate: 11.65%, Loss rate: 81.91%, Draw rate: 6.44%
P: -6.75, N: -2.00, B: 2.23, R: -10.59, Q: 0.46, K: 0.61, M: 25.00
Game finished: 1-0
Win rate: 11.69%, Loss rate: 81.87%, Draw rate: 6.44%
P: -8.73, N: -2.44, B: 1.60, R: -12.10, Q: 0.13, K: 0.61, M: 25.00
Game finished: 0-1
Win rate: 11.68%, Loss rate: 81.88%, Draw rate: 6.44%
P: -7.73, N: -2.33, B: 1.86, R: -11.96, Q: -0.08, K: 0.61, M: 25.00
Game finished: 1/2-1/2
Win rate: 11.68%, Loss rate: 81.84%, Draw rate: 6.48%
P: -7.16, N: -2.04, B: 2.16, R: -11.64, Q: 0.12, K: 0.61, M: 25.00
Game finished: 0-1
Win rate: 11.67%, Loss rate: 81.85%, Draw rate: 6.48%
P: -7.09, N: -2.30, B: 2.03, R: -11.27, Q: 0.19, K: 0.61, M: 25.00
Game finished: 0-1
Win rate: 11.67%, Loss rate: 81.86%, Draw rate: 6.47%
P: -6.87, N: -2.33, B: 2.19, R: -10.92, Q: 0.01, K: 0.61, M: 25.00
Game finished: 0-1
Win rate: 11.66%, Loss rate: 81.87%, Draw rate: 6.47%
P: -7.88, N: -2.46, B: 1.91, R: -11.38, Q: -0.10, K: 0.61, M: 25.00
Game finished: 1/2-1/2
Win rate: 11.66%, Loss rate: 81.83%, Draw rate: 6.51%
P: -6.92, N: -2.18, B: 2.12, R: -10.78, Q: 0.06, K: 0.61, M: 25.00
Game finished: 0-1
Win rate: 11.65%, Loss rate: 81.84%, Draw rate: 6.51%
P: -7.01, N: -1.86, B: 2.08, R: -10.42, Q: 0.05, K: 0.61, M: 25.00
Game finished: 0-1
Win rate: 11.65%, Loss rate: 81.85%, Draw rate: 6.51%
P: -6.30, N: -1.66, B: 2.14, R: -10.27, Q: 0.09, K: 0.61, M: 25.00
Game finished: 0-1
Win rate: 11.64%, Loss rate: 81.85%, Draw rate: 6.50%
P: -6.25, N: -1.52, B: 2.11, R: -9.90, Q: 0.15, K: 0.61, M: 25.00
Game finished: 0-1
Win rate: 11.64%, Loss rate: 81.86%, Draw rate: 6.50%
P: -6.54, N: -1.38, B: 2.16, R: -9.72, Q: -0.40, K: 0.61, M: 24.99
Game finished: 0-1
Win rate: 11.63%, Loss rate: 81.87%, Draw rate: 6.50%
P: -5.33, N: -1.05, B: 2.04, R: -9.35, Q: -0.60, K: 0.61, M: 24.99
Game finished: 0-1
Win rate: 11.63%, Loss rate: 81.88%, Draw rate: 6.49%
P: -5.44, N: -1.06, B: 1.89, R: -9.40, Q: -0.62, K: 0.61, M: 25.00
Game finished: 0-1
Win rate: 11.62%, Loss rate: 81.89%, Draw rate: 6.49%
P: -3.67, N: -1.27, B: 2.67, R: -8.73, Q: -0.28, K: 0.61, M: 25.00
Game finished: 0-1
Win rate: 11.62%, Loss rate: 81.89%, Draw rate: 6.49%
P: -4.30, N: -1.49, B: 2.38, R: -9.44, Q: -0.57, K: 0.61, M: 25.00
Game finished: 0-1
Win rate: 11.61%, Loss rate: 81.90%, Draw rate: 6.49%
P: -6.69, N: -1.98, B: 1.91, R: -10.75, Q: -1.17, K: 0.61, M: 25.00
Game finished: 0-1
Win rate: 11.61%, Loss rate: 81.91%, Draw rate: 6.48%
P: -6.31, N: -1.81, B: 2.52, R: -9.98, Q: -0.81, K: 0.61, M: 25.00
Game finished: 0-1
Win rate: 11.60%, Loss rate: 81.92%, Draw rate: 6.48%
P: -8.67, N: -2.24, B: 1.87, R: -10.72, Q: -1.09, K: 0.61, M: 25.00
Game finished: 0-1
Win rate: 11.60%, Loss rate: 81.93%, Draw rate: 6.48%
P: -9.33, N: -2.37, B: 0.97, R: -11.24, Q: -2.07, K: 0.61, M: 25.00
Game finished: 0-1
Win rate: 11.59%, Loss rate: 81.93%, Draw rate: 6.47%
P: -9.25, N: -2.27, B: 1.18, R: -11.34, Q: -2.33, K: 0.61, M: 25.00
Game finished: 0-1
Win rate: 11.59%, Loss rate: 81.94%, Draw rate: 6.47%
P: -8.25, N: -2.82, B: 1.99, R: -10.57, Q: -2.10, K: 0.61, M: 25.00
Game finished: 0-1
Win rate: 11.58%, Loss rate: 81.95%, Draw rate: 6.47%
P: -8.71, N: -3.22, B: 1.51, R: -11.10, Q: -2.36, K: 0.61, M: 25.00
Game finished: 0-1
Win rate: 11.58%, Loss rate: 81.96%, Draw rate: 6.47%
P: -8.43, N: -2.87, B: 1.52, R: -10.90, Q: -2.22, K: 0.61, M: 25.00
Game finished: 0-1
Win rate: 11.57%, Loss rate: 81.97%, Draw rate: 6.46%
P: -8.18, N: -2.49, B: 1.69, R: -10.65, Q: -1.98, K: 0.61, M: 25.00
Game finished: 0-1
Win rate: 11.57%, Loss rate: 81.97%, Draw rate: 6.46%
P: -7.33, N: -2.12, B: 1.71, R: -10.40, Q: -1.86, K: 0.61, M: 25.00
Game finished: 0-1
Win rate: 11.56%, Loss rate: 81.98%, Draw rate: 6.46%
P: -7.11, N: -2.34, B: 1.67, R: -10.10, Q: -1.73, K: 0.61, M: 25.00
Game finished: 0-1
Win rate: 11.56%, Loss rate: 81.99%, Draw rate: 6.45%
P: -8.39, N: -2.87, B: 1.83, R: -10.96, Q: -2.56, K: 0.61, M: 25.00
Game finished: 0-1
Win rate: 11.55%, Loss rate: 82.00%, Draw rate: 6.45%
P: -7.94, N: -2.40, B: 1.51, R: -10.59, Q: -2.29, K: 0.61, M: 25.00
Game finished: 0-1
Win rate: 11.55%, Loss rate: 82.00%, Draw rate: 6.45%
P: -7.90, N: -2.66, B: 1.35, R: -10.82, Q: -2.68, K: 0.61, M: 25.00
Game finished: 0-1
Win rate: 11.54%, Loss rate: 82.01%, Draw rate: 6.45%
P: -7.33, N: -2.79, B: 1.73, R: -10.38, Q: -2.61, K: 0.61, M: 25.00
Game finished: 0-1
Win rate: 11.54%, Loss rate: 82.02%, Draw rate: 6.44%
P: -8.88, N: -2.93, B: 1.39, R: -10.65, Q: -2.34, K: 0.61, M: 25.00
Game finished: 0-1
Win rate: 11.53%, Loss rate: 82.03%, Draw rate: 6.44%
P: -9.09, N: -3.01, B: 1.11, R: -10.61, Q: -2.07, K: 0.61, M: 25.00
Game finished: 0-1
Win rate: 11.53%, Loss rate: 82.04%, Draw rate: 6.44%
P: -6.68, N: -2.91, B: 1.29, R: -9.56, Q: -1.16, K: 0.61, M: 25.00
Game finished: 0-1
Win rate: 11.52%, Loss rate: 82.04%, Draw rate: 6.43%
Epsilon: 0.0944
Results saved to mf2_results/results.csv
Epsilon history saved to mf2_epsilon/epsilon.csv
Elapsed time: 0:15:10
P: -7.18, N: -3.04, B: 1.79, R: -9.77, Q: -1.24, K: 0.61, M: 25.00
Game finished: 0-1
Win rate: 11.52%, Loss rate: 82.05%, Draw rate: 6.43%
P: -7.79, N: -3.35, B: 1.73, R: -10.24, Q: -1.06, K: 0.61, M: 25.00
Game finished: 0-1
Win rate: 11.51%, Loss rate: 82.06%, Draw rate: 6.43%
P: -7.82, N: -3.06, B: 1.70, R: -10.66, Q: -1.11, K: 0.61, M: 25.00
Game finished: 1-0
Win rate: 11.55%, Loss rate: 82.02%, Draw rate: 6.43%
P: -8.11, N: -3.34, B: 1.40, R: -11.06, Q: -1.15, K: 0.61, M: 25.00
Game finished: 0-1
Win rate: 11.55%, Loss rate: 82.03%, Draw rate: 6.42%
P: -7.58, N: -3.26, B: 1.54, R: -10.78, Q: -1.27, K: 0.61, M: 25.00
Game finished: 0-1
Win rate: 11.54%, Loss rate: 82.04%, Draw rate: 6.42%
P: -7.55, N: -3.05, B: 1.44, R: -11.00, Q: -1.15, K: 0.61, M: 25.00
Game finished: 0-1
Win rate: 11.54%, Loss rate: 82.05%, Draw rate: 6.42%
P: -6.28, N: -3.05, B: 1.57, R: -10.88, Q: -1.29, K: 0.61, M: 25.00
Game finished: 0-1
Win rate: 11.53%, Loss rate: 82.05%, Draw rate: 6.42%
P: -6.30, N: -2.84, B: 1.72, R: -10.77, Q: -1.30, K: 0.61, M: 25.00
Game finished: 0-1
Win rate: 11.53%, Loss rate: 82.06%, Draw rate: 6.41%
P: -6.20, N: -2.97, B: 1.42, R: -10.66, Q: -1.18, K: 0.61, M: 25.00
Game finished: 0-1
Win rate: 11.52%, Loss rate: 82.07%, Draw rate: 6.41%
P: -6.11, N: -3.06, B: 1.19, R: -10.81, Q: -1.39, K: 0.61, M: 25.00
Game finished: 0-1
Win rate: 11.52%, Loss rate: 82.08%, Draw rate: 6.41%
P: -5.76, N: -3.25, B: 1.05, R: -10.65, Q: -1.25, K: 0.61, M: 25.00
Game finished: 0-1
Win rate: 11.51%, Loss rate: 82.09%, Draw rate: 6.40%
P: -5.81, N: -3.39, B: 1.52, R: -9.87, Q: -1.20, K: 0.61, M: 25.00
Game finished: 0-1
Win rate: 11.51%, Loss rate: 82.09%, Draw rate: 6.40%
P: -6.28, N: -3.39, B: 1.67, R: -10.09, Q: -1.26, K: 0.61, M: 25.00
Game finished: 0-1
Win rate: 11.50%, Loss rate: 82.10%, Draw rate: 6.40%
P: -6.58, N: -3.55, B: 1.49, R: -10.50, Q: -1.23, K: 0.61, M: 25.00
Game finished: 1-0
Win rate: 11.54%, Loss rate: 82.07%, Draw rate: 6.40%
P: -7.57, N: -3.76, B: 1.22, R: -11.08, Q: -2.19, K: 0.61, M: 25.00
Game finished: 0-1
Win rate: 11.53%, Loss rate: 82.07%, Draw rate: 6.39%
P: -5.38, N: -3.19, B: 1.25, R: -10.02, Q: -1.75, K: 0.61, M: 25.00
Game finished: 0-1
Win rate: 11.53%, Loss rate: 82.08%, Draw rate: 6.39%
P: -4.44, N: -2.82, B: 1.81, R: -9.34, Q: -1.35, K: 0.61, M: 25.00
Game finished: 0-1
Win rate: 11.52%, Loss rate: 82.09%, Draw rate: 6.39%
P: -4.28, N: -2.68, B: 1.98, R: -9.27, Q: -1.60, K: 0.61, M: 25.00
Game finished: 0-1
Win rate: 11.52%, Loss rate: 82.10%, Draw rate: 6.38%
P: -6.70, N: -3.04, B: 1.76, R: -10.25, Q: -1.82, K: 0.61, M: 25.00
Game finished: 0-1
Win rate: 11.51%, Loss rate: 82.10%, Draw rate: 6.38%
P: -6.88, N: -2.72, B: 1.99, R: -10.64, Q: -2.00, K: 0.61, M: 25.00
Game finished: 0-1
Win rate: 11.51%, Loss rate: 82.11%, Draw rate: 6.38%
P: -5.94, N: -2.85, B: 2.32, R: -10.14, Q: -1.90, K: 0.61, M: 25.00
Game finished: 0-1
Win rate: 11.50%, Loss rate: 82.12%, Draw rate: 6.38%
P: -6.82, N: -3.02, B: 2.44, R: -10.31, Q: -1.71, K: 0.61, M: 25.00
Game finished: 0-1
Win rate: 11.50%, Loss rate: 82.13%, Draw rate: 6.37%
P: -6.77, N: -3.83, B: 2.08, R: -11.09, Q: -1.41, K: 0.61, M: 25.00
Game finished: 0-1
Win rate: 11.49%, Loss rate: 82.14%, Draw rate: 6.37%
P: -7.20, N: -3.97, B: 2.42, R: -11.29, Q: -1.60, K: 0.61, M: 25.00
Game finished: 0-1
Win rate: 11.49%, Loss rate: 82.14%, Draw rate: 6.37%
P: -9.70, N: -3.95, B: 2.59, R: -11.55, Q: -2.65, K: 0.61, M: 25.00
Game finished: 0-1
Win rate: 11.48%, Loss rate: 82.15%, Draw rate: 6.37%
P: -9.19, N: -4.19, B: 2.37, R: -10.98, Q: -2.39, K: 0.61, M: 25.00
Game finished: 0-1
Win rate: 11.48%, Loss rate: 82.16%, Draw rate: 6.36%
P: -9.11, N: -4.11, B: 1.96, R: -11.16, Q: -2.44, K: 0.61, M: 25.00
Game finished: 0-1
Win rate: 11.47%, Loss rate: 82.17%, Draw rate: 6.36%
P: -6.16, N: -4.11, B: 2.34, R: -9.74, Q: -2.03, K: 0.61, M: 25.00
Game finished: 0-1
Win rate: 11.47%, Loss rate: 82.17%, Draw rate: 6.36%
P: -6.38, N: -4.33, B: 2.00, R: -9.87, Q: -1.95, K: 0.61, M: 25.00
Game finished: 0-1
Win rate: 11.46%, Loss rate: 82.18%, Draw rate: 6.35%
P: -8.13, N: -4.29, B: 1.78, R: -11.19, Q: -2.72, K: 0.61, M: 25.00
Game finished: 1/2-1/2
Win rate: 11.46%, Loss rate: 82.15%, Draw rate: 6.39%
P: -5.86, N: -4.32, B: 1.98, R: -10.63, Q: -2.79, K: 0.61, M: 25.00
Game finished: 0-1
Win rate: 11.45%, Loss rate: 82.15%, Draw rate: 6.39%
P: -5.36, N: -4.04, B: 2.11, R: -10.61, Q: -2.92, K: 0.61, M: 25.00
Game finished: 0-1
Win rate: 11.45%, Loss rate: 82.16%, Draw rate: 6.39%
P: -5.75, N: -4.32, B: 2.06, R: -11.10, Q: -3.15, K: 0.61, M: 25.00
Game finished: 0-1
Win rate: 11.44%, Loss rate: 82.17%, Draw rate: 6.39%
P: -6.56, N: -4.40, B: 2.11, R: -11.66, Q: -3.04, K: 0.61, M: 25.00
Game finished: 0-1
Win rate: 11.44%, Loss rate: 82.18%, Draw rate: 6.38%
P: -5.51, N: -4.69, B: 1.86, R: -11.30, Q: -2.89, K: 0.61, M: 25.00
Game finished: 1-0
Win rate: 11.48%, Loss rate: 82.14%, Draw rate: 6.38%
P: -5.63, N: -5.52, B: 2.97, R: -10.64, Q: -2.27, K: 0.61, M: 25.00
Game finished: 1-0
Win rate: 11.52%, Loss rate: 82.11%, Draw rate: 6.38%
P: -5.43, N: -5.60, B: 2.85, R: -10.56, Q: -2.45, K: 0.61, M: 25.00
Game finished: 0-1
Win rate: 11.51%, Loss rate: 82.11%, Draw rate: 6.38%
P: -5.35, N: -5.63, B: 2.98, R: -10.54, Q: -2.30, K: 0.61, M: 25.00
Game finished: 0-1
Win rate: 11.51%, Loss rate: 82.12%, Draw rate: 6.37%
P: -6.59, N: -5.63, B: 2.29, R: -10.72, Q: -2.51, K: 0.61, M: 25.00
Game finished: 0-1
Win rate: 11.50%, Loss rate: 82.13%, Draw rate: 6.37%
P: -6.52, N: -5.50, B: 2.44, R: -10.68, Q: -2.34, K: 0.61, M: 25.00
Game finished: 0-1
Win rate: 11.50%, Loss rate: 82.14%, Draw rate: 6.37%
P: -5.89, N: -5.80, B: 2.56, R: -10.34, Q: -2.26, K: 0.61, M: 25.00
Game finished: 0-1
Win rate: 11.49%, Loss rate: 82.14%, Draw rate: 6.36%
P: -4.29, N: -5.81, B: 2.46, R: -9.22, Q: -1.95, K: 0.61, M: 25.00
Game finished: 0-1
Win rate: 11.49%, Loss rate: 82.15%, Draw rate: 6.36%
P: -6.94, N: -5.70, B: 2.27, R: -9.79, Q: -2.41, K: 0.61, M: 25.00
Game finished: 0-1
Win rate: 11.48%, Loss rate: 82.16%, Draw rate: 6.36%
P: -6.73, N: -5.86, B: 2.41, R: -9.80, Q: -2.41, K: 0.61, M: 25.00
Game finished: 0-1
Win rate: 11.48%, Loss rate: 82.17%, Draw rate: 6.36%
P: -7.15, N: -5.78, B: 2.15, R: -10.12, Q: -2.30, K: 0.61, M: 25.00
Game finished: 0-1
Win rate: 11.47%, Loss rate: 82.17%, Draw rate: 6.35%
P: -7.04, N: -6.23, B: 2.39, R: -9.98, Q: -2.48, K: 0.61, M: 25.00
Game finished: 0-1
Win rate: 11.47%, Loss rate: 82.18%, Draw rate: 6.35%
P: -7.49, N: -6.20, B: 2.46, R: -10.09, Q: -2.56, K: 0.61, M: 25.00
Game finished: 0-1
Win rate: 11.46%, Loss rate: 82.19%, Draw rate: 6.35%
P: -6.35, N: -6.16, B: 2.09, R: -10.08, Q: -2.54, K: 0.61, M: 25.00
Game finished: 0-1
Win rate: 11.46%, Loss rate: 82.20%, Draw rate: 6.35%
P: -6.48, N: -5.98, B: 2.12, R: -9.84, Q: -2.75, K: 0.61, M: 25.00
Game finished: 0-1
Win rate: 11.45%, Loss rate: 82.21%, Draw rate: 6.34%
P: -7.48, N: -6.42, B: 2.11, R: -10.43, Q: -2.96, K: 0.61, M: 25.00
Game finished: 0-1
Win rate: 11.45%, Loss rate: 82.21%, Draw rate: 6.34%
P: -7.04, N: -6.27, B: 1.96, R: -10.37, Q: -2.97, K: 0.61, M: 25.00
Game finished: 0-1
Win rate: 11.44%, Loss rate: 82.22%, Draw rate: 6.34%
P: -4.92, N: -4.85, B: 1.67, R: -8.70, Q: -2.61, K: 0.61, M: 25.00
Game finished: 1/2-1/2
Win rate: 11.44%, Loss rate: 82.19%, Draw rate: 6.38%
P: -5.83, N: -4.85, B: 1.80, R: -8.87, Q: -2.61, K: 0.61, M: 25.00
Game finished: 0-1
Win rate: 11.43%, Loss rate: 82.19%, Draw rate: 6.37%
P: -6.15, N: -4.95, B: 1.70, R: -10.05, Q: -3.65, K: 0.61, M: 25.00
Game finished: 0-1
Win rate: 11.43%, Loss rate: 82.20%, Draw rate: 6.37%
P: -7.31, N: -4.81, B: 1.78, R: -10.43, Q: -3.70, K: 0.61, M: 25.00
Game finished: 0-1
Win rate: 11.42%, Loss rate: 82.21%, Draw rate: 6.37%
P: -7.86, N: -4.87, B: 1.48, R: -10.63, Q: -3.71, K: 0.61, M: 25.00
Game finished: 0-1
Win rate: 11.42%, Loss rate: 82.22%, Draw rate: 6.37%
P: -8.88, N: -4.96, B: 1.29, R: -11.22, Q: -3.93, K: 0.61, M: 25.00
Game finished: 0-1
Win rate: 11.41%, Loss rate: 82.22%, Draw rate: 6.36%
P: -8.09, N: -4.88, B: 1.38, R: -11.40, Q: -3.71, K: 0.61, M: 25.00
Game finished: 0-1
Win rate: 11.41%, Loss rate: 82.23%, Draw rate: 6.36%
P: -8.66, N: -5.12, B: 1.43, R: -11.63, Q: -3.41, K: 0.61, M: 25.00
Game finished: 0-1
Win rate: 11.40%, Loss rate: 82.24%, Draw rate: 6.36%
P: -8.54, N: -5.09, B: 1.24, R: -11.73, Q: -3.39, K: 0.61, M: 25.00
Game finished: 0-1
Win rate: 11.40%, Loss rate: 82.25%, Draw rate: 6.36%
P: -9.53, N: -5.22, B: 0.70, R: -12.19, Q: -3.38, K: 0.61, M: 25.00
Game finished: 1/2-1/2
Win rate: 11.39%, Loss rate: 82.21%, Draw rate: 6.40%
P: -7.91, N: -4.95, B: -0.03, R: -12.17, Q: -2.90, K: 0.61, M: 25.00
Game finished: 0-1
Win rate: 11.39%, Loss rate: 82.22%, Draw rate: 6.39%
P: -7.53, N: -4.68, B: 0.12, R: -11.65, Q: -2.65, K: 0.61, M: 25.00
Game finished: 1/2-1/2
Win rate: 11.38%, Loss rate: 82.18%, Draw rate: 6.43%
P: -7.93, N: -4.56, B: 0.05, R: -11.65, Q: -2.59, K: 0.61, M: 25.00
Game finished: 0-1
Win rate: 11.38%, Loss rate: 82.19%, Draw rate: 6.43%
P: -8.31, N: -6.00, B: 0.68, R: -11.75, Q: -2.86, K: 0.61, M: 25.00
Game finished: 1/2-1/2
Win rate: 11.37%, Loss rate: 82.16%, Draw rate: 6.47%
P: -5.86, N: -6.06, B: 0.82, R: -10.52, Q: -2.45, K: 0.61, M: 25.00
Game finished: 0-1
Win rate: 11.37%, Loss rate: 82.16%, Draw rate: 6.47%
P: -5.83, N: -6.02, B: 0.73, R: -10.22, Q: -2.17, K: 0.61, M: 25.00
Game finished: 0-1
Win rate: 11.36%, Loss rate: 82.17%, Draw rate: 6.46%
P: -6.25, N: -5.96, B: 0.81, R: -10.16, Q: -2.18, K: 0.61, M: 25.00
Game finished: 0-1
Win rate: 11.36%, Loss rate: 82.18%, Draw rate: 6.46%
P: -7.73, N: -6.09, B: 0.43, R: -10.02, Q: -2.98, K: 0.61, M: 25.00
Game finished: 0-1
Win rate: 11.36%, Loss rate: 82.19%, Draw rate: 6.46%
P: -6.25, N: -5.49, B: 0.87, R: -9.44, Q: -2.98, K: 0.61, M: 25.00
Game finished: 0-1
Win rate: 11.35%, Loss rate: 82.19%, Draw rate: 6.46%
P: -7.39, N: -5.94, B: 0.72, R: -10.05, Q: -2.73, K: 0.61, M: 25.00
Game finished: 0-1
Win rate: 11.35%, Loss rate: 82.20%, Draw rate: 6.45%
P: -6.81, N: -5.44, B: 0.97, R: -9.43, Q: -2.75, K: 0.61, M: 25.00
Game finished: 0-1
Win rate: 11.34%, Loss rate: 82.21%, Draw rate: 6.45%
P: -7.35, N: -5.46, B: 1.19, R: -9.25, Q: -2.67, K: 0.61, M: 25.00
Game finished: 0-1
Win rate: 11.34%, Loss rate: 82.22%, Draw rate: 6.45%
P: -7.28, N: -5.29, B: 0.73, R: -9.36, Q: -2.71, K: 0.61, M: 25.00
Game finished: 0-1
Win rate: 11.33%, Loss rate: 82.22%, Draw rate: 6.44%
P: -7.51, N: -5.60, B: 0.24, R: -9.81, Q: -2.53, K: 0.61, M: 25.00
Game finished: 0-1
Win rate: 11.33%, Loss rate: 82.23%, Draw rate: 6.44%
P: -7.63, N: -5.52, B: 0.39, R: -9.85, Q: -2.46, K: 0.61, M: 25.00
Game finished: 0-1
Win rate: 11.32%, Loss rate: 82.24%, Draw rate: 6.44%
P: -7.82, N: -5.06, B: 0.36, R: -9.46, Q: -2.16, K: 0.61, M: 25.00
Game finished: 0-1
Win rate: 11.32%, Loss rate: 82.25%, Draw rate: 6.44%
P: -7.47, N: -4.90, B: 0.72, R: -9.20, Q: -2.32, K: 0.61, M: 25.00
Game finished: 0-1
Win rate: 11.31%, Loss rate: 82.25%, Draw rate: 6.43%
P: -7.93, N: -4.50, B: 1.12, R: -9.03, Q: -2.74, K: 0.61, M: 25.00
Game finished: 0-1
Win rate: 11.31%, Loss rate: 82.26%, Draw rate: 6.43%
P: -7.85, N: -4.67, B: 1.27, R: -9.02, Q: -2.70, K: 0.61, M: 25.00
Game finished: 0-1
Win rate: 11.30%, Loss rate: 82.27%, Draw rate: 6.43%
P: -8.12, N: -4.51, B: 1.43, R: -9.00, Q: -2.46, K: 0.61, M: 25.00
Game finished: 0-1
Win rate: 11.30%, Loss rate: 82.28%, Draw rate: 6.43%
P: -8.24, N: -4.59, B: 1.66, R: -8.53, Q: -2.64, K: 0.61, M: 25.00
Game finished: 0-1
Win rate: 11.29%, Loss rate: 82.28%, Draw rate: 6.42%
P: -7.62, N: -4.32, B: 1.57, R: -8.32, Q: -3.13, K: 0.61, M: 25.00
Game finished: 0-1
Win rate: 11.29%, Loss rate: 82.29%, Draw rate: 6.42%
P: -7.58, N: -4.36, B: 1.26, R: -8.34, Q: -2.98, K: 0.61, M: 25.00
Game finished: 0-1
Win rate: 11.28%, Loss rate: 82.30%, Draw rate: 6.42%
P: -8.82, N: -4.92, B: 1.00, R: -9.08, Q: -3.14, K: 0.61, M: 25.00
Game finished: 0-1
Win rate: 11.28%, Loss rate: 82.31%, Draw rate: 6.42%
P: -7.60, N: -4.88, B: 1.16, R: -8.45, Q: -3.00, K: 0.61, M: 25.00
Game finished: 0-1
Win rate: 11.27%, Loss rate: 82.31%, Draw rate: 6.41%
P: -7.86, N: -5.03, B: 1.16, R: -8.73, Q: -2.99, K: 0.61, M: 25.00
Game finished: 1/2-1/2
Win rate: 11.27%, Loss rate: 82.28%, Draw rate: 6.45%
P: -8.71, N: -5.14, B: 1.33, R: -9.04, Q: -3.10, K: 0.61, M: 25.00
Game finished: 0-1
Win rate: 11.26%, Loss rate: 82.29%, Draw rate: 6.45%
P: -7.62, N: -4.93, B: 1.06, R: -9.07, Q: -2.81, K: 0.61, M: 25.00
Game finished: 0-1
Win rate: 11.26%, Loss rate: 82.29%, Draw rate: 6.45%
P: -8.29, N: -4.83, B: 0.92, R: -9.69, Q: -2.84, K: 0.61, M: 25.00
Game finished: 0-1
Win rate: 11.26%, Loss rate: 82.30%, Draw rate: 6.44%
P: -7.31, N: -4.73, B: 0.86, R: -9.62, Q: -2.52, K: 0.61, M: 25.00
Game finished: 1-0
Win rate: 11.29%, Loss rate: 82.27%, Draw rate: 6.44%
P: -7.82, N: -4.62, B: 0.97, R: -9.93, Q: -2.40, K: 0.61, M: 25.00
Game finished: 0-1
Win rate: 11.29%, Loss rate: 82.27%, Draw rate: 6.44%
P: -8.84, N: -4.81, B: 0.69, R: -10.58, Q: -2.62, K: 0.61, M: 25.00
Game finished: 1-0
Win rate: 11.32%, Loss rate: 82.24%, Draw rate: 6.44%
P: -8.37, N: -4.98, B: 0.37, R: -10.25, Q: -2.31, K: 0.61, M: 25.00
Game finished: 0-1
Win rate: 11.32%, Loss rate: 82.25%, Draw rate: 6.43%
P: -8.14, N: -4.96, B: 0.55, R: -9.85, Q: -2.31, K: 0.61, M: 25.00
Game finished: 0-1
Win rate: 11.32%, Loss rate: 82.25%, Draw rate: 6.43%
P: -7.19, N: -4.79, B: 0.48, R: -9.45, Q: -2.30, K: 0.61, M: 25.00
Game finished: 0-1
Win rate: 11.31%, Loss rate: 82.26%, Draw rate: 6.43%
P: -7.36, N: -4.59, B: 0.49, R: -9.46, Q: -2.42, K: 0.61, M: 25.00
Game finished: 0-1
Win rate: 11.31%, Loss rate: 82.27%, Draw rate: 6.42%
P: -6.80, N: -4.74, B: 0.63, R: -9.19, Q: -2.31, K: 0.61, M: 25.00
Game finished: 1-0
Win rate: 11.34%, Loss rate: 82.24%, Draw rate: 6.42%
P: -7.14, N: -4.77, B: 0.58, R: -9.22, Q: -2.42, K: 0.61, M: 25.00
Game finished: 0-1
Win rate: 11.34%, Loss rate: 82.24%, Draw rate: 6.42%
P: -7.43, N: -4.74, B: 0.17, R: -9.49, Q: -2.55, K: 0.61, M: 25.00
Game finished: 0-1
Win rate: 11.33%, Loss rate: 82.25%, Draw rate: 6.42%
Epsilon: 0.0943
Results saved to mf2_results/results.csv
Epsilon history saved to mf2_epsilon/epsilon.csv
Elapsed time: 0:16:07
P: -7.40, N: -3.73, B: -0.06, R: -8.87, Q: -2.23, K: 0.61, M: 25.00
Game finished: 0-1
Win rate: 11.33%, Loss rate: 82.26%, Draw rate: 6.41%
P: -7.07, N: -3.75, B: 0.08, R: -8.82, Q: -2.20, K: 0.61, M: 25.00
Game finished: 0-1
Win rate: 11.32%, Loss rate: 82.26%, Draw rate: 6.41%
P: -7.22, N: -3.88, B: 0.18, R: -8.97, Q: -2.38, K: 0.61, M: 25.00
Game finished: 0-1
Win rate: 11.32%, Loss rate: 82.27%, Draw rate: 6.41%
P: -6.29, N: -3.67, B: 0.16, R: -8.20, Q: -1.91, K: 0.61, M: 25.00
Game finished: 0-1
Win rate: 11.31%, Loss rate: 82.28%, Draw rate: 6.41%
P: -7.39, N: -3.79, B: 0.13, R: -8.50, Q: -1.88, K: 0.61, M: 25.00
Game finished: 0-1
Win rate: 11.31%, Loss rate: 82.29%, Draw rate: 6.40%
P: -7.45, N: -3.80, B: -0.24, R: -8.51, Q: -1.91, K: 0.61, M: 25.00
Game finished: 0-1
Win rate: 11.31%, Loss rate: 82.29%, Draw rate: 6.40%
P: -6.42, N: -3.54, B: 0.22, R: -8.07, Q: -2.15, K: 0.61, M: 25.00
Game finished: 0-1
Win rate: 11.30%, Loss rate: 82.30%, Draw rate: 6.40%
P: -6.87, N: -3.68, B: 0.38, R: -8.03, Q: -2.18, K: 0.61, M: 25.00
Game finished: 0-1
Win rate: 11.30%, Loss rate: 82.31%, Draw rate: 6.40%
P: -8.06, N: -3.85, B: 0.17, R: -8.45, Q: -2.85, K: 0.61, M: 25.00
Game finished: 0-1
Win rate: 11.29%, Loss rate: 82.32%, Draw rate: 6.39%
P: -8.57, N: -3.98, B: 0.08, R: -8.84, Q: -2.92, K: 0.61, M: 25.00
Game finished: 1/2-1/2
Win rate: 11.29%, Loss rate: 82.28%, Draw rate: 6.43%
P: -9.27, N: -4.18, B: 0.15, R: -9.14, Q: -2.94, K: 0.61, M: 25.00
Game finished: 0-1
Win rate: 11.28%, Loss rate: 82.29%, Draw rate: 6.43%
P: -8.59, N: -4.14, B: 0.13, R: -8.81, Q: -2.83, K: 0.61, M: 25.00
Game finished: 0-1
Win rate: 11.28%, Loss rate: 82.30%, Draw rate: 6.43%
P: -9.44, N: -3.95, B: 0.02, R: -9.08, Q: -2.84, K: 0.61, M: 25.00
Game finished: 0-1
Win rate: 11.27%, Loss rate: 82.30%, Draw rate: 6.42%
P: -8.30, N: -3.77, B: 0.19, R: -8.82, Q: -2.61, K: 0.61, M: 25.00
Game finished: 0-1
Win rate: 11.27%, Loss rate: 82.31%, Draw rate: 6.42%
P: -7.22, N: -4.03, B: 0.58, R: -8.63, Q: -2.60, K: 0.61, M: 25.00
Game finished: 0-1
Win rate: 11.26%, Loss rate: 82.32%, Draw rate: 6.42%
P: -8.17, N: -4.18, B: 0.59, R: -9.06, Q: -2.63, K: 0.61, M: 25.00
Game finished: 0-1
Win rate: 11.26%, Loss rate: 82.33%, Draw rate: 6.42%
P: -7.75, N: -4.02, B: 0.83, R: -8.78, Q: -2.79, K: 0.61, M: 25.00
Game finished: 0-1
Win rate: 11.25%, Loss rate: 82.33%, Draw rate: 6.41%
P: -8.23, N: -3.87, B: 0.87, R: -8.89, Q: -3.33, K: 0.61, M: 25.00
Game finished: 1/2-1/2
Win rate: 11.25%, Loss rate: 82.30%, Draw rate: 6.45%
P: -7.33, N: -3.70, B: 0.71, R: -8.75, Q: -3.35, K: 0.61, M: 25.00
Game finished: 0-1
Win rate: 11.24%, Loss rate: 82.31%, Draw rate: 6.45%
P: -5.34, N: -3.56, B: 1.08, R: -8.13, Q: -3.52, K: 0.61, M: 25.00
Game finished: 0-1
Win rate: 11.24%, Loss rate: 82.31%, Draw rate: 6.45%
P: -5.59, N: -3.69, B: 1.00, R: -8.01, Q: -3.65, K: 0.61, M: 25.00
Game finished: 1-0
Win rate: 11.28%, Loss rate: 82.28%, Draw rate: 6.44%
P: -7.33, N: -4.23, B: 0.84, R: -8.36, Q: -3.71, K: 0.61, M: 25.00
Game finished: 0-1
Win rate: 11.27%, Loss rate: 82.29%, Draw rate: 6.44%
P: -7.50, N: -4.28, B: 0.57, R: -8.63, Q: -3.79, K: 0.61, M: 25.00
Game finished: 0-1
Win rate: 11.27%, Loss rate: 82.29%, Draw rate: 6.44%
P: -7.42, N: -4.12, B: 0.42, R: -8.75, Q: -4.04, K: 0.61, M: 25.00
Game finished: 0-1
Win rate: 11.26%, Loss rate: 82.30%, Draw rate: 6.44%
P: -8.04, N: -4.20, B: 0.40, R: -8.91, Q: -4.09, K: 0.61, M: 25.00
Game finished: 0-1
Win rate: 11.26%, Loss rate: 82.31%, Draw rate: 6.43%
P: -7.66, N: -3.95, B: 0.42, R: -8.69, Q: -4.15, K: 0.61, M: 25.00
Game finished: 0-1
Win rate: 11.25%, Loss rate: 82.32%, Draw rate: 6.43%
P: -7.17, N: -3.57, B: 0.62, R: -8.78, Q: -4.46, K: 0.61, M: 25.00
Game finished: 0-1
Win rate: 11.25%, Loss rate: 82.32%, Draw rate: 6.43%
P: -7.55, N: -3.38, B: 0.68, R: -8.95, Q: -4.44, K: 0.61, M: 25.00
Game finished: 0-1
Win rate: 11.24%, Loss rate: 82.33%, Draw rate: 6.43%
P: -7.77, N: -3.72, B: 0.57, R: -9.16, Q: -4.47, K: 0.61, M: 25.00
Game finished: 1-0
Win rate: 11.28%, Loss rate: 82.30%, Draw rate: 6.42%
P: -7.95, N: -3.58, B: 0.58, R: -9.00, Q: -4.52, K: 0.61, M: 25.00
Game finished: 0-1
Win rate: 11.28%, Loss rate: 82.30%, Draw rate: 6.42%
P: -7.57, N: -3.77, B: 0.63, R: -8.93, Q: -4.50, K: 0.61, M: 25.00
Game finished: 1-0
Win rate: 11.31%, Loss rate: 82.27%, Draw rate: 6.42%
P: -8.15, N: -3.99, B: 0.31, R: -9.65, Q: -4.81, K: 0.61, M: 25.00
Game finished: 0-1
Win rate: 11.31%, Loss rate: 82.28%, Draw rate: 6.41%
P: -8.10, N: -4.03, B: 0.49, R: -9.58, Q: -5.01, K: 0.61, M: 25.00
Game finished: 0-1
Win rate: 11.30%, Loss rate: 82.29%, Draw rate: 6.41%
P: -7.03, N: -4.08, B: 0.93, R: -9.15, Q: -4.91, K: 0.61, M: 25.00
Game finished: 0-1
Win rate: 11.30%, Loss rate: 82.29%, Draw rate: 6.41%
P: -7.04, N: -4.02, B: 1.08, R: -9.20, Q: -5.03, K: 0.61, M: 25.00
Game finished: 0-1
Win rate: 11.29%, Loss rate: 82.30%, Draw rate: 6.41%
P: -7.61, N: -4.07, B: 0.96, R: -10.16, Q: -5.63, K: 0.61, M: 25.00
Game finished: 0-1
Win rate: 11.29%, Loss rate: 82.31%, Draw rate: 6.40%
P: -9.93, N: -4.50, B: 0.75, R: -11.12, Q: -5.53, K: 0.61, M: 25.00
Game finished: 0-1
Win rate: 11.28%, Loss rate: 82.31%, Draw rate: 6.40%
P: -9.52, N: -4.48, B: 0.97, R: -10.70, Q: -5.28, K: 0.61, M: 25.00
Game finished: 0-1
Win rate: 11.28%, Loss rate: 82.32%, Draw rate: 6.40%
P: -8.31, N: -3.71, B: 1.61, R: -10.56, Q: -5.26, K: 0.61, M: 25.00
Game finished: 0-1
Win rate: 11.28%, Loss rate: 82.33%, Draw rate: 6.40%
P: -6.69, N: -3.66, B: 2.04, R: -9.81, Q: -5.00, K: 0.61, M: 25.00
Game finished: 1/2-1/2
Win rate: 11.27%, Loss rate: 82.30%, Draw rate: 6.43%
P: -7.43, N: -3.88, B: 1.83, R: -9.89, Q: -5.18, K: 0.61, M: 25.00
Game finished: 0-1
Win rate: 11.27%, Loss rate: 82.30%, Draw rate: 6.43%
P: -7.43, N: -4.13, B: 1.95, R: -10.05, Q: -5.27, K: 0.61, M: 25.00
Game finished: 0-1
Win rate: 11.26%, Loss rate: 82.31%, Draw rate: 6.43%
P: -5.84, N: -4.03, B: 1.86, R: -9.44, Q: -4.99, K: 0.61, M: 25.00
Game finished: 0-1
Win rate: 11.26%, Loss rate: 82.32%, Draw rate: 6.43%
P: -7.04, N: -4.48, B: 1.90, R: -10.03, Q: -5.47, K: 0.61, M: 25.00
Game finished: 0-1
Win rate: 11.25%, Loss rate: 82.32%, Draw rate: 6.42%
P: -6.41, N: -4.18, B: 1.86, R: -9.89, Q: -5.13, K: 0.61, M: 25.00
Game finished: 0-1
Win rate: 11.25%, Loss rate: 82.33%, Draw rate: 6.42%
P: -7.08, N: -4.44, B: 1.71, R: -9.90, Q: -5.37, K: 0.61, M: 25.00
Game finished: 0-1
Win rate: 11.24%, Loss rate: 82.34%, Draw rate: 6.42%
P: -6.96, N: -4.15, B: 1.85, R: -9.77, Q: -5.37, K: 0.61, M: 25.00
Game finished: 1/2-1/2
Win rate: 11.24%, Loss rate: 82.30%, Draw rate: 6.46%
P: -6.37, N: -4.37, B: 2.13, R: -8.65, Q: -4.95, K: 0.61, M: 25.00
Game finished: 0-1
Win rate: 11.23%, Loss rate: 82.31%, Draw rate: 6.45%
P: -7.52, N: -4.45, B: 1.75, R: -9.83, Q: -5.71, K: 0.61, M: 25.00
Game finished: 0-1
Win rate: 11.23%, Loss rate: 82.32%, Draw rate: 6.45%
P: -8.26, N: -4.66, B: 1.91, R: -10.17, Q: -5.60, K: 0.61, M: 25.00
Game finished: 0-1
Win rate: 11.22%, Loss rate: 82.33%, Draw rate: 6.45%
P: -7.42, N: -4.59, B: 2.06, R: -9.45, Q: -5.55, K: 0.61, M: 25.00
Game finished: 0-1
Win rate: 11.22%, Loss rate: 82.33%, Draw rate: 6.45%
P: -7.91, N: -4.66, B: 1.84, R: -9.46, Q: -5.40, K: 0.61, M: 25.00
Game finished: 0-1
Win rate: 11.22%, Loss rate: 82.34%, Draw rate: 6.44%
P: -8.66, N: -4.78, B: 2.43, R: -9.55, Q: -5.30, K: 0.61, M: 25.00
Game finished: 0-1
Win rate: 11.21%, Loss rate: 82.35%, Draw rate: 6.44%
P: -9.03, N: -4.58, B: 2.13, R: -9.49, Q: -4.93, K: 0.61, M: 25.00
Game finished: 0-1
Win rate: 11.21%, Loss rate: 82.36%, Draw rate: 6.44%
P: -9.57, N: -4.50, B: 2.00, R: -9.62, Q: -4.85, K: 0.61, M: 25.00
Game finished: 0-1
Win rate: 11.20%, Loss rate: 82.36%, Draw rate: 6.44%
P: -9.02, N: -4.75, B: 1.73, R: -9.53, Q: -4.47, K: 0.61, M: 25.00
Game finished: 0-1
Win rate: 11.20%, Loss rate: 82.37%, Draw rate: 6.43%
P: -9.55, N: -4.79, B: 1.51, R: -9.80, Q: -4.40, K: 0.61, M: 25.00
Game finished: 1-0
Win rate: 11.23%, Loss rate: 82.34%, Draw rate: 6.43%
P: -11.10, N: -4.75, B: 0.99, R: -10.53, Q: -4.34, K: 0.61, M: 25.00
Game finished: 1-0
Win rate: 11.27%, Loss rate: 82.30%, Draw rate: 6.43%
P: -9.67, N: -4.51, B: 1.30, R: -9.91, Q: -4.24, K: 0.61, M: 25.00
Game finished: 0-1
Win rate: 11.26%, Loss rate: 82.31%, Draw rate: 6.43%
P: -9.43, N: -4.41, B: 1.41, R: -9.85, Q: -4.23, K: 0.61, M: 25.00
Game finished: 0-1
Win rate: 11.26%, Loss rate: 82.32%, Draw rate: 6.42%
P: -9.68, N: -4.49, B: 1.51, R: -9.89, Q: -4.14, K: 0.61, M: 25.00
Game finished: 0-1
Win rate: 11.26%, Loss rate: 82.32%, Draw rate: 6.42%
P: -7.26, N: -3.33, B: 2.35, R: -8.08, Q: -3.46, K: 0.61, M: 25.00
Game finished: 0-1
Win rate: 11.25%, Loss rate: 82.33%, Draw rate: 6.42%
P: -5.74, N: -2.85, B: 2.37, R: -7.77, Q: -3.29, K: 0.61, M: 25.00
Game finished: 0-1
Win rate: 11.25%, Loss rate: 82.34%, Draw rate: 6.41%
P: -6.00, N: -2.66, B: 2.27, R: -8.03, Q: -3.14, K: 0.61, M: 25.00
Game finished: 0-1
Win rate: 11.24%, Loss rate: 82.35%, Draw rate: 6.41%
P: -6.64, N: -2.85, B: 2.23, R: -8.13, Q: -3.33, K: 0.61, M: 25.00
Game finished: 0-1
Win rate: 11.24%, Loss rate: 82.35%, Draw rate: 6.41%
P: -7.23, N: -2.97, B: 2.13, R: -8.56, Q: -3.30, K: 0.61, M: 25.00
Game finished: 0-1
Win rate: 11.23%, Loss rate: 82.36%, Draw rate: 6.41%
P: -8.19, N: -3.17, B: 2.54, R: -9.03, Q: -3.13, K: 0.61, M: 25.00
Game finished: 1-0
Win rate: 11.27%, Loss rate: 82.33%, Draw rate: 6.40%
P: -7.60, N: -2.97, B: 2.49, R: -8.58, Q: -3.47, K: 0.61, M: 25.00
Game finished: 0-1
Win rate: 11.26%, Loss rate: 82.33%, Draw rate: 6.40%
P: -8.36, N: -3.66, B: 2.66, R: -8.66, Q: -2.92, K: 0.61, M: 25.00
Game finished: 1/2-1/2
Win rate: 11.26%, Loss rate: 82.30%, Draw rate: 6.44%
P: -8.37, N: -3.64, B: 2.53, R: -8.51, Q: -2.83, K: 0.61, M: 25.00
Game finished: 0-1
Win rate: 11.26%, Loss rate: 82.31%, Draw rate: 6.44%
P: -9.34, N: -3.84, B: 1.96, R: -9.47, Q: -2.95, K: 0.61, M: 25.00
Game finished: 0-1
Win rate: 11.25%, Loss rate: 82.31%, Draw rate: 6.43%
P: -8.16, N: -3.84, B: 2.45, R: -8.70, Q: -2.97, K: 0.61, M: 25.00
Game finished: 0-1
Win rate: 11.25%, Loss rate: 82.32%, Draw rate: 6.43%
P: -6.98, N: -3.05, B: 2.53, R: -8.00, Q: -2.88, K: 0.61, M: 25.00
Game finished: 0-1
Win rate: 11.24%, Loss rate: 82.33%, Draw rate: 6.43%
P: -7.33, N: -3.41, B: 2.48, R: -8.32, Q: -2.86, K: 0.61, M: 25.00
Game finished: 1/2-1/2
Win rate: 11.24%, Loss rate: 82.30%, Draw rate: 6.47%
P: -6.68, N: -3.49, B: 2.77, R: -8.09, Q: -3.09, K: 0.61, M: 25.00
Game finished: 0-1
Win rate: 11.23%, Loss rate: 82.30%, Draw rate: 6.46%
P: -7.02, N: -3.70, B: 2.57, R: -8.16, Q: -3.11, K: 0.61, M: 25.00
Game finished: 0-1
Win rate: 11.23%, Loss rate: 82.31%, Draw rate: 6.46%
P: -6.59, N: -3.57, B: 2.57, R: -8.10, Q: -3.11, K: 0.61, M: 25.00
Game finished: 0-1
Win rate: 11.22%, Loss rate: 82.32%, Draw rate: 6.46%
P: -6.91, N: -3.53, B: 2.45, R: -8.58, Q: -3.85, K: 0.61, M: 25.00
Game finished: 0-1
Win rate: 11.22%, Loss rate: 82.32%, Draw rate: 6.46%
P: -6.15, N: -3.51, B: 2.37, R: -8.41, Q: -3.75, K: 0.61, M: 25.00
Game finished: 0-1
Win rate: 11.21%, Loss rate: 82.33%, Draw rate: 6.45%
P: -6.92, N: -3.57, B: 2.26, R: -8.77, Q: -3.92, K: 0.61, M: 25.00
Game finished: 0-1
Win rate: 11.21%, Loss rate: 82.34%, Draw rate: 6.45%
P: -7.78, N: -3.72, B: 1.83, R: -8.83, Q: -4.10, K: 0.61, M: 25.00
Game finished: 0-1
Win rate: 11.21%, Loss rate: 82.35%, Draw rate: 6.45%
P: -7.43, N: -3.54, B: 1.72, R: -8.65, Q: -4.06, K: 0.61, M: 25.00
Game finished: 0-1
Win rate: 11.20%, Loss rate: 82.35%, Draw rate: 6.45%
P: -8.25, N: -3.71, B: 1.28, R: -9.46, Q: -4.24, K: 0.61, M: 25.00
Game finished: 0-1
Win rate: 11.20%, Loss rate: 82.36%, Draw rate: 6.44%
P: -8.67, N: -3.73, B: 1.07, R: -9.77, Q: -4.05, K: 0.61, M: 25.00
Game finished: 0-1
Win rate: 11.19%, Loss rate: 82.37%, Draw rate: 6.44%
P: -8.41, N: -3.63, B: 1.20, R: -9.51, Q: -4.13, K: 0.61, M: 25.00
Game finished: 0-1
Win rate: 11.19%, Loss rate: 82.37%, Draw rate: 6.44%
P: -8.48, N: -3.69, B: 1.06, R: -9.37, Q: -4.12, K: 0.61, M: 25.00
Game finished: 0-1
Win rate: 11.18%, Loss rate: 82.38%, Draw rate: 6.44%
P: -7.73, N: -3.76, B: 1.01, R: -9.39, Q: -4.09, K: 0.61, M: 25.00
Game finished: 0-1
Win rate: 11.18%, Loss rate: 82.39%, Draw rate: 6.43%
P: -7.72, N: -3.74, B: 0.85, R: -9.41, Q: -3.99, K: 0.61, M: 25.00
Game finished: 0-1
Win rate: 11.17%, Loss rate: 82.40%, Draw rate: 6.43%
P: -6.93, N: -3.95, B: 0.99, R: -9.15, Q: -3.97, K: 0.61, M: 25.00
Game finished: 0-1
Win rate: 11.17%, Loss rate: 82.40%, Draw rate: 6.43%
P: -7.02, N: -3.77, B: 1.07, R: -9.07, Q: -4.36, K: 0.61, M: 25.00
Game finished: 0-1
Win rate: 11.16%, Loss rate: 82.41%, Draw rate: 6.43%
P: -6.90, N: -3.62, B: 1.06, R: -8.97, Q: -4.37, K: 0.61, M: 25.00
Game finished: 0-1
Win rate: 11.16%, Loss rate: 82.42%, Draw rate: 6.42%
P: -7.24, N: -3.61, B: 1.10, R: -8.93, Q: -4.09, K: 0.61, M: 25.00
Game finished: 1/2-1/2
Win rate: 11.16%, Loss rate: 82.38%, Draw rate: 6.46%
P: -7.24, N: -3.23, B: 1.01, R: -8.73, Q: -3.77, K: 0.61, M: 25.00
Game finished: 0-1
Win rate: 11.15%, Loss rate: 82.39%, Draw rate: 6.46%
P: -6.57, N: -3.37, B: 1.09, R: -8.34, Q: -4.49, K: 0.61, M: 25.00
Game finished: 0-1
Win rate: 11.15%, Loss rate: 82.40%, Draw rate: 6.46%
P: -6.88, N: -3.44, B: 1.16, R: -8.31, Q: -4.37, K: 0.61, M: 25.00
Game finished: 0-1
Win rate: 11.14%, Loss rate: 82.40%, Draw rate: 6.45%
P: -5.72, N: -3.48, B: 0.90, R: -8.05, Q: -4.01, K: 0.61, M: 25.00
Game finished: 0-1
Win rate: 11.14%, Loss rate: 82.41%, Draw rate: 6.45%
P: -5.77, N: -3.43, B: 0.88, R: -7.75, Q: -3.87, K: 0.61, M: 25.00
Game finished: 0-1
Win rate: 11.13%, Loss rate: 82.42%, Draw rate: 6.45%
P: -6.11, N: -3.74, B: 1.13, R: -7.79, Q: -4.25, K: 0.61, M: 25.00
Game finished: 0-1
Win rate: 11.13%, Loss rate: 82.43%, Draw rate: 6.45%
P: -6.90, N: -3.73, B: 1.15, R: -7.82, Q: -4.38, K: 0.61, M: 25.00
Game finished: 0-1
Win rate: 11.12%, Loss rate: 82.43%, Draw rate: 6.44%
P: -6.82, N: -3.70, B: 0.88, R: -7.49, Q: -4.44, K: 0.61, M: 25.00
Game finished: 0-1
Win rate: 11.12%, Loss rate: 82.44%, Draw rate: 6.44%
Epsilon: 0.0943
Results saved to mf2_results/results.csv
Epsilon history saved to mf2_epsilon/epsilon.csv
Elapsed time: 0:17:02
P: -6.76, N: -3.80, B: 0.90, R: -7.43, Q: -4.41, K: 0.61, M: 25.00
Game finished: 0-1
Win rate: 11.12%, Loss rate: 82.45%, Draw rate: 6.44%
P: -7.86, N: -3.86, B: 0.54, R: -7.71, Q: -4.48, K: 0.61, M: 25.00
Game finished: 0-1
Win rate: 11.11%, Loss rate: 82.45%, Draw rate: 6.43%
P: -6.77, N: -3.77, B: 0.64, R: -7.48, Q: -4.25, K: 0.61, M: 25.00
Game finished: 0-1
Win rate: 11.11%, Loss rate: 82.46%, Draw rate: 6.43%
P: -7.18, N: -4.06, B: 0.61, R: -7.67, Q: -4.39, K: 0.61, M: 25.00
Game finished: 0-1
Win rate: 11.10%, Loss rate: 82.47%, Draw rate: 6.43%
P: -7.15, N: -4.10, B: 0.62, R: -7.70, Q: -4.33, K: 0.61, M: 25.00
Game finished: 0-1
Win rate: 11.10%, Loss rate: 82.48%, Draw rate: 6.43%
P: -6.37, N: -4.12, B: 0.60, R: -7.61, Q: -4.35, K: 0.61, M: 25.00
Game finished: 0-1
Win rate: 11.09%, Loss rate: 82.48%, Draw rate: 6.42%
P: -7.98, N: -4.23, B: 0.29, R: -8.55, Q: -4.47, K: 0.61, M: 25.00
Game finished: 0-1
Win rate: 11.09%, Loss rate: 82.49%, Draw rate: 6.42%
P: -8.22, N: -4.39, B: 0.21, R: -8.72, Q: -4.49, K: 0.61, M: 25.00
Game finished: 0-1
Win rate: 11.08%, Loss rate: 82.50%, Draw rate: 6.42%
P: -7.09, N: -4.50, B: 0.39, R: -8.14, Q: -4.03, K: 0.61, M: 25.00
Game finished: 0-1
Win rate: 11.08%, Loss rate: 82.50%, Draw rate: 6.42%
P: -5.93, N: -4.41, B: 0.44, R: -7.62, Q: -3.67, K: 0.61, M: 25.00
Game finished: 0-1
Win rate: 11.08%, Loss rate: 82.51%, Draw rate: 6.41%
P: -7.42, N: -4.58, B: 0.41, R: -8.41, Q: -3.74, K: 0.61, M: 25.00
Game finished: 0-1
Win rate: 11.07%, Loss rate: 82.52%, Draw rate: 6.41%
P: -7.89, N: -4.57, B: 0.33, R: -8.66, Q: -3.72, K: 0.61, M: 25.00
Game finished: 0-1
Win rate: 11.07%, Loss rate: 82.52%, Draw rate: 6.41%
P: -8.10, N: -4.39, B: 0.31, R: -8.71, Q: -4.02, K: 0.61, M: 25.00
Game finished: 0-1
Win rate: 11.06%, Loss rate: 82.53%, Draw rate: 6.41%
P: -7.72, N: -4.40, B: 0.42, R: -8.26, Q: -4.15, K: 0.61, M: 25.00
Game finished: 0-1
Win rate: 11.06%, Loss rate: 82.54%, Draw rate: 6.40%
P: -6.20, N: -4.18, B: 0.70, R: -7.85, Q: -3.85, K: 0.61, M: 25.00
Game finished: 0-1
Win rate: 11.05%, Loss rate: 82.54%, Draw rate: 6.40%
P: -6.55, N: -4.02, B: 0.84, R: -7.92, Q: -4.05, K: 0.61, M: 25.00
Game finished: 0-1
Win rate: 11.05%, Loss rate: 82.55%, Draw rate: 6.40%
P: -7.49, N: -4.04, B: 0.61, R: -8.17, Q: -4.15, K: 0.61, M: 25.00
Game finished: 0-1
Win rate: 11.04%, Loss rate: 82.56%, Draw rate: 6.40%
P: -7.43, N: -3.75, B: 0.39, R: -8.33, Q: -4.22, K: 0.61, M: 25.00
Game finished: 0-1
Win rate: 11.04%, Loss rate: 82.57%, Draw rate: 6.39%
P: -7.70, N: -3.95, B: 0.72, R: -8.45, Q: -3.99, K: 0.61, M: 25.00
Game finished: 0-1
Win rate: 11.04%, Loss rate: 82.57%, Draw rate: 6.39%
P: -7.83, N: -3.85, B: 0.76, R: -8.40, Q: -3.99, K: 0.61, M: 25.00
Game finished: 0-1
Win rate: 11.03%, Loss rate: 82.58%, Draw rate: 6.39%
P: -8.08, N: -3.94, B: 0.62, R: -8.65, Q: -4.00, K: 0.61, M: 25.00
Game finished: 0-1
Win rate: 11.03%, Loss rate: 82.59%, Draw rate: 6.39%
P: -7.87, N: -3.94, B: 0.79, R: -8.47, Q: -4.00, K: 0.61, M: 25.00
Game finished: 1/2-1/2
Win rate: 11.02%, Loss rate: 82.55%, Draw rate: 6.42%
P: -8.76, N: -4.10, B: 0.77, R: -8.70, Q: -4.17, K: 0.61, M: 25.00
Game finished: 0-1
Win rate: 11.02%, Loss rate: 82.56%, Draw rate: 6.42%
P: -8.73, N: -4.27, B: 0.70, R: -8.84, Q: -4.16, K: 0.61, M: 25.00
Game finished: 0-1
Win rate: 11.01%, Loss rate: 82.57%, Draw rate: 6.42%
P: -8.14, N: -4.12, B: 0.82, R: -8.56, Q: -3.93, K: 0.61, M: 25.00
Game finished: 0-1
Win rate: 11.01%, Loss rate: 82.57%, Draw rate: 6.42%
P: -8.03, N: -3.99, B: 0.92, R: -8.72, Q: -4.02, K: 0.61, M: 25.00
Game finished: 0-1
Win rate: 11.01%, Loss rate: 82.58%, Draw rate: 6.41%
P: -8.78, N: -4.27, B: 0.79, R: -8.94, Q: -4.38, K: 0.61, M: 25.00
Game finished: 0-1
Win rate: 11.00%, Loss rate: 82.59%, Draw rate: 6.41%
P: -8.56, N: -4.41, B: 0.54, R: -8.98, Q: -4.48, K: 0.61, M: 25.00
Game finished: 0-1
Win rate: 11.00%, Loss rate: 82.59%, Draw rate: 6.41%
P: -8.52, N: -4.47, B: 0.30, R: -9.14, Q: -4.30, K: 0.61, M: 25.00
Game finished: 0-1
Win rate: 10.99%, Loss rate: 82.60%, Draw rate: 6.41%
P: -9.20, N: -4.30, B: 0.35, R: -9.46, Q: -4.47, K: 0.61, M: 25.00
Game finished: 0-1
Win rate: 10.99%, Loss rate: 82.61%, Draw rate: 6.40%
P: -8.94, N: -4.39, B: 0.53, R: -9.55, Q: -4.47, K: 0.61, M: 25.00
Game finished: 0-1
Win rate: 10.98%, Loss rate: 82.62%, Draw rate: 6.40%
P: -6.03, N: -3.41, B: 1.23, R: -8.23, Q: -4.26, K: 0.61, M: 25.00
Game finished: 0-1
Win rate: 10.98%, Loss rate: 82.62%, Draw rate: 6.40%
P: -7.18, N: -3.82, B: 1.17, R: -8.41, Q: -4.50, K: 0.61, M: 25.00
Game finished: 0-1
Win rate: 10.98%, Loss rate: 82.63%, Draw rate: 6.40%
P: -7.67, N: -3.66, B: 1.01, R: -8.77, Q: -5.05, K: 0.61, M: 25.00
Game finished: 0-1
Win rate: 10.97%, Loss rate: 82.64%, Draw rate: 6.39%
P: -7.12, N: -3.43, B: 0.89, R: -8.82, Q: -5.00, K: 0.61, M: 25.00
Game finished: 0-1
Win rate: 10.97%, Loss rate: 82.64%, Draw rate: 6.39%
P: -7.53, N: -3.35, B: 1.03, R: -8.96, Q: -4.95, K: 0.61, M: 25.00
Game finished: 0-1
Win rate: 10.96%, Loss rate: 82.65%, Draw rate: 6.39%
P: -9.24, N: -3.75, B: 1.12, R: -9.61, Q: -5.35, K: 0.61, M: 25.00
Game finished: 0-1
Win rate: 10.96%, Loss rate: 82.66%, Draw rate: 6.39%
P: -7.46, N: -2.77, B: 0.18, R: -9.30, Q: -4.40, K: 0.61, M: 25.00
Game finished: 0-1
Win rate: 10.95%, Loss rate: 82.66%, Draw rate: 6.38%
P: -6.66, N: -2.86, B: 0.44, R: -8.54, Q: -4.18, K: 0.61, M: 25.00
Game finished: 0-1
Win rate: 10.95%, Loss rate: 82.67%, Draw rate: 6.38%
P: -7.94, N: -2.70, B: 0.95, R: -8.73, Q: -4.40, K: 0.61, M: 25.00
Game finished: 0-1
Win rate: 10.94%, Loss rate: 82.68%, Draw rate: 6.38%
P: -6.83, N: -2.65, B: 0.67, R: -8.67, Q: -4.49, K: 0.61, M: 25.00
Game finished: 0-1
Win rate: 10.94%, Loss rate: 82.68%, Draw rate: 6.38%
P: -6.40, N: -2.71, B: 0.66, R: -8.48, Q: -4.47, K: 0.61, M: 25.00
Game finished: 0-1
Win rate: 10.94%, Loss rate: 82.69%, Draw rate: 6.37%
P: -6.82, N: -2.76, B: 0.68, R: -8.47, Q: -4.56, K: 0.61, M: 25.00
Game finished: 0-1
Win rate: 10.93%, Loss rate: 82.70%, Draw rate: 6.37%
P: -6.83, N: -2.68, B: 0.66, R: -8.19, Q: -4.68, K: 0.61, M: 25.00
Game finished: 0-1
Win rate: 10.93%, Loss rate: 82.70%, Draw rate: 6.37%
P: -7.75, N: -2.89, B: 0.14, R: -8.88, Q: -4.85, K: 0.61, M: 25.00
Game finished: 0-1
Win rate: 10.92%, Loss rate: 82.71%, Draw rate: 6.37%
P: -10.05, N: -3.36, B: -0.86, R: -9.71, Q: -5.58, K: 0.61, M: 25.00
Game finished: 0-1
Win rate: 10.92%, Loss rate: 82.72%, Draw rate: 6.36%
P: -8.25, N: -3.56, B: -0.59, R: -8.94, Q: -5.39, K: 0.61, M: 25.00
Game finished: 0-1
Win rate: 10.91%, Loss rate: 82.72%, Draw rate: 6.36%
P: -9.30, N: -4.00, B: -0.76, R: -9.23, Q: -5.27, K: 0.61, M: 25.00
Game finished: 0-1
Win rate: 10.91%, Loss rate: 82.73%, Draw rate: 6.36%
P: -9.21, N: -3.99, B: -0.88, R: -9.25, Q: -5.22, K: 0.61, M: 25.00
Game finished: 0-1
Win rate: 10.91%, Loss rate: 82.74%, Draw rate: 6.36%
P: -9.12, N: -3.72, B: -0.96, R: -9.19, Q: -5.45, K: 0.61, M: 25.00
Game finished: 0-1
Win rate: 10.90%, Loss rate: 82.75%, Draw rate: 6.35%
P: -9.91, N: -3.84, B: -1.07, R: -9.72, Q: -5.74, K: 0.61, M: 25.00
Game finished: 0-1
Win rate: 10.90%, Loss rate: 82.75%, Draw rate: 6.35%
P: -10.60, N: -3.66, B: -1.37, R: -10.28, Q: -5.90, K: 0.61, M: 25.00
Game finished: 0-1
Win rate: 10.89%, Loss rate: 82.76%, Draw rate: 6.35%
P: -8.53, N: -3.91, B: -1.07, R: -9.63, Q: -5.77, K: 0.61, M: 25.00
Game finished: 0-1
Win rate: 10.89%, Loss rate: 82.77%, Draw rate: 6.35%
P: -7.55, N: -3.79, B: -1.34, R: -9.36, Q: -5.57, K: 0.61, M: 25.00
Game finished: 0-1
Win rate: 10.88%, Loss rate: 82.77%, Draw rate: 6.34%
P: -8.12, N: -3.44, B: -1.68, R: -9.68, Q: -5.49, K: 0.61, M: 25.00
Game finished: 0-1
Win rate: 10.88%, Loss rate: 82.78%, Draw rate: 6.34%
P: -7.53, N: -3.41, B: -1.49, R: -9.62, Q: -5.14, K: 0.61, M: 25.00
Game finished: 1/2-1/2
Win rate: 10.88%, Loss rate: 82.75%, Draw rate: 6.38%
P: -7.56, N: -3.49, B: -1.53, R: -9.41, Q: -4.88, K: 0.61, M: 25.00
Game finished: 0-1
Win rate: 10.87%, Loss rate: 82.75%, Draw rate: 6.37%
P: -7.49, N: -3.42, B: -1.57, R: -9.42, Q: -4.91, K: 0.61, M: 25.00
Game finished: 1/2-1/2
Win rate: 10.87%, Loss rate: 82.72%, Draw rate: 6.41%
P: -7.80, N: -3.00, B: -1.41, R: -9.34, Q: -5.16, K: 0.61, M: 25.00
Game finished: 0-1
Win rate: 10.86%, Loss rate: 82.73%, Draw rate: 6.41%
P: -7.08, N: -3.03, B: -1.45, R: -9.02, Q: -5.01, K: 0.61, M: 25.00
Game finished: 0-1
Win rate: 10.86%, Loss rate: 82.73%, Draw rate: 6.41%
P: -6.09, N: -3.05, B: -1.28, R: -8.65, Q: -5.10, K: 0.61, M: 25.00
Game finished: 1-0
Win rate: 10.89%, Loss rate: 82.70%, Draw rate: 6.40%
P: -6.27, N: -2.50, B: -2.19, R: -8.99, Q: -4.55, K: 0.61, M: 25.00
Game finished: 0-1
Win rate: 10.89%, Loss rate: 82.71%, Draw rate: 6.40%
P: -4.67, N: -2.40, B: -1.88, R: -8.43, Q: -4.44, K: 0.61, M: 25.00
Game finished: 0-1
Win rate: 10.89%, Loss rate: 82.72%, Draw rate: 6.40%
P: -5.94, N: -2.59, B: -2.11, R: -9.11, Q: -4.61, K: 0.61, M: 25.00
Game finished: 0-1
Win rate: 10.88%, Loss rate: 82.72%, Draw rate: 6.40%
P: -7.20, N: -2.52, B: -2.53, R: -9.77, Q: -4.37, K: 0.61, M: 25.00
Game finished: 0-1
Win rate: 10.88%, Loss rate: 82.73%, Draw rate: 6.39%
P: -7.02, N: -2.36, B: -2.56, R: -9.88, Q: -4.22, K: 0.61, M: 25.00
Game finished: 0-1
Win rate: 10.87%, Loss rate: 82.74%, Draw rate: 6.39%
P: -6.58, N: -2.37, B: -2.38, R: -9.78, Q: -4.16, K: 0.61, M: 25.00
Game finished: 0-1
Win rate: 10.87%, Loss rate: 82.74%, Draw rate: 6.39%
P: -6.82, N: -2.49, B: -2.54, R: -10.01, Q: -4.10, K: 0.61, M: 25.00
Game finished: 0-1
Win rate: 10.86%, Loss rate: 82.75%, Draw rate: 6.39%
P: -6.95, N: -2.52, B: -2.61, R: -9.94, Q: -4.06, K: 0.61, M: 25.00
Game finished: 0-1
Win rate: 10.86%, Loss rate: 82.76%, Draw rate: 6.38%
P: -7.22, N: -2.57, B: -2.76, R: -9.94, Q: -4.13, K: 0.61, M: 25.00
Game finished: 0-1
Win rate: 10.86%, Loss rate: 82.76%, Draw rate: 6.38%
P: -6.75, N: -2.77, B: -3.05, R: -9.75, Q: -3.98, K: 0.61, M: 25.00
Game finished: 0-1
Win rate: 10.85%, Loss rate: 82.77%, Draw rate: 6.38%
P: -7.53, N: -2.89, B: -3.24, R: -10.21, Q: -3.93, K: 0.61, M: 25.00
Game finished: 0-1
Win rate: 10.85%, Loss rate: 82.78%, Draw rate: 6.38%
P: -6.65, N: -2.64, B: -3.18, R: -9.92, Q: -3.78, K: 0.61, M: 25.00
Game finished: 0-1
Win rate: 10.84%, Loss rate: 82.78%, Draw rate: 6.37%
P: -6.82, N: -2.87, B: -3.19, R: -9.89, Q: -3.83, K: 0.61, M: 25.00
Game finished: 0-1
Win rate: 10.84%, Loss rate: 82.79%, Draw rate: 6.37%
P: -6.63, N: -3.03, B: -2.94, R: -10.02, Q: -3.68, K: 0.61, M: 25.00
Game finished: 0-1
Win rate: 10.83%, Loss rate: 82.80%, Draw rate: 6.37%
P: -7.97, N: -3.06, B: -2.53, R: -10.25, Q: -3.78, K: 0.61, M: 25.00
Game finished: 0-1
Win rate: 10.83%, Loss rate: 82.80%, Draw rate: 6.37%
P: -7.93, N: -3.09, B: -2.62, R: -10.63, Q: -3.67, K: 0.61, M: 25.00
Game finished: 0-1
Win rate: 10.83%, Loss rate: 82.81%, Draw rate: 6.36%
P: -9.01, N: -2.71, B: -2.84, R: -10.91, Q: -3.70, K: 0.61, M: 25.00
Game finished: 0-1
Win rate: 10.82%, Loss rate: 82.82%, Draw rate: 6.36%
P: -7.33, N: -2.64, B: -2.42, R: -10.28, Q: -3.64, K: 0.61, M: 25.00
Game finished: 0-1
Win rate: 10.82%, Loss rate: 82.82%, Draw rate: 6.36%
P: -5.70, N: -2.73, B: -1.90, R: -9.51, Q: -3.63, K: 0.61, M: 25.00
Game finished: 0-1
Win rate: 10.81%, Loss rate: 82.83%, Draw rate: 6.36%
P: -7.10, N: -2.87, B: -2.09, R: -10.06, Q: -4.22, K: 0.61, M: 25.00
Game finished: 0-1
Win rate: 10.81%, Loss rate: 82.84%, Draw rate: 6.35%
P: -6.47, N: -2.78, B: -2.16, R: -9.97, Q: -4.00, K: 0.61, M: 25.00
Game finished: 0-1
Win rate: 10.81%, Loss rate: 82.84%, Draw rate: 6.35%
P: -5.23, N: -2.79, B: -1.45, R: -9.34, Q: -3.01, K: 0.61, M: 25.00
Game finished: 0-1
Win rate: 10.80%, Loss rate: 82.85%, Draw rate: 6.35%
P: -5.76, N: -2.88, B: -1.33, R: -9.53, Q: -3.18, K: 0.61, M: 25.00
Game finished: 0-1
Win rate: 10.80%, Loss rate: 82.86%, Draw rate: 6.35%
P: -5.88, N: -2.97, B: -1.34, R: -9.23, Q: -3.34, K: 0.61, M: 25.00
Game finished: 0-1
Win rate: 10.79%, Loss rate: 82.86%, Draw rate: 6.34%
P: -5.43, N: -3.01, B: -1.28, R: -9.24, Q: -3.51, K: 0.61, M: 25.00
Game finished: 0-1
Win rate: 10.79%, Loss rate: 82.87%, Draw rate: 6.34%
P: -5.48, N: -2.86, B: -1.32, R: -8.99, Q: -3.41, K: 0.61, M: 25.00
Game finished: 0-1
Win rate: 10.78%, Loss rate: 82.88%, Draw rate: 6.34%
P: -5.62, N: -2.91, B: -1.42, R: -9.45, Q: -3.79, K: 0.61, M: 25.00
Game finished: 0-1
Win rate: 10.78%, Loss rate: 82.88%, Draw rate: 6.34%
P: -5.81, N: -2.92, B: -1.84, R: -9.63, Q: -3.39, K: 0.61, M: 25.00
Game finished: 0-1
Win rate: 10.78%, Loss rate: 82.89%, Draw rate: 6.33%
P: -6.76, N: -3.03, B: -2.07, R: -10.22, Q: -4.12, K: 0.61, M: 25.00
Game finished: 0-1
Win rate: 10.77%, Loss rate: 82.90%, Draw rate: 6.33%
P: -6.51, N: -3.03, B: -1.85, R: -10.03, Q: -4.04, K: 0.61, M: 25.00
Game finished: 0-1
Win rate: 10.77%, Loss rate: 82.90%, Draw rate: 6.33%
P: -7.06, N: -2.96, B: -1.90, R: -10.09, Q: -3.74, K: 0.61, M: 25.00
Game finished: 0-1
Win rate: 10.76%, Loss rate: 82.91%, Draw rate: 6.33%
P: -7.24, N: -2.92, B: -1.97, R: -9.96, Q: -3.72, K: 0.61, M: 25.00
Game finished: 0-1
Win rate: 10.76%, Loss rate: 82.92%, Draw rate: 6.32%
P: -7.01, N: -2.92, B: -2.05, R: -9.73, Q: -3.67, K: 0.61, M: 25.00
Game finished: 0-1
Win rate: 10.76%, Loss rate: 82.92%, Draw rate: 6.32%
P: -6.78, N: -2.87, B: -1.82, R: -9.64, Q: -3.62, K: 0.61, M: 25.00
Game finished: 0-1
Win rate: 10.75%, Loss rate: 82.93%, Draw rate: 6.32%
P: -7.15, N: -2.88, B: -1.83, R: -9.54, Q: -3.39, K: 0.61, M: 25.00
Game finished: 0-1
Win rate: 10.75%, Loss rate: 82.94%, Draw rate: 6.32%
P: -6.77, N: -2.58, B: -1.32, R: -9.11, Q: -3.36, K: 0.61, M: 25.00
Game finished: 0-1
Win rate: 10.74%, Loss rate: 82.94%, Draw rate: 6.31%
P: -7.13, N: -2.70, B: -0.95, R: -8.28, Q: -3.27, K: 0.61, M: 25.00
Game finished: 0-1
Win rate: 10.74%, Loss rate: 82.95%, Draw rate: 6.31%
P: -6.86, N: -2.58, B: -0.73, R: -8.39, Q: -3.34, K: 0.61, M: 25.00
Game finished: 1/2-1/2
Win rate: 10.73%, Loss rate: 82.92%, Draw rate: 6.35%
P: -7.36, N: -2.49, B: -0.20, R: -8.66, Q: -3.21, K: 0.61, M: 25.00
Game finished: 0-1
Win rate: 10.73%, Loss rate: 82.92%, Draw rate: 6.35%
Epsilon: 0.0943
Results saved to mf2_results/results.csv
Epsilon history saved to mf2_epsilon/epsilon.csv
Elapsed time: 0:17:50
P: -7.50, N: -2.53, B: 0.12, R: -8.89, Q: -2.99, K: 0.61, M: 25.00
Game finished: 1/2-1/2
Win rate: 10.73%, Loss rate: 82.89%, Draw rate: 6.38%
P: -7.81, N: -2.67, B: 0.17, R: -8.92, Q: -3.04, K: 0.61, M: 25.00
Game finished: 0-1
Win rate: 10.72%, Loss rate: 82.90%, Draw rate: 6.38%
P: -8.74, N: -3.14, B: 0.41, R: -8.98, Q: -2.78, K: 0.61, M: 25.00
Game finished: 0-1
Win rate: 10.72%, Loss rate: 82.90%, Draw rate: 6.38%
P: -8.72, N: -3.70, B: -0.38, R: -9.74, Q: -3.80, K: 0.61, M: 25.00
Game finished: 0-1
Win rate: 10.71%, Loss rate: 82.91%, Draw rate: 6.37%
P: -8.73, N: -3.60, B: -0.43, R: -9.78, Q: -3.80, K: 0.61, M: 25.00
Game finished: 1-0
Win rate: 10.75%, Loss rate: 82.88%, Draw rate: 6.37%
P: -9.35, N: -3.81, B: -0.77, R: -10.01, Q: -3.85, K: 0.61, M: 25.00
Game finished: 0-1
Win rate: 10.74%, Loss rate: 82.89%, Draw rate: 6.37%
P: -7.22, N: -3.82, B: -1.00, R: -8.93, Q: -3.48, K: 0.61, M: 25.00
Game finished: 0-1
Win rate: 10.74%, Loss rate: 82.89%, Draw rate: 6.37%
P: -6.85, N: -3.93, B: -1.06, R: -8.78, Q: -3.56, K: 0.61, M: 25.00
Game finished: 0-1
Win rate: 10.74%, Loss rate: 82.90%, Draw rate: 6.37%
P: -7.02, N: -4.07, B: -1.60, R: -9.12, Q: -3.68, K: 0.61, M: 25.00
Game finished: 0-1
Win rate: 10.73%, Loss rate: 82.91%, Draw rate: 6.36%
P: -7.63, N: -3.85, B: -1.55, R: -9.19, Q: -3.67, K: 0.61, M: 25.00
Game finished: 0-1
Win rate: 10.73%, Loss rate: 82.91%, Draw rate: 6.36%
P: -7.34, N: -3.94, B: -0.99, R: -8.47, Q: -2.78, K: 0.61, M: 25.00
Game finished: 0-1
Win rate: 10.72%, Loss rate: 82.92%, Draw rate: 6.36%
P: -7.02, N: -3.89, B: -0.78, R: -8.40, Q: -2.82, K: 0.61, M: 25.00
Game finished: 0-1
Win rate: 10.72%, Loss rate: 82.92%, Draw rate: 6.36%
P: -7.31, N: -4.32, B: -1.12, R: -8.69, Q: -2.62, K: 0.61, M: 25.00
Game finished: 1/2-1/2
Win rate: 10.72%, Loss rate: 82.89%, Draw rate: 6.39%
P: -6.64, N: -4.14, B: -1.03, R: -8.64, Q: -2.70, K: 0.61, M: 25.00
Game finished: 0-1
Win rate: 10.71%, Loss rate: 82.90%, Draw rate: 6.39%
P: -7.99, N: -3.94, B: -1.73, R: -8.77, Q: -2.76, K: 0.61, M: 25.00
Game finished: 0-1
Win rate: 10.71%, Loss rate: 82.91%, Draw rate: 6.39%
P: -7.24, N: -3.77, B: -1.47, R: -8.39, Q: -2.60, K: 0.61, M: 25.00
Game finished: 0-1
Win rate: 10.70%, Loss rate: 82.91%, Draw rate: 6.38%
P: -7.50, N: -3.70, B: -1.77, R: -8.70, Q: -2.61, K: 0.61, M: 25.00
Game finished: 0-1
Win rate: 10.70%, Loss rate: 82.92%, Draw rate: 6.38%
P: -7.41, N: -3.51, B: -2.23, R: -8.95, Q: -2.17, K: 0.61, M: 25.00
Game finished: 0-1
Win rate: 10.70%, Loss rate: 82.93%, Draw rate: 6.38%
P: -7.48, N: -3.49, B: -2.32, R: -9.11, Q: -2.10, K: 0.61, M: 25.00
Game finished: 0-1
Win rate: 10.69%, Loss rate: 82.93%, Draw rate: 6.38%
P: -7.40, N: -3.37, B: -2.09, R: -9.23, Q: -1.68, K: 0.61, M: 25.00
Game finished: 1-0
Win rate: 10.73%, Loss rate: 82.90%, Draw rate: 6.37%
P: -6.62, N: -3.15, B: -1.95, R: -8.93, Q: -1.80, K: 0.61, M: 25.00
Game finished: 0-1
Win rate: 10.72%, Loss rate: 82.91%, Draw rate: 6.37%
P: -5.85, N: -3.09, B: -1.87, R: -8.68, Q: -1.83, K: 0.61, M: 25.00
Game finished: 0-1
Win rate: 10.72%, Loss rate: 82.91%, Draw rate: 6.37%
P: -6.05, N: -3.31, B: -2.36, R: -8.99, Q: -1.88, K: 0.61, M: 25.00
Game finished: 0-1
Win rate: 10.71%, Loss rate: 82.92%, Draw rate: 6.37%
P: -6.05, N: -3.33, B: -1.94, R: -8.80, Q: -1.96, K: 0.61, M: 25.00
Game finished: 0-1
Win rate: 10.71%, Loss rate: 82.93%, Draw rate: 6.36%
P: -6.74, N: -3.29, B: -2.13, R: -9.08, Q: -1.98, K: 0.61, M: 25.00
Game finished: 0-1
Win rate: 10.70%, Loss rate: 82.93%, Draw rate: 6.36%
P: -6.65, N: -3.28, B: -2.24, R: -9.14, Q: -1.99, K: 0.61, M: 25.00
Game finished: 0-1
Win rate: 10.70%, Loss rate: 82.94%, Draw rate: 6.36%
P: -7.46, N: -3.45, B: -2.17, R: -9.41, Q: -2.87, K: 0.61, M: 25.00
Game finished: 1/2-1/2
Win rate: 10.70%, Loss rate: 82.91%, Draw rate: 6.40%
P: -8.29, N: -3.65, B: -2.33, R: -9.66, Q: -2.56, K: 0.61, M: 25.00
Game finished: 0-1
Win rate: 10.69%, Loss rate: 82.91%, Draw rate: 6.39%
P: -5.84, N: -3.66, B: -2.38, R: -8.87, Q: -2.58, K: 0.61, M: 25.00
Game finished: 0-1
Win rate: 10.69%, Loss rate: 82.92%, Draw rate: 6.39%
P: -6.29, N: -3.58, B: -2.24, R: -8.92, Q: -2.53, K: 0.61, M: 25.00
Game finished: 0-1
Win rate: 10.68%, Loss rate: 82.93%, Draw rate: 6.39%
P: -6.96, N: -3.45, B: -1.67, R: -9.38, Q: -2.27, K: 0.61, M: 25.00
Game finished: 0-1
Win rate: 10.68%, Loss rate: 82.93%, Draw rate: 6.39%
P: -8.07, N: -3.74, B: -2.26, R: -9.90, Q: -2.43, K: 0.61, M: 25.00
Game finished: 0-1
Win rate: 10.68%, Loss rate: 82.94%, Draw rate: 6.38%
P: -7.78, N: -3.77, B: -2.23, R: -9.95, Q: -2.79, K: 0.61, M: 25.00
Game finished: 0-1
Win rate: 10.67%, Loss rate: 82.95%, Draw rate: 6.38%
P: -7.52, N: -3.46, B: -2.26, R: -9.87, Q: -2.82, K: 0.61, M: 25.00
Game finished: 0-1
Win rate: 10.67%, Loss rate: 82.95%, Draw rate: 6.38%
P: -7.39, N: -3.37, B: -2.44, R: -9.77, Q: -2.80, K: 0.61, M: 25.00
Game finished: 0-1
Win rate: 10.66%, Loss rate: 82.96%, Draw rate: 6.38%
P: -7.11, N: -3.34, B: -2.31, R: -9.80, Q: -2.63, K: 0.61, M: 25.00
Game finished: 0-1
Win rate: 10.66%, Loss rate: 82.97%, Draw rate: 6.37%
P: -6.26, N: -3.01, B: -2.18, R: -9.34, Q: -2.62, K: 0.61, M: 25.00
Game finished: 0-1
Win rate: 10.66%, Loss rate: 82.97%, Draw rate: 6.37%
P: -7.22, N: -3.59, B: -2.58, R: -10.23, Q: -2.67, K: 0.61, M: 25.00
Game finished: 0-1
Win rate: 10.65%, Loss rate: 82.98%, Draw rate: 6.37%
P: -7.14, N: -3.64, B: -2.85, R: -10.20, Q: -2.43, K: 0.61, M: 25.00
Game finished: 0-1
Win rate: 10.65%, Loss rate: 82.99%, Draw rate: 6.37%
P: -6.65, N: -3.47, B: -2.81, R: -9.86, Q: -2.53, K: 0.61, M: 25.00
Game finished: 0-1
Win rate: 10.64%, Loss rate: 82.99%, Draw rate: 6.36%
P: -6.96, N: -3.31, B: -2.84, R: -9.87, Q: -2.32, K: 0.61, M: 25.00
Game finished: 0-1
Win rate: 10.64%, Loss rate: 83.00%, Draw rate: 6.36%
P: -7.77, N: -2.98, B: -0.31, R: -8.90, Q: -3.01, K: 0.61, M: 25.00
Game finished: 0-1
Win rate: 10.64%, Loss rate: 83.01%, Draw rate: 6.36%
P: -7.87, N: -3.59, B: -0.20, R: -9.00, Q: -3.66, K: 0.61, M: 25.00
Game finished: 0-1
Win rate: 10.63%, Loss rate: 83.01%, Draw rate: 6.36%
P: -7.77, N: -3.59, B: -0.43, R: -8.97, Q: -3.71, K: 0.61, M: 25.00
Game finished: 0-1
Win rate: 10.63%, Loss rate: 83.02%, Draw rate: 6.35%
P: -7.08, N: -3.61, B: -0.12, R: -8.60, Q: -3.66, K: 0.61, M: 25.00
Game finished: 0-1
Win rate: 10.62%, Loss rate: 83.02%, Draw rate: 6.35%
P: -8.95, N: -3.56, B: -0.32, R: -9.00, Q: -3.92, K: 0.61, M: 25.00
Game finished: 0-1
Win rate: 10.62%, Loss rate: 83.03%, Draw rate: 6.35%
P: -6.35, N: -2.91, B: -0.13, R: -7.59, Q: -3.36, K: 0.61, M: 25.00
Game finished: 0-1
Win rate: 10.62%, Loss rate: 83.04%, Draw rate: 6.35%
P: -7.38, N: -3.03, B: -0.42, R: -7.87, Q: -3.42, K: 0.61, M: 25.00
Game finished: 0-1
Win rate: 10.61%, Loss rate: 83.04%, Draw rate: 6.34%
P: -7.83, N: -3.25, B: -0.34, R: -7.86, Q: -3.49, K: 0.61, M: 25.00
Game finished: 0-1
Win rate: 10.61%, Loss rate: 83.05%, Draw rate: 6.34%
P: -7.82, N: -3.30, B: -0.27, R: -8.11, Q: -3.79, K: 0.61, M: 25.00
Game finished: 0-1
Win rate: 10.60%, Loss rate: 83.06%, Draw rate: 6.34%
P: -8.62, N: -3.90, B: -0.75, R: -9.06, Q: -3.61, K: 0.61, M: 25.00
Game finished: 0-1
Win rate: 10.60%, Loss rate: 83.06%, Draw rate: 6.34%
P: -9.23, N: -4.08, B: -0.83, R: -9.20, Q: -3.54, K: 0.61, M: 25.00
Game finished: 0-1
Win rate: 10.60%, Loss rate: 83.07%, Draw rate: 6.33%
P: -8.80, N: -4.10, B: -0.78, R: -9.00, Q: -3.48, K: 0.61, M: 25.00
Game finished: 0-1
Win rate: 10.59%, Loss rate: 83.08%, Draw rate: 6.33%
P: -9.13, N: -3.95, B: -0.89, R: -9.39, Q: -3.35, K: 0.61, M: 25.00
Game finished: 0-1
Win rate: 10.59%, Loss rate: 83.08%, Draw rate: 6.33%
P: -8.67, N: -3.92, B: -0.45, R: -8.86, Q: -2.85, K: 0.61, M: 25.00
Game finished: 0-1
Win rate: 10.58%, Loss rate: 83.09%, Draw rate: 6.33%
P: -7.58, N: -3.55, B: -0.33, R: -8.66, Q: -2.84, K: 0.61, M: 25.00
Game finished: 0-1
Win rate: 10.58%, Loss rate: 83.09%, Draw rate: 6.33%
P: -5.82, N: -3.48, B: -0.07, R: -8.10, Q: -2.65, K: 0.61, M: 25.00
Game finished: 0-1
Win rate: 10.58%, Loss rate: 83.10%, Draw rate: 6.32%
P: -6.71, N: -3.32, B: 0.48, R: -8.01, Q: -2.77, K: 0.61, M: 25.00
Game finished: 1/2-1/2
Win rate: 10.57%, Loss rate: 83.07%, Draw rate: 6.36%
P: -7.61, N: -3.46, B: 0.76, R: -8.54, Q: -3.04, K: 0.61, M: 25.00
Game finished: 0-1
Win rate: 10.57%, Loss rate: 83.08%, Draw rate: 6.36%
P: -9.42, N: -3.77, B: 0.39, R: -9.05, Q: -3.18, K: 0.61, M: 25.00
Game finished: 0-1
Win rate: 10.56%, Loss rate: 83.08%, Draw rate: 6.35%
P: -8.65, N: -3.35, B: 0.43, R: -8.61, Q: -3.21, K: 0.61, M: 25.00
Game finished: 0-1
Win rate: 10.56%, Loss rate: 83.09%, Draw rate: 6.35%
P: -9.14, N: -3.47, B: 0.75, R: -8.46, Q: -3.56, K: 0.61, M: 25.00
Game finished: 0-1
Win rate: 10.56%, Loss rate: 83.10%, Draw rate: 6.35%
P: -8.40, N: -3.52, B: 0.59, R: -8.21, Q: -3.50, K: 0.61, M: 25.00
Game finished: 0-1
Win rate: 10.55%, Loss rate: 83.10%, Draw rate: 6.35%
P: -8.45, N: -3.51, B: 0.59, R: -8.10, Q: -3.58, K: 0.61, M: 25.00
Game finished: 0-1
Win rate: 10.55%, Loss rate: 83.11%, Draw rate: 6.34%
P: -8.43, N: -3.11, B: 0.41, R: -8.29, Q: -3.60, K: 0.61, M: 25.00
Game finished: 0-1
Win rate: 10.54%, Loss rate: 83.11%, Draw rate: 6.34%
P: -8.44, N: -3.04, B: 0.47, R: -8.24, Q: -3.61, K: 0.61, M: 25.00
Game finished: 0-1
Win rate: 10.54%, Loss rate: 83.12%, Draw rate: 6.34%
P: -8.03, N: -2.96, B: -0.05, R: -8.47, Q: -3.24, K: 0.61, M: 25.00
Game finished: 0-1
Win rate: 10.54%, Loss rate: 83.13%, Draw rate: 6.34%
P: -8.60, N: -2.97, B: 0.13, R: -8.62, Q: -3.27, K: 0.61, M: 25.00
Game finished: 1-0
Win rate: 10.57%, Loss rate: 83.10%, Draw rate: 6.33%
P: -8.08, N: -2.94, B: 0.33, R: -8.54, Q: -3.33, K: 0.61, M: 25.00
Game finished: 0-1
Win rate: 10.57%, Loss rate: 83.10%, Draw rate: 6.33%
P: -7.50, N: -2.30, B: 1.19, R: -8.15, Q: -2.75, K: 0.61, M: 25.00
Game finished: 0-1
Win rate: 10.56%, Loss rate: 83.11%, Draw rate: 6.33%
P: -7.31, N: -2.44, B: 1.18, R: -8.11, Q: -2.58, K: 0.61, M: 25.00
Game finished: 1-0
Win rate: 10.60%, Loss rate: 83.08%, Draw rate: 6.33%
P: -7.30, N: -2.39, B: 1.01, R: -8.41, Q: -2.66, K: 0.61, M: 25.00
Game finished: 0-1
Win rate: 10.59%, Loss rate: 83.08%, Draw rate: 6.32%
P: -7.93, N: -2.67, B: 1.19, R: -8.73, Q: -2.52, K: 0.61, M: 25.00
Game finished: 0-1
Win rate: 10.59%, Loss rate: 83.09%, Draw rate: 6.32%
P: -7.22, N: -2.61, B: 1.51, R: -8.55, Q: -2.41, K: 0.61, M: 25.00
Game finished: 0-1
Win rate: 10.58%, Loss rate: 83.10%, Draw rate: 6.32%
P: -8.21, N: -2.63, B: 1.39, R: -8.79, Q: -2.40, K: 0.61, M: 25.00
Game finished: 0-1
Win rate: 10.58%, Loss rate: 83.10%, Draw rate: 6.32%
P: -7.24, N: -2.43, B: 1.60, R: -8.50, Q: -2.55, K: 0.61, M: 25.00
Game finished: 0-1
Win rate: 10.58%, Loss rate: 83.11%, Draw rate: 6.32%
P: -9.70, N: -2.65, B: 1.24, R: -9.45, Q: -2.16, K: 0.61, M: 25.00
Game finished: 0-1
Win rate: 10.57%, Loss rate: 83.12%, Draw rate: 6.31%
P: -8.82, N: -2.73, B: 1.18, R: -9.32, Q: -2.00, K: 0.61, M: 25.00
Game finished: 0-1
Win rate: 10.57%, Loss rate: 83.12%, Draw rate: 6.31%
P: -6.82, N: -2.72, B: 1.00, R: -9.16, Q: -1.97, K: 0.61, M: 25.00
Game finished: 0-1
Win rate: 10.56%, Loss rate: 83.13%, Draw rate: 6.31%
P: -6.78, N: -2.87, B: 0.94, R: -9.38, Q: -2.15, K: 0.61, M: 25.00
Game finished: 0-1
Win rate: 10.56%, Loss rate: 83.13%, Draw rate: 6.31%
P: -7.06, N: -3.10, B: 0.55, R: -9.50, Q: -2.10, K: 0.61, M: 25.00
Game finished: 0-1
Win rate: 10.56%, Loss rate: 83.14%, Draw rate: 6.30%
P: -7.18, N: -3.28, B: 0.85, R: -9.58, Q: -2.32, K: 0.61, M: 25.00
Game finished: 0-1
Win rate: 10.55%, Loss rate: 83.15%, Draw rate: 6.30%
P: -6.11, N: -3.45, B: 1.14, R: -9.16, Q: -2.18, K: 0.61, M: 25.00
Game finished: 0-1
Win rate: 10.55%, Loss rate: 83.15%, Draw rate: 6.30%
P: -6.82, N: -3.60, B: 0.67, R: -9.68, Q: -2.61, K: 0.61, M: 25.00
Game finished: 0-1
Win rate: 10.54%, Loss rate: 83.16%, Draw rate: 6.30%
P: -5.70, N: -3.74, B: 1.01, R: -9.10, Q: -2.30, K: 0.61, M: 25.00
Game finished: 0-1
Win rate: 10.54%, Loss rate: 83.17%, Draw rate: 6.29%
P: -6.61, N: -3.60, B: 0.74, R: -9.35, Q: -2.44, K: 0.61, M: 25.00
Game finished: 0-1
Win rate: 10.54%, Loss rate: 83.17%, Draw rate: 6.29%
P: -6.05, N: -3.78, B: 1.04, R: -8.97, Q: -2.08, K: 0.61, M: 25.00
Game finished: 0-1
Win rate: 10.53%, Loss rate: 83.18%, Draw rate: 6.29%
P: -5.63, N: -3.76, B: 1.36, R: -8.86, Q: -2.19, K: 0.61, M: 25.00
Game finished: 0-1
Win rate: 10.53%, Loss rate: 83.18%, Draw rate: 6.29%
P: -7.63, N: -4.26, B: 1.19, R: -9.44, Q: -2.52, K: 0.61, M: 25.00
Game finished: 0-1
Win rate: 10.52%, Loss rate: 83.19%, Draw rate: 6.28%
P: -7.78, N: -4.38, B: 1.43, R: -9.12, Q: -2.27, K: 0.61, M: 25.00
Game finished: 0-1
Win rate: 10.52%, Loss rate: 83.20%, Draw rate: 6.28%
P: -8.51, N: -4.04, B: 1.20, R: -9.37, Q: -2.19, K: 0.61, M: 25.00
Game finished: 0-1
Win rate: 10.52%, Loss rate: 83.20%, Draw rate: 6.28%
P: -8.28, N: -4.14, B: 1.28, R: -9.45, Q: -2.58, K: 0.61, M: 25.00
Game finished: 0-1
Win rate: 10.51%, Loss rate: 83.21%, Draw rate: 6.28%
P: -8.87, N: -3.99, B: 0.41, R: -10.00, Q: -2.77, K: 0.61, M: 25.00
Game finished: 0-1
Win rate: 10.51%, Loss rate: 83.22%, Draw rate: 6.28%
P: -8.89, N: -3.86, B: 0.72, R: -9.98, Q: -2.68, K: 0.61, M: 25.00
Game finished: 0-1
Win rate: 10.50%, Loss rate: 83.22%, Draw rate: 6.27%
P: -9.75, N: -3.78, B: 0.73, R: -9.85, Q: -2.59, K: 0.61, M: 25.00
Game finished: 0-1
Win rate: 10.50%, Loss rate: 83.23%, Draw rate: 6.27%
P: -9.09, N: -3.88, B: 0.48, R: -10.14, Q: -2.44, K: 0.61, M: 25.00
Game finished: 0-1
Win rate: 10.50%, Loss rate: 83.23%, Draw rate: 6.27%
P: -7.00, N: -3.68, B: 0.97, R: -9.45, Q: -2.21, K: 0.61, M: 25.00
Game finished: 0-1
Win rate: 10.49%, Loss rate: 83.24%, Draw rate: 6.27%
P: -6.43, N: -3.64, B: 1.27, R: -9.04, Q: -1.75, K: 0.61, M: 25.00
Game finished: 0-1
Win rate: 10.49%, Loss rate: 83.25%, Draw rate: 6.26%
P: -7.02, N: -3.91, B: 1.24, R: -9.40, Q: -2.43, K: 0.61, M: 25.00
Game finished: 0-1
Win rate: 10.49%, Loss rate: 83.25%, Draw rate: 6.26%
P: -8.63, N: -4.00, B: 1.21, R: -9.78, Q: -2.59, K: 0.61, M: 25.00
Game finished: 0-1
Win rate: 10.48%, Loss rate: 83.26%, Draw rate: 6.26%
Epsilon: 0.0943
Results saved to mf2_results/results.csv
Epsilon history saved to mf2_epsilon/epsilon.csv
Elapsed time: 0:18:37
P: -7.20, N: -3.76, B: 1.66, R: -9.01, Q: -2.56, K: 0.61, M: 25.00
Game finished: 0-1
Win rate: 10.48%, Loss rate: 83.27%, Draw rate: 6.26%
P: -5.83, N: -4.40, B: 2.88, R: -8.93, Q: -2.62, K: 0.61, M: 25.00
Game finished: 0-1
Win rate: 10.47%, Loss rate: 83.27%, Draw rate: 6.25%
P: -7.31, N: -4.51, B: 2.49, R: -9.01, Q: -3.24, K: 0.61, M: 25.00
Game finished: 1-0
Win rate: 10.51%, Loss rate: 83.24%, Draw rate: 6.25%
P: -6.17, N: -4.12, B: 2.16, R: -8.65, Q: -3.00, K: 0.61, M: 25.00
Game finished: 0-1
Win rate: 10.50%, Loss rate: 83.25%, Draw rate: 6.25%
P: -9.39, N: -4.51, B: 1.45, R: -9.44, Q: -2.91, K: 0.61, M: 25.00
Game finished: 0-1
Win rate: 10.50%, Loss rate: 83.25%, Draw rate: 6.25%
P: -9.66, N: -4.76, B: 1.08, R: -9.66, Q: -2.88, K: 0.61, M: 25.00
Game finished: 0-1
Win rate: 10.50%, Loss rate: 83.26%, Draw rate: 6.25%
P: -8.85, N: -4.89, B: 1.07, R: -9.81, Q: -2.60, K: 0.61, M: 25.00
Game finished: 0-1
Win rate: 10.49%, Loss rate: 83.27%, Draw rate: 6.24%
P: -8.15, N: -4.17, B: 1.72, R: -8.68, Q: -2.26, K: 0.61, M: 25.00
Game finished: 0-1
Win rate: 10.49%, Loss rate: 83.27%, Draw rate: 6.24%
P: -7.78, N: -3.85, B: 1.80, R: -8.28, Q: -2.38, K: 0.61, M: 25.00
Game finished: 0-1
Win rate: 10.48%, Loss rate: 83.28%, Draw rate: 6.24%
P: -8.41, N: -3.70, B: 1.64, R: -8.50, Q: -2.63, K: 0.61, M: 25.00
Game finished: 0-1
Win rate: 10.48%, Loss rate: 83.28%, Draw rate: 6.24%
P: -8.73, N: -3.58, B: 1.42, R: -8.42, Q: -2.62, K: 0.61, M: 25.00
Game finished: 0-1
Win rate: 10.48%, Loss rate: 83.29%, Draw rate: 6.23%
P: -8.92, N: -3.57, B: 1.65, R: -7.95, Q: -2.65, K: 0.61, M: 25.00
Game finished: 0-1
Win rate: 10.47%, Loss rate: 83.30%, Draw rate: 6.23%
P: -8.90, N: -3.52, B: 1.72, R: -7.85, Q: -2.80, K: 0.61, M: 25.00
Game finished: 0-1
Win rate: 10.47%, Loss rate: 83.30%, Draw rate: 6.23%
P: -8.63, N: -3.25, B: 2.22, R: -7.88, Q: -2.89, K: 0.61, M: 25.00
Game finished: 0-1
Win rate: 10.46%, Loss rate: 83.31%, Draw rate: 6.23%
P: -7.86, N: -3.12, B: 2.18, R: -7.63, Q: -2.67, K: 0.61, M: 25.00
Game finished: 0-1
Win rate: 10.46%, Loss rate: 83.31%, Draw rate: 6.22%
P: -7.99, N: -2.81, B: 2.02, R: -7.51, Q: -2.81, K: 0.61, M: 25.00
Game finished: 1-0
Win rate: 10.49%, Loss rate: 83.28%, Draw rate: 6.22%
P: -7.44, N: -2.64, B: 1.72, R: -7.53, Q: -2.96, K: 0.61, M: 25.00
Game finished: 0-1
Win rate: 10.49%, Loss rate: 83.29%, Draw rate: 6.22%
P: -6.84, N: -2.53, B: 1.50, R: -7.57, Q: -3.08, K: 0.61, M: 25.00
Game finished: 0-1
Win rate: 10.49%, Loss rate: 83.30%, Draw rate: 6.22%
P: -6.85, N: -2.48, B: 1.57, R: -7.50, Q: -3.15, K: 0.61, M: 25.00
Game finished: 1/2-1/2
Win rate: 10.48%, Loss rate: 83.27%, Draw rate: 6.25%
P: -9.16, N: -2.47, B: 0.61, R: -8.47, Q: -2.55, K: 0.61, M: 25.00
Game finished: 0-1
Win rate: 10.48%, Loss rate: 83.27%, Draw rate: 6.25%
P: -9.19, N: -2.47, B: 0.90, R: -8.35, Q: -2.36, K: 0.61, M: 25.00
Game finished: 1/2-1/2
Win rate: 10.47%, Loss rate: 83.24%, Draw rate: 6.28%
P: -7.80, N: -2.38, B: 1.04, R: -7.99, Q: -2.36, K: 0.61, M: 25.00
Game finished: 0-1
Win rate: 10.47%, Loss rate: 83.25%, Draw rate: 6.28%
P: -7.11, N: -2.46, B: 0.70, R: -7.64, Q: -2.36, K: 0.61, M: 25.00
Game finished: 0-1
Win rate: 10.47%, Loss rate: 83.25%, Draw rate: 6.28%
P: -7.30, N: -2.55, B: 0.22, R: -8.16, Q: -2.59, K: 0.61, M: 25.00
Game finished: 0-1
Win rate: 10.46%, Loss rate: 83.26%, Draw rate: 6.28%
P: -7.31, N: -2.18, B: 0.39, R: -8.07, Q: -3.12, K: 0.61, M: 25.00
Game finished: 0-1
Win rate: 10.46%, Loss rate: 83.27%, Draw rate: 6.28%
P: -6.92, N: -2.28, B: 0.54, R: -8.16, Q: -3.24, K: 0.61, M: 25.00
Game finished: 0-1
Win rate: 10.45%, Loss rate: 83.27%, Draw rate: 6.27%
P: -7.23, N: -2.00, B: -0.11, R: -8.08, Q: -3.21, K: 0.61, M: 25.00
Game finished: 0-1
Win rate: 10.45%, Loss rate: 83.28%, Draw rate: 6.27%
P: -7.61, N: -2.11, B: -0.13, R: -8.20, Q: -2.99, K: 0.61, M: 25.00
Game finished: 0-1
Win rate: 10.45%, Loss rate: 83.28%, Draw rate: 6.27%
P: -9.00, N: -2.22, B: -0.05, R: -8.62, Q: -3.08, K: 0.61, M: 25.00
Game finished: 0-1
Win rate: 10.44%, Loss rate: 83.29%, Draw rate: 6.27%
P: -7.75, N: -1.94, B: 0.80, R: -8.51, Q: -2.30, K: 0.61, M: 25.00
Game finished: 0-1
Win rate: 10.44%, Loss rate: 83.30%, Draw rate: 6.26%
P: -8.12, N: -2.00, B: 0.85, R: -8.73, Q: -2.22, K: 0.61, M: 25.00
Game finished: 0-1
Win rate: 10.44%, Loss rate: 83.30%, Draw rate: 6.26%
P: -7.75, N: -2.13, B: 0.90, R: -8.68, Q: -2.30, K: 0.61, M: 25.00
Game finished: 0-1
Win rate: 10.43%, Loss rate: 83.31%, Draw rate: 6.26%
P: -7.49, N: -2.07, B: 0.70, R: -8.65, Q: -2.43, K: 0.61, M: 25.00
Game finished: 0-1
Win rate: 10.43%, Loss rate: 83.32%, Draw rate: 6.26%
P: -7.03, N: -2.13, B: 0.67, R: -8.48, Q: -2.52, K: 0.61, M: 25.00
Game finished: 0-1
Win rate: 10.42%, Loss rate: 83.32%, Draw rate: 6.25%
P: -7.95, N: -2.36, B: 0.55, R: -8.73, Q: -2.62, K: 0.61, M: 25.00
Game finished: 0-1
Win rate: 10.42%, Loss rate: 83.33%, Draw rate: 6.25%
P: -7.64, N: -2.02, B: 0.64, R: -8.85, Q: -2.87, K: 0.61, M: 25.00
Game finished: 0-1
Win rate: 10.42%, Loss rate: 83.33%, Draw rate: 6.25%
P: -8.29, N: -2.19, B: 0.60, R: -8.94, Q: -2.79, K: 0.61, M: 25.00
Game finished: 0-1
Win rate: 10.41%, Loss rate: 83.34%, Draw rate: 6.25%
P: -8.50, N: -2.22, B: 0.61, R: -8.70, Q: -2.65, K: 0.61, M: 25.00
Game finished: 0-1
Win rate: 10.41%, Loss rate: 83.35%, Draw rate: 6.25%
P: -7.48, N: -2.42, B: 0.77, R: -8.05, Q: -2.70, K: 0.61, M: 25.00
Game finished: 0-1
Win rate: 10.41%, Loss rate: 83.35%, Draw rate: 6.24%
P: -7.69, N: -2.49, B: 0.89, R: -7.96, Q: -2.72, K: 0.61, M: 25.00
Game finished: 0-1
Win rate: 10.40%, Loss rate: 83.36%, Draw rate: 6.24%
P: -7.64, N: -2.50, B: 1.14, R: -7.73, Q: -3.48, K: 0.61, M: 25.00
Game finished: 0-1
Win rate: 10.40%, Loss rate: 83.36%, Draw rate: 6.24%
P: -7.89, N: -2.64, B: 0.86, R: -7.99, Q: -3.28, K: 0.61, M: 25.00
Game finished: 1/2-1/2
Win rate: 10.39%, Loss rate: 83.33%, Draw rate: 6.27%
P: -7.47, N: -2.81, B: 0.86, R: -7.74, Q: -3.23, K: 0.61, M: 25.00
Game finished: 0-1
Win rate: 10.39%, Loss rate: 83.34%, Draw rate: 6.27%
P: -10.55, N: -2.98, B: -0.23, R: -9.11, Q: -2.91, K: 0.61, M: 25.00
Game finished: 1-0
Win rate: 10.42%, Loss rate: 83.31%, Draw rate: 6.27%
P: -9.56, N: -2.53, B: -0.30, R: -8.65, Q: -2.84, K: 0.61, M: 25.00
Game finished: 0-1
Win rate: 10.42%, Loss rate: 83.32%, Draw rate: 6.27%
P: -8.07, N: -2.92, B: -0.04, R: -8.01, Q: -2.58, K: 0.61, M: 25.00
Game finished: 0-1
Win rate: 10.42%, Loss rate: 83.32%, Draw rate: 6.26%
P: -6.86, N: -2.92, B: 0.30, R: -7.39, Q: -2.62, K: 0.61, M: 25.00
Game finished: 0-1
Win rate: 10.41%, Loss rate: 83.33%, Draw rate: 6.26%
P: -6.29, N: -2.62, B: 0.26, R: -7.11, Q: -2.50, K: 0.61, M: 25.00
Game finished: 0-1
Win rate: 10.41%, Loss rate: 83.33%, Draw rate: 6.26%
P: -6.97, N: -2.74, B: -0.30, R: -7.73, Q: -2.82, K: 0.61, M: 25.00
Game finished: 1/2-1/2
Win rate: 10.40%, Loss rate: 83.30%, Draw rate: 6.29%
P: -8.07, N: -2.97, B: -0.36, R: -8.20, Q: -2.99, K: 0.61, M: 25.00
Game finished: 0-1
Win rate: 10.40%, Loss rate: 83.31%, Draw rate: 6.29%
P: -8.73, N: -3.01, B: -0.49, R: -8.55, Q: -3.00, K: 0.61, M: 25.00
Game finished: 0-1
Win rate: 10.40%, Loss rate: 83.32%, Draw rate: 6.29%
P: -5.89, N: -2.54, B: -0.45, R: -7.45, Q: -2.70, K: 0.61, M: 25.00
Game finished: 1/2-1/2
Win rate: 10.39%, Loss rate: 83.28%, Draw rate: 6.32%
P: -4.99, N: -2.41, B: -0.44, R: -7.26, Q: -2.78, K: 0.61, M: 25.00
Game finished: 0-1
Win rate: 10.39%, Loss rate: 83.29%, Draw rate: 6.32%
P: -6.08, N: -2.50, B: -0.35, R: -7.24, Q: -3.44, K: 0.61, M: 25.00
Game finished: 1-0
Win rate: 10.42%, Loss rate: 83.26%, Draw rate: 6.32%
P: -7.56, N: -2.91, B: -0.47, R: -7.58, Q: -3.96, K: 0.61, M: 25.00
Game finished: 0-1
Win rate: 10.42%, Loss rate: 83.27%, Draw rate: 6.32%
P: -8.14, N: -3.33, B: -0.84, R: -7.73, Q: -3.71, K: 0.61, M: 25.00
Game finished: 0-1
Win rate: 10.41%, Loss rate: 83.27%, Draw rate: 6.31%
P: -6.55, N: -3.05, B: -0.81, R: -6.98, Q: -3.39, K: 0.61, M: 25.00
Game finished: 0-1
Win rate: 10.41%, Loss rate: 83.28%, Draw rate: 6.31%
P: -7.32, N: -3.09, B: -0.58, R: -6.95, Q: -3.47, K: 0.61, M: 25.00
Game finished: 0-1
Win rate: 10.41%, Loss rate: 83.28%, Draw rate: 6.31%
P: -8.45, N: -2.96, B: -0.68, R: -7.52, Q: -3.62, K: 0.61, M: 25.00
Game finished: 0-1
Win rate: 10.40%, Loss rate: 83.29%, Draw rate: 6.31%
P: -8.88, N: -2.92, B: -0.92, R: -7.65, Q: -3.70, K: 0.61, M: 25.00
Game finished: 0-1
Win rate: 10.40%, Loss rate: 83.30%, Draw rate: 6.30%
P: -9.30, N: -2.40, B: -1.16, R: -7.44, Q: -2.97, K: 0.61, M: 25.00
Game finished: 0-1
Win rate: 10.39%, Loss rate: 83.30%, Draw rate: 6.30%
P: -8.96, N: -3.00, B: -1.14, R: -7.25, Q: -2.96, K: 0.61, M: 25.00
Game finished: 0-1
Win rate: 10.39%, Loss rate: 83.31%, Draw rate: 6.30%
P: -9.13, N: -3.04, B: -1.13, R: -7.35, Q: -3.00, K: 0.61, M: 25.00
Game finished: 0-1
Win rate: 10.39%, Loss rate: 83.32%, Draw rate: 6.30%
P: -9.71, N: -3.09, B: -1.49, R: -7.39, Q: -2.99, K: 0.61, M: 25.00
Game finished: 0-1
Win rate: 10.38%, Loss rate: 83.32%, Draw rate: 6.30%
P: -7.96, N: -3.10, B: -1.14, R: -7.02, Q: -3.08, K: 0.61, M: 25.00
Game finished: 0-1
Win rate: 10.38%, Loss rate: 83.33%, Draw rate: 6.29%
P: -8.18, N: -3.03, B: -1.22, R: -7.20, Q: -2.86, K: 0.61, M: 25.00
Game finished: 0-1
Win rate: 10.38%, Loss rate: 83.33%, Draw rate: 6.29%
P: -8.91, N: -3.48, B: -0.92, R: -7.57, Q: -3.14, K: 0.61, M: 25.00
Game finished: 1/2-1/2
Win rate: 10.37%, Loss rate: 83.30%, Draw rate: 6.32%
P: -9.10, N: -3.63, B: -0.52, R: -7.74, Q: -3.15, K: 0.61, M: 25.00
Game finished: 0-1
Win rate: 10.37%, Loss rate: 83.31%, Draw rate: 6.32%
P: -9.51, N: -3.64, B: -0.58, R: -7.75, Q: -3.17, K: 0.61, M: 25.00
Game finished: 0-1
Win rate: 10.36%, Loss rate: 83.32%, Draw rate: 6.32%
P: -9.05, N: -3.75, B: -0.43, R: -7.54, Q: -2.98, K: 0.61, M: 25.00
Game finished: 0-1
Win rate: 10.36%, Loss rate: 83.32%, Draw rate: 6.32%
P: -8.69, N: -3.91, B: -0.30, R: -7.32, Q: -3.03, K: 0.61, M: 25.00
Game finished: 0-1
Win rate: 10.36%, Loss rate: 83.33%, Draw rate: 6.32%
P: -8.44, N: -3.95, B: -0.16, R: -7.22, Q: -3.16, K: 0.61, M: 25.00
Game finished: 0-1
Win rate: 10.35%, Loss rate: 83.33%, Draw rate: 6.31%
P: -8.34, N: -3.98, B: -0.60, R: -7.51, Q: -3.28, K: 0.61, M: 25.00
Game finished: 0-1
Win rate: 10.35%, Loss rate: 83.34%, Draw rate: 6.31%
P: -7.79, N: -3.83, B: -0.21, R: -7.42, Q: -3.16, K: 0.61, M: 25.00
Game finished: 0-1
Win rate: 10.35%, Loss rate: 83.35%, Draw rate: 6.31%
P: -8.42, N: -4.28, B: -0.88, R: -8.00, Q: -3.80, K: 0.61, M: 25.00
Game finished: 1-0
Win rate: 10.38%, Loss rate: 83.32%, Draw rate: 6.31%
P: -6.36, N: -4.20, B: -1.07, R: -7.58, Q: -4.12, K: 0.61, M: 25.00
Game finished: 0-1
Win rate: 10.37%, Loss rate: 83.32%, Draw rate: 6.30%
P: -6.94, N: -4.12, B: -1.12, R: -7.93, Q: -4.27, K: 0.61, M: 25.00
Game finished: 0-1
Win rate: 10.37%, Loss rate: 83.33%, Draw rate: 6.30%
P: -8.04, N: -4.12, B: -1.36, R: -8.24, Q: -4.75, K: 0.61, M: 25.00
Game finished: 0-1
Win rate: 10.37%, Loss rate: 83.33%, Draw rate: 6.30%
P: -8.48, N: -4.11, B: -1.17, R: -8.13, Q: -4.63, K: 0.61, M: 25.00
Game finished: 0-1
Win rate: 10.36%, Loss rate: 83.34%, Draw rate: 6.30%
P: -8.51, N: -4.37, B: -0.39, R: -7.58, Q: -4.27, K: 0.61, M: 25.00
Game finished: 1-0
Win rate: 10.40%, Loss rate: 83.31%, Draw rate: 6.29%
P: -8.17, N: -4.47, B: -0.51, R: -7.47, Q: -4.19, K: 0.61, M: 25.00
Game finished: 0-1
Win rate: 10.39%, Loss rate: 83.32%, Draw rate: 6.29%
P: -8.97, N: -4.35, B: -0.10, R: -7.70, Q: -4.42, K: 0.61, M: 25.00
Game finished: 0-1
Win rate: 10.39%, Loss rate: 83.32%, Draw rate: 6.29%
P: -7.90, N: -4.22, B: 0.07, R: -7.33, Q: -4.25, K: 0.61, M: 25.00
Game finished: 0-1
Win rate: 10.38%, Loss rate: 83.33%, Draw rate: 6.29%
P: -8.51, N: -4.17, B: -0.27, R: -8.10, Q: -3.92, K: 0.61, M: 25.00
Game finished: 0-1
Win rate: 10.38%, Loss rate: 83.33%, Draw rate: 6.29%
P: -8.09, N: -4.05, B: -0.24, R: -8.13, Q: -3.87, K: 0.61, M: 25.00
Game finished: 0-1
Win rate: 10.38%, Loss rate: 83.34%, Draw rate: 6.28%
P: -9.37, N: -4.11, B: -0.83, R: -8.16, Q: -4.63, K: 0.61, M: 25.00
Game finished: 0-1
Win rate: 10.37%, Loss rate: 83.35%, Draw rate: 6.28%
P: -9.95, N: -4.01, B: -1.20, R: -8.61, Q: -4.60, K: 0.61, M: 25.00
Game finished: 1/2-1/2
Win rate: 10.37%, Loss rate: 83.32%, Draw rate: 6.32%
P: -9.91, N: -3.82, B: -1.08, R: -8.41, Q: -4.47, K: 0.61, M: 25.00
Game finished: 0-1
Win rate: 10.37%, Loss rate: 83.32%, Draw rate: 6.31%
P: -9.83, N: -3.90, B: -1.31, R: -8.43, Q: -4.14, K: 0.61, M: 25.00
Game finished: 0-1
Win rate: 10.36%, Loss rate: 83.33%, Draw rate: 6.31%
P: -8.04, N: -3.04, B: 0.48, R: -8.19, Q: -3.73, K: 0.61, M: 25.00
Game finished: 0-1
Win rate: 10.36%, Loss rate: 83.33%, Draw rate: 6.31%
P: -8.43, N: -3.07, B: 0.67, R: -8.07, Q: -3.74, K: 0.61, M: 25.00
Game finished: 0-1
Win rate: 10.35%, Loss rate: 83.34%, Draw rate: 6.31%
P: -8.90, N: -3.10, B: 0.58, R: -8.24, Q: -3.70, K: 0.61, M: 25.00
Game finished: 0-1
Win rate: 10.35%, Loss rate: 83.35%, Draw rate: 6.30%
P: -6.64, N: -3.28, B: 0.81, R: -7.27, Q: -3.52, K: 0.61, M: 25.00
Game finished: 0-1
Win rate: 10.35%, Loss rate: 83.35%, Draw rate: 6.30%
P: -6.47, N: -3.32, B: 0.77, R: -7.00, Q: -3.37, K: 0.61, M: 25.00
Game finished: 1-0
Win rate: 10.38%, Loss rate: 83.32%, Draw rate: 6.30%
P: -6.56, N: -3.45, B: 0.77, R: -7.05, Q: -3.30, K: 0.61, M: 25.00
Game finished: 0-1
Win rate: 10.38%, Loss rate: 83.33%, Draw rate: 6.30%
P: -7.57, N: -3.78, B: 0.66, R: -7.46, Q: -3.71, K: 0.61, M: 25.00
Game finished: 0-1
Win rate: 10.37%, Loss rate: 83.33%, Draw rate: 6.29%
P: -7.69, N: -3.44, B: 0.40, R: -7.60, Q: -3.47, K: 0.61, M: 25.00
Game finished: 0-1
Win rate: 10.37%, Loss rate: 83.34%, Draw rate: 6.29%
P: -7.65, N: -3.43, B: 0.34, R: -7.78, Q: -3.52, K: 0.61, M: 25.00
Game finished: 0-1
Win rate: 10.36%, Loss rate: 83.35%, Draw rate: 6.29%
P: -8.45, N: -3.54, B: 0.06, R: -8.32, Q: -3.58, K: 0.61, M: 25.00
Game finished: 0-1
Win rate: 10.36%, Loss rate: 83.35%, Draw rate: 6.29%
P: -7.85, N: -3.47, B: 1.11, R: -7.51, Q: -3.96, K: 0.61, M: 25.00
Game finished: 0-1
Win rate: 10.36%, Loss rate: 83.36%, Draw rate: 6.29%
Epsilon: 0.0942
Results saved to mf2_results/results.csv
Epsilon history saved to mf2_epsilon/epsilon.csv
Elapsed time: 0:19:24
P: -7.95, N: -3.69, B: 0.83, R: -7.86, Q: -4.03, K: 0.61, M: 25.00
Game finished: 0-1
Win rate: 10.35%, Loss rate: 83.36%, Draw rate: 6.28%
P: -8.02, N: -3.37, B: 0.82, R: -7.14, Q: -3.70, K: 0.61, M: 25.00
Game finished: 0-1
Win rate: 10.35%, Loss rate: 83.37%, Draw rate: 6.28%
P: -8.28, N: -3.30, B: 0.43, R: -7.13, Q: -3.76, K: 0.61, M: 25.00
Game finished: 0-1
Win rate: 10.35%, Loss rate: 83.37%, Draw rate: 6.28%
P: -7.94, N: -3.11, B: 0.83, R: -6.91, Q: -3.91, K: 0.61, M: 25.00
Game finished: 0-1
Win rate: 10.34%, Loss rate: 83.38%, Draw rate: 6.28%
P: -8.01, N: -3.22, B: 0.60, R: -7.13, Q: -3.90, K: 0.61, M: 25.00
Game finished: 1-0
Win rate: 10.37%, Loss rate: 83.35%, Draw rate: 6.27%
P: -7.31, N: -3.18, B: 0.95, R: -6.58, Q: -3.73, K: 0.61, M: 25.00
Game finished: 0-1
Win rate: 10.37%, Loss rate: 83.36%, Draw rate: 6.27%
P: -8.69, N: -3.47, B: 0.88, R: -6.69, Q: -4.22, K: 0.61, M: 25.00
Game finished: 0-1
Win rate: 10.37%, Loss rate: 83.36%, Draw rate: 6.27%
P: -9.40, N: -3.62, B: 0.62, R: -6.89, Q: -4.23, K: 0.61, M: 25.00
Game finished: 0-1
Win rate: 10.36%, Loss rate: 83.37%, Draw rate: 6.27%
P: -9.29, N: -3.49, B: 0.44, R: -6.85, Q: -4.02, K: 0.61, M: 25.00
Game finished: 1-0
Win rate: 10.40%, Loss rate: 83.34%, Draw rate: 6.27%
P: -8.81, N: -3.66, B: 0.89, R: -6.86, Q: -4.02, K: 0.61, M: 25.00
Game finished: 1-0
Win rate: 10.43%, Loss rate: 83.31%, Draw rate: 6.26%
P: -8.40, N: -3.70, B: 1.18, R: -6.96, Q: -4.06, K: 0.61, M: 25.00
Game finished: 0-1
Win rate: 10.42%, Loss rate: 83.32%, Draw rate: 6.26%
P: -7.87, N: -3.63, B: 1.24, R: -6.80, Q: -3.98, K: 0.61, M: 25.00
Game finished: 0-1
Win rate: 10.42%, Loss rate: 83.32%, Draw rate: 6.26%
P: -7.58, N: -3.75, B: 1.36, R: -6.72, Q: -3.84, K: 0.61, M: 25.00
Game finished: 0-1
Win rate: 10.42%, Loss rate: 83.33%, Draw rate: 6.26%
P: -6.43, N: -3.40, B: 1.71, R: -6.25, Q: -3.66, K: 0.61, M: 25.00
Game finished: 0-1
Win rate: 10.41%, Loss rate: 83.33%, Draw rate: 6.25%
P: -6.39, N: -3.23, B: 1.90, R: -6.20, Q: -3.77, K: 0.61, M: 25.00
Game finished: 0-1
Win rate: 10.41%, Loss rate: 83.34%, Draw rate: 6.25%
P: -7.81, N: -3.37, B: 1.63, R: -7.20, Q: -4.62, K: 0.61, M: 25.00
Game finished: 0-1
Win rate: 10.40%, Loss rate: 83.35%, Draw rate: 6.25%
P: -7.94, N: -3.21, B: 1.98, R: -7.01, Q: -4.57, K: 0.61, M: 25.00
Game finished: 0-1
Win rate: 10.40%, Loss rate: 83.35%, Draw rate: 6.25%
P: -8.08, N: -3.64, B: 1.97, R: -7.42, Q: -4.84, K: 0.61, M: 25.00
Game finished: 1-0
Win rate: 10.43%, Loss rate: 83.32%, Draw rate: 6.25%
P: -8.34, N: -3.71, B: 1.60, R: -7.81, Q: -5.09, K: 0.61, M: 25.00
Game finished: 1/2-1/2
Win rate: 10.43%, Loss rate: 83.29%, Draw rate: 6.28%
P: -9.53, N: -4.00, B: 1.33, R: -8.32, Q: -5.23, K: 0.61, M: 25.00
Game finished: 0-1
Win rate: 10.43%, Loss rate: 83.30%, Draw rate: 6.28%
P: -10.74, N: -4.12, B: 1.36, R: -8.58, Q: -5.11, K: 0.61, M: 25.00
Game finished: 0-1
Win rate: 10.42%, Loss rate: 83.30%, Draw rate: 6.27%
P: -11.35, N: -4.09, B: 1.23, R: -8.69, Q: -5.18, K: 0.61, M: 25.00
Game finished: 1-0
Win rate: 10.45%, Loss rate: 83.27%, Draw rate: 6.27%
P: -7.58, N: -2.87, B: 1.87, R: -7.48, Q: -4.48, K: 0.61, M: 25.00
Game finished: 0-1
Win rate: 10.45%, Loss rate: 83.28%, Draw rate: 6.27%
P: -7.29, N: -3.05, B: 1.81, R: -7.38, Q: -4.25, K: 0.61, M: 25.00
Game finished: 0-1
Win rate: 10.45%, Loss rate: 83.29%, Draw rate: 6.27%
P: -7.49, N: -3.50, B: 1.89, R: -7.35, Q: -4.19, K: 0.61, M: 25.00
Game finished: 0-1
Win rate: 10.44%, Loss rate: 83.29%, Draw rate: 6.27%
P: -7.47, N: -3.51, B: 1.88, R: -7.46, Q: -3.97, K: 0.61, M: 25.00
Game finished: 0-1
Win rate: 10.44%, Loss rate: 83.30%, Draw rate: 6.26%
P: -7.06, N: -3.08, B: 1.97, R: -6.96, Q: -3.78, K: 0.61, M: 25.00
Game finished: 1-0
Win rate: 10.47%, Loss rate: 83.27%, Draw rate: 6.26%
P: -8.90, N: -3.35, B: 0.97, R: -7.33, Q: -3.73, K: 0.61, M: 25.00
Game finished: 1-0
Win rate: 10.50%, Loss rate: 83.24%, Draw rate: 6.26%
P: -9.44, N: -3.46, B: 0.69, R: -7.45, Q: -4.05, K: 0.61, M: 25.00
Game finished: 0-1
Win rate: 10.50%, Loss rate: 83.24%, Draw rate: 6.26%
P: -9.63, N: -3.25, B: 0.63, R: -7.61, Q: -3.90, K: 0.61, M: 25.00
Game finished: 0-1
Win rate: 10.49%, Loss rate: 83.25%, Draw rate: 6.25%
P: -9.67, N: -3.45, B: 1.46, R: -7.35, Q: -3.46, K: 0.61, M: 25.00
Game finished: 0-1
Win rate: 10.49%, Loss rate: 83.26%, Draw rate: 6.25%
P: -9.93, N: -3.36, B: 2.02, R: -7.66, Q: -2.89, K: 0.61, M: 25.00
Game finished: 0-1
Win rate: 10.49%, Loss rate: 83.26%, Draw rate: 6.25%
P: -10.17, N: -3.43, B: 1.93, R: -7.41, Q: -2.56, K: 0.61, M: 25.00
Game finished: 0-1
Win rate: 10.48%, Loss rate: 83.27%, Draw rate: 6.25%
P: -10.59, N: -3.54, B: 1.51, R: -7.40, Q: -2.78, K: 0.61, M: 24.76
Game finished: 1-0
Win rate: 10.52%, Loss rate: 83.24%, Draw rate: 6.25%
P: -10.13, N: -3.67, B: 1.67, R: -7.41, Q: -2.57, K: 0.61, M: 24.76
Game finished: 0-1
Win rate: 10.51%, Loss rate: 83.25%, Draw rate: 6.24%
P: -10.03, N: -3.68, B: 1.82, R: -7.02, Q: -2.28, K: 0.61, M: 24.77
Game finished: 0-1
Win rate: 10.51%, Loss rate: 83.25%, Draw rate: 6.24%
P: -9.26, N: -3.44, B: 2.16, R: -6.81, Q: -2.13, K: 0.61, M: 24.78
Game finished: 0-1
Win rate: 10.50%, Loss rate: 83.26%, Draw rate: 6.24%
P: -9.80, N: -3.54, B: 2.11, R: -7.12, Q: -2.36, K: 0.61, M: 24.79
Game finished: 0-1
Win rate: 10.50%, Loss rate: 83.26%, Draw rate: 6.24%
P: -9.91, N: -3.66, B: 1.88, R: -6.84, Q: -2.44, K: 0.61, M: 24.80
Game finished: 0-1
Win rate: 10.50%, Loss rate: 83.27%, Draw rate: 6.23%
P: -9.95, N: -3.31, B: 1.84, R: -6.93, Q: -2.32, K: 0.61, M: 24.80
Game finished: 0-1
Win rate: 10.49%, Loss rate: 83.27%, Draw rate: 6.23%
P: -9.78, N: -3.16, B: 1.58, R: -6.77, Q: -2.44, K: 0.61, M: 24.50
Game finished: 0-1
Win rate: 10.49%, Loss rate: 83.28%, Draw rate: 6.23%
P: -9.18, N: -3.58, B: 1.85, R: -6.93, Q: -2.56, K: 0.61, M: 24.50
Game finished: 0-1
Win rate: 10.49%, Loss rate: 83.29%, Draw rate: 6.23%
P: -8.50, N: -3.43, B: 2.05, R: -6.77, Q: -2.36, K: 0.61, M: 24.50
Game finished: 0-1
Win rate: 10.48%, Loss rate: 83.29%, Draw rate: 6.23%
P: -9.05, N: -3.41, B: 2.31, R: -7.05, Q: -2.04, K: 0.61, M: 24.52
Game finished: 0-1
Win rate: 10.48%, Loss rate: 83.30%, Draw rate: 6.22%
P: -10.03, N: -3.11, B: 2.66, R: -7.29, Q: -2.32, K: 0.61, M: 24.54
Game finished: 0-1
Win rate: 10.47%, Loss rate: 83.30%, Draw rate: 6.22%
P: -8.50, N: -3.21, B: 2.68, R: -6.85, Q: -2.14, K: 0.61, M: 24.55
Game finished: 0-1
Win rate: 10.47%, Loss rate: 83.31%, Draw rate: 6.22%
P: -9.01, N: -3.49, B: 2.80, R: -7.41, Q: -2.31, K: 0.61, M: 24.55
Game finished: 0-1
Win rate: 10.47%, Loss rate: 83.32%, Draw rate: 6.22%
P: -9.01, N: -3.53, B: 2.93, R: -7.20, Q: -2.18, K: 0.61, M: 24.56
Game finished: 0-1
Win rate: 10.46%, Loss rate: 83.32%, Draw rate: 6.21%
P: -9.83, N: -3.55, B: 2.69, R: -7.27, Q: -2.06, K: 0.61, M: 24.56
Game finished: 0-1
Win rate: 10.46%, Loss rate: 83.33%, Draw rate: 6.21%
P: -10.28, N: -3.96, B: 2.81, R: -7.63, Q: -2.12, K: 0.61, M: 24.56
Game finished: 0-1
Win rate: 10.46%, Loss rate: 83.33%, Draw rate: 6.21%
P: -9.40, N: -3.67, B: 2.97, R: -7.23, Q: -1.82, K: 0.61, M: 24.57
Game finished: 0-1
Win rate: 10.45%, Loss rate: 83.34%, Draw rate: 6.21%
P: -9.32, N: -3.83, B: 2.97, R: -7.24, Q: -1.73, K: 0.61, M: 24.57
Game finished: 0-1
Win rate: 10.45%, Loss rate: 83.35%, Draw rate: 6.21%
P: -9.42, N: -3.78, B: 2.85, R: -6.69, Q: -1.30, K: 0.61, M: 24.57
Game finished: 0-1
Win rate: 10.45%, Loss rate: 83.35%, Draw rate: 6.20%
P: -9.70, N: -3.49, B: 2.50, R: -6.87, Q: -1.09, K: 0.61, M: 24.58
Game finished: 0-1
Win rate: 10.44%, Loss rate: 83.36%, Draw rate: 6.20%
P: -7.63, N: -3.20, B: 2.83, R: -6.35, Q: -1.04, K: 0.61, M: 24.58
Game finished: 0-1
Win rate: 10.44%, Loss rate: 83.36%, Draw rate: 6.20%
P: -7.61, N: -3.19, B: 2.59, R: -5.88, Q: -0.66, K: 0.61, M: 24.58
Game finished: 0-1
Win rate: 10.43%, Loss rate: 83.37%, Draw rate: 6.20%
P: -8.14, N: -3.06, B: 2.90, R: -5.73, Q: -0.80, K: 0.61, M: 24.59
Game finished: 0-1
Win rate: 10.43%, Loss rate: 83.37%, Draw rate: 6.20%
P: -9.88, N: -3.83, B: 1.75, R: -6.30, Q: -2.33, K: 0.61, M: 24.63
Game finished: 0-1
Win rate: 10.43%, Loss rate: 83.38%, Draw rate: 6.19%
P: -11.02, N: -3.85, B: 1.14, R: -6.80, Q: -2.26, K: 0.61, M: 24.64
Game finished: 0-1
Win rate: 10.42%, Loss rate: 83.39%, Draw rate: 6.19%
P: -11.14, N: -3.71, B: 1.01, R: -6.93, Q: -2.22, K: 0.61, M: 24.65
Game finished: 1/2-1/2
Win rate: 10.42%, Loss rate: 83.36%, Draw rate: 6.22%
P: -9.55, N: -3.06, B: 1.42, R: -5.99, Q: -2.08, K: 0.61, M: 24.65
Game finished: 0-1
Win rate: 10.42%, Loss rate: 83.36%, Draw rate: 6.22%
P: -9.66, N: -3.09, B: 1.01, R: -5.93, Q: -2.34, K: 0.61, M: 24.66
Game finished: 0-1
Win rate: 10.41%, Loss rate: 83.37%, Draw rate: 6.22%
P: -10.08, N: -3.34, B: 0.79, R: -6.41, Q: -3.11, K: 0.61, M: 25.00
Game finished: 0-1
Win rate: 10.41%, Loss rate: 83.37%, Draw rate: 6.22%
P: -8.24, N: -3.45, B: 0.83, R: -5.73, Q: -2.78, K: 0.61, M: 25.00
Game finished: 0-1
Win rate: 10.41%, Loss rate: 83.38%, Draw rate: 6.22%
P: -8.41, N: -3.43, B: 0.70, R: -6.27, Q: -3.12, K: 0.61, M: 25.00
Game finished: 0-1
Win rate: 10.40%, Loss rate: 83.39%, Draw rate: 6.21%
P: -8.28, N: -3.46, B: 0.64, R: -6.61, Q: -3.26, K: 0.61, M: 25.00
Game finished: 0-1
Win rate: 10.40%, Loss rate: 83.39%, Draw rate: 6.21%
P: -8.20, N: -3.72, B: 0.31, R: -7.00, Q: -3.27, K: 0.61, M: 25.00
Game finished: 0-1
Win rate: 10.39%, Loss rate: 83.40%, Draw rate: 6.21%
P: -8.46, N: -3.51, B: -0.01, R: -7.45, Q: -3.62, K: 0.61, M: 25.00
Game finished: 0-1
Win rate: 10.39%, Loss rate: 83.40%, Draw rate: 6.21%
P: -9.17, N: -3.84, B: -0.54, R: -7.84, Q: -3.62, K: 0.61, M: 25.00
Game finished: 0-1
Win rate: 10.39%, Loss rate: 83.41%, Draw rate: 6.20%
P: -9.28, N: -4.02, B: -0.88, R: -7.94, Q: -3.66, K: 0.61, M: 25.00
Game finished: 0-1
Win rate: 10.38%, Loss rate: 83.41%, Draw rate: 6.20%
P: -6.94, N: -4.14, B: -0.83, R: -7.63, Q: -3.67, K: 0.61, M: 25.00
Game finished: 0-1
Win rate: 10.38%, Loss rate: 83.42%, Draw rate: 6.20%
P: -8.09, N: -4.45, B: -1.22, R: -7.91, Q: -3.74, K: 0.61, M: 25.00
Game finished: 1/2-1/2
Win rate: 10.38%, Loss rate: 83.39%, Draw rate: 6.23%
P: -7.76, N: -4.30, B: -1.71, R: -7.94, Q: -3.73, K: 0.61, M: 25.00
Game finished: 0-1
Win rate: 10.37%, Loss rate: 83.40%, Draw rate: 6.23%
P: -7.91, N: -4.37, B: -1.50, R: -8.34, Q: -4.57, K: 0.61, M: 25.00
Game finished: 0-1
Win rate: 10.37%, Loss rate: 83.40%, Draw rate: 6.23%
P: -7.94, N: -4.20, B: -1.40, R: -8.46, Q: -4.57, K: 0.61, M: 25.00
Game finished: 0-1
Win rate: 10.37%, Loss rate: 83.41%, Draw rate: 6.23%
P: -7.29, N: -4.29, B: -1.60, R: -8.71, Q: -4.41, K: 0.61, M: 25.00
Game finished: 0-1
Win rate: 10.36%, Loss rate: 83.41%, Draw rate: 6.22%
P: -6.75, N: -4.29, B: -1.31, R: -7.74, Q: -3.71, K: 0.61, M: 25.00
Game finished: 0-1
Win rate: 10.36%, Loss rate: 83.42%, Draw rate: 6.22%
P: -7.70, N: -4.67, B: -1.51, R: -8.27, Q: -4.26, K: 0.61, M: 25.00
Game finished: 1-0
Win rate: 10.39%, Loss rate: 83.39%, Draw rate: 6.22%
P: -6.70, N: -4.47, B: -1.28, R: -7.94, Q: -4.32, K: 0.61, M: 25.00
Game finished: 0-1
Win rate: 10.39%, Loss rate: 83.40%, Draw rate: 6.22%
P: -7.64, N: -4.40, B: -1.16, R: -8.44, Q: -4.32, K: 0.61, M: 25.00
Game finished: 0-1
Win rate: 10.38%, Loss rate: 83.40%, Draw rate: 6.22%
P: -6.96, N: -4.51, B: -1.17, R: -8.29, Q: -4.21, K: 0.61, M: 25.00
Game finished: 0-1
Win rate: 10.38%, Loss rate: 83.41%, Draw rate: 6.21%
P: -4.52, N: -3.89, B: -0.17, R: -7.98, Q: -3.95, K: 0.61, M: 25.00
Game finished: 0-1
Win rate: 10.37%, Loss rate: 83.41%, Draw rate: 6.21%
P: -4.17, N: -4.23, B: 0.18, R: -8.12, Q: -3.83, K: 0.61, M: 25.00
Game finished: 0-1
Win rate: 10.37%, Loss rate: 83.42%, Draw rate: 6.21%
P: -4.06, N: -4.16, B: 0.23, R: -7.63, Q: -3.59, K: 0.61, M: 25.00
Game finished: 0-1
Win rate: 10.37%, Loss rate: 83.43%, Draw rate: 6.21%
P: -5.02, N: -4.40, B: 0.33, R: -7.74, Q: -3.67, K: 0.61, M: 25.00
Game finished: 0-1
Win rate: 10.36%, Loss rate: 83.43%, Draw rate: 6.20%
P: -6.97, N: -4.24, B: 0.12, R: -8.37, Q: -3.96, K: 0.61, M: 25.00
Game finished: 0-1
Win rate: 10.36%, Loss rate: 83.44%, Draw rate: 6.20%
P: -6.86, N: -4.09, B: 0.38, R: -8.03, Q: -3.83, K: 0.61, M: 25.00
Game finished: 0-1
Win rate: 10.36%, Loss rate: 83.44%, Draw rate: 6.20%
P: -6.50, N: -3.73, B: 0.83, R: -7.45, Q: -3.71, K: 0.61, M: 25.00
Game finished: 0-1
Win rate: 10.35%, Loss rate: 83.45%, Draw rate: 6.20%
P: -6.30, N: -3.50, B: 0.93, R: -7.55, Q: -4.47, K: 0.61, M: 25.00
Game finished: 0-1
Win rate: 10.35%, Loss rate: 83.45%, Draw rate: 6.20%
P: -6.78, N: -3.58, B: 0.97, R: -7.51, Q: -4.60, K: 0.61, M: 25.00
Game finished: 1/2-1/2
Win rate: 10.35%, Loss rate: 83.43%, Draw rate: 6.23%
P: -8.09, N: -3.50, B: 1.30, R: -7.71, Q: -4.54, K: 0.61, M: 25.00
Game finished: 0-1
Win rate: 10.34%, Loss rate: 83.43%, Draw rate: 6.23%
P: -8.28, N: -3.73, B: 1.04, R: -7.96, Q: -4.86, K: 0.61, M: 25.00
Game finished: 0-1
Win rate: 10.34%, Loss rate: 83.44%, Draw rate: 6.22%
P: -8.93, N: -3.99, B: 0.92, R: -8.40, Q: -4.82, K: 0.61, M: 25.00
Game finished: 0-1
Win rate: 10.34%, Loss rate: 83.44%, Draw rate: 6.22%
P: -7.57, N: -4.01, B: 1.08, R: -7.77, Q: -4.61, K: 0.61, M: 25.00
Game finished: 0-1
Win rate: 10.33%, Loss rate: 83.45%, Draw rate: 6.22%
P: -8.05, N: -4.09, B: 1.53, R: -7.53, Q: -4.62, K: 0.61, M: 25.00
Game finished: 0-1
Win rate: 10.33%, Loss rate: 83.45%, Draw rate: 6.22%
P: -7.42, N: -3.57, B: 1.42, R: -7.28, Q: -4.33, K: 0.61, M: 25.00
Game finished: 0-1
Win rate: 10.32%, Loss rate: 83.46%, Draw rate: 6.22%
P: -6.85, N: -3.46, B: 1.38, R: -7.03, Q: -4.20, K: 0.61, M: 25.00
Game finished: 0-1
Win rate: 10.32%, Loss rate: 83.47%, Draw rate: 6.21%
P: -6.66, N: -3.47, B: 1.26, R: -7.01, Q: -4.28, K: 0.61, M: 25.00
Game finished: 0-1
Win rate: 10.32%, Loss rate: 83.47%, Draw rate: 6.21%
P: -6.19, N: -3.54, B: 0.92, R: -6.74, Q: -4.08, K: 0.61, M: 25.00
Game finished: 1-0
Win rate: 10.35%, Loss rate: 83.44%, Draw rate: 6.21%
P: -7.73, N: -4.15, B: 0.59, R: -8.10, Q: -4.47, K: 0.61, M: 25.00
Game finished: 0-1
Win rate: 10.34%, Loss rate: 83.45%, Draw rate: 6.21%
Epsilon: 0.0942
Results saved to mf2_results/results.csv
Epsilon history saved to mf2_epsilon/epsilon.csv
Elapsed time: 0:20:08
P: -6.07, N: -3.63, B: 1.13, R: -7.37, Q: -4.07, K: 0.61, M: 25.00
Game finished: 0-1
Win rate: 10.34%, Loss rate: 83.45%, Draw rate: 6.20%
P: -5.86, N: -3.64, B: 1.03, R: -7.24, Q: -3.84, K: 0.61, M: 25.00
Game finished: 0-1
Win rate: 10.34%, Loss rate: 83.46%, Draw rate: 6.20%
P: -6.61, N: -3.53, B: 0.88, R: -7.63, Q: -3.78, K: 0.61, M: 25.00
Game finished: 0-1
Win rate: 10.33%, Loss rate: 83.47%, Draw rate: 6.20%
P: -7.39, N: -3.60, B: 0.98, R: -7.94, Q: -3.84, K: 0.61, M: 25.00
Game finished: 0-1
Win rate: 10.33%, Loss rate: 83.47%, Draw rate: 6.20%
P: -7.59, N: -3.43, B: 1.02, R: -8.00, Q: -3.77, K: 0.61, M: 25.00
Game finished: 0-1
Win rate: 10.33%, Loss rate: 83.48%, Draw rate: 6.20%
P: -6.50, N: -3.19, B: 1.51, R: -7.98, Q: -3.84, K: 0.61, M: 25.00
Game finished: 0-1
Win rate: 10.32%, Loss rate: 83.48%, Draw rate: 6.19%
P: -6.71, N: -3.25, B: 1.65, R: -7.95, Q: -3.84, K: 0.61, M: 25.00
Game finished: 1-0
Win rate: 10.35%, Loss rate: 83.45%, Draw rate: 6.19%
P: -6.22, N: -3.06, B: 1.87, R: -8.02, Q: -3.72, K: 0.61, M: 25.00
Game finished: 0-1
Win rate: 10.35%, Loss rate: 83.46%, Draw rate: 6.19%
P: -6.99, N: -3.04, B: 1.60, R: -8.31, Q: -3.78, K: 0.61, M: 25.00
Game finished: 0-1
Win rate: 10.35%, Loss rate: 83.47%, Draw rate: 6.19%
P: -6.51, N: -2.89, B: 1.86, R: -8.05, Q: -3.59, K: 0.61, M: 25.00
Game finished: 0-1
Win rate: 10.34%, Loss rate: 83.47%, Draw rate: 6.19%
P: -6.54, N: -3.23, B: 1.91, R: -8.43, Q: -3.52, K: 0.61, M: 25.00
Game finished: 1-0
Win rate: 10.37%, Loss rate: 83.44%, Draw rate: 6.18%
P: -6.82, N: -3.22, B: 1.67, R: -8.63, Q: -3.35, K: 0.61, M: 25.00
Game finished: 0-1
Win rate: 10.37%, Loss rate: 83.45%, Draw rate: 6.18%
P: -7.15, N: -3.36, B: 1.76, R: -8.65, Q: -2.99, K: 0.61, M: 25.00
Game finished: 0-1
Win rate: 10.37%, Loss rate: 83.45%, Draw rate: 6.18%
P: -7.57, N: -3.44, B: 1.26, R: -9.20, Q: -3.18, K: 0.61, M: 25.00
Game finished: 0-1
Win rate: 10.36%, Loss rate: 83.46%, Draw rate: 6.18%
P: -7.57, N: -3.51, B: 1.30, R: -9.46, Q: -3.12, K: 0.61, M: 25.00
Game finished: 0-1
Win rate: 10.36%, Loss rate: 83.46%, Draw rate: 6.17%
P: -5.50, N: -2.79, B: 1.41, R: -9.10, Q: -2.92, K: 0.61, M: 25.00
Game finished: 0-1
Win rate: 10.36%, Loss rate: 83.47%, Draw rate: 6.17%
P: -6.63, N: -2.76, B: 1.32, R: -9.58, Q: -2.99, K: 0.61, M: 25.00
Game finished: 1/2-1/2
Win rate: 10.35%, Loss rate: 83.44%, Draw rate: 6.21%
P: -6.86, N: -3.03, B: 1.42, R: -9.59, Q: -3.27, K: 0.61, M: 24.88
Game finished: 0-1
Win rate: 10.35%, Loss rate: 83.45%, Draw rate: 6.20%
P: -6.09, N: -3.09, B: 1.48, R: -9.15, Q: -3.07, K: 0.61, M: 24.88
Game finished: 0-1
Win rate: 10.35%, Loss rate: 83.45%, Draw rate: 6.20%
P: -6.90, N: -3.26, B: 1.29, R: -9.06, Q: -3.14, K: 0.61, M: 24.89
Game finished: 0-1
Win rate: 10.34%, Loss rate: 83.46%, Draw rate: 6.20%
P: -7.21, N: -3.49, B: 0.96, R: -9.19, Q: -3.18, K: 0.61, M: 24.90
Game finished: 0-1
Win rate: 10.34%, Loss rate: 83.46%, Draw rate: 6.20%
P: -5.35, N: -3.43, B: 1.15, R: -8.75, Q: -3.00, K: 0.61, M: 24.90
Game finished: 0-1
Win rate: 10.34%, Loss rate: 83.47%, Draw rate: 6.19%
P: -5.34, N: -3.46, B: 1.18, R: -8.80, Q: -3.01, K: 0.61, M: 24.91
Game finished: 0-1
Win rate: 10.33%, Loss rate: 83.48%, Draw rate: 6.19%
P: -5.15, N: -2.90, B: 1.29, R: -8.10, Q: -2.81, K: 0.61, M: 24.91
Game finished: 1-0
Win rate: 10.36%, Loss rate: 83.45%, Draw rate: 6.19%
P: -5.45, N: -2.75, B: 1.13, R: -7.97, Q: -3.23, K: 0.61, M: 24.92
Game finished: 0-1
Win rate: 10.36%, Loss rate: 83.45%, Draw rate: 6.19%
P: -7.34, N: -2.53, B: 1.36, R: -8.30, Q: -4.04, K: 0.61, M: 24.93
Game finished: 0-1
Win rate: 10.36%, Loss rate: 83.46%, Draw rate: 6.19%
P: -7.76, N: -2.58, B: 1.47, R: -8.30, Q: -4.14, K: 0.61, M: 24.96
Game finished: 1/2-1/2
Win rate: 10.35%, Loss rate: 83.43%, Draw rate: 6.22%
P: -7.72, N: -2.87, B: 1.63, R: -8.57, Q: -4.21, K: 0.61, M: 24.96
Game finished: 0-1
Win rate: 10.35%, Loss rate: 83.44%, Draw rate: 6.22%
P: -8.71, N: -2.69, B: 1.40, R: -9.15, Q: -4.28, K: 0.61, M: 24.98
Game finished: 1/2-1/2
Win rate: 10.34%, Loss rate: 83.41%, Draw rate: 6.25%
P: -8.45, N: -2.27, B: 1.19, R: -8.75, Q: -4.16, K: 0.61, M: 25.00
Game finished: 0-1
Win rate: 10.34%, Loss rate: 83.41%, Draw rate: 6.25%
P: -7.36, N: -2.37, B: 1.15, R: -8.36, Q: -3.91, K: 0.61, M: 25.00
Game finished: 0-1
Win rate: 10.34%, Loss rate: 83.42%, Draw rate: 6.24%
P: -6.50, N: -2.94, B: 0.45, R: -8.44, Q: -4.18, K: 0.61, M: 25.00
Game finished: 0-1
Win rate: 10.33%, Loss rate: 83.42%, Draw rate: 6.24%
P: -8.30, N: -3.37, B: -0.06, R: -9.53, Q: -4.28, K: 0.61, M: 25.00
Game finished: 0-1
Win rate: 10.33%, Loss rate: 83.43%, Draw rate: 6.24%
P: -8.05, N: -3.20, B: -0.07, R: -9.21, Q: -4.17, K: 0.61, M: 25.00
Game finished: 1-0
Win rate: 10.36%, Loss rate: 83.40%, Draw rate: 6.24%
P: -8.23, N: -2.99, B: 0.02, R: -9.19, Q: -4.23, K: 0.61, M: 25.00
Game finished: 0-1
Win rate: 10.36%, Loss rate: 83.41%, Draw rate: 6.24%
P: -8.23, N: -2.79, B: 0.11, R: -9.10, Q: -4.22, K: 0.61, M: 25.00
Game finished: 0-1
Win rate: 10.35%, Loss rate: 83.41%, Draw rate: 6.23%
P: -8.95, N: -2.54, B: 0.07, R: -9.29, Q: -4.34, K: 0.61, M: 25.00
Game finished: 0-1
Win rate: 10.35%, Loss rate: 83.42%, Draw rate: 6.23%
P: -7.60, N: -2.47, B: 0.18, R: -7.87, Q: -4.28, K: 0.61, M: 25.00
Game finished: 0-1
Win rate: 10.35%, Loss rate: 83.42%, Draw rate: 6.23%
P: -6.83, N: -2.42, B: 0.48, R: -7.43, Q: -4.24, K: 0.61, M: 25.00
Game finished: 0-1
Win rate: 10.34%, Loss rate: 83.43%, Draw rate: 6.23%
P: -7.44, N: -2.55, B: 0.70, R: -8.02, Q: -4.39, K: 0.61, M: 25.00
Game finished: 0-1
Win rate: 10.34%, Loss rate: 83.44%, Draw rate: 6.22%
P: -6.79, N: -2.41, B: 1.10, R: -7.67, Q: -4.37, K: 0.61, M: 25.00
Game finished: 0-1
Win rate: 10.34%, Loss rate: 83.44%, Draw rate: 6.22%
P: -6.53, N: -2.96, B: 0.95, R: -7.70, Q: -4.25, K: 0.61, M: 25.00
Game finished: 0-1
Win rate: 10.33%, Loss rate: 83.45%, Draw rate: 6.22%
P: -7.84, N: -3.21, B: 0.75, R: -8.02, Q: -4.55, K: 0.61, M: 25.00
Game finished: 0-1
Win rate: 10.33%, Loss rate: 83.45%, Draw rate: 6.22%
P: -6.44, N: -2.63, B: -0.20, R: -7.44, Q: -3.55, K: 0.61, M: 25.00
Game finished: 1/2-1/2
Win rate: 10.33%, Loss rate: 83.42%, Draw rate: 6.25%
P: -6.11, N: -2.57, B: 0.07, R: -7.24, Q: -3.44, K: 0.61, M: 25.00
Game finished: 0-1
Win rate: 10.32%, Loss rate: 83.43%, Draw rate: 6.25%
P: -6.82, N: -2.19, B: 0.23, R: -7.71, Q: -3.44, K: 0.61, M: 25.00
Game finished: 1-0
Win rate: 10.35%, Loss rate: 83.40%, Draw rate: 6.25%
P: -6.27, N: -2.23, B: -0.02, R: -8.09, Q: -3.44, K: 0.61, M: 25.00
Game finished: 0-1
Win rate: 10.35%, Loss rate: 83.41%, Draw rate: 6.24%
P: -6.55, N: -2.20, B: -0.61, R: -8.41, Q: -3.40, K: 0.61, M: 25.00
Game finished: 0-1
Win rate: 10.35%, Loss rate: 83.41%, Draw rate: 6.24%
P: -6.85, N: -2.46, B: -0.88, R: -8.42, Q: -3.03, K: 0.61, M: 25.00
Game finished: 0-1
Win rate: 10.34%, Loss rate: 83.42%, Draw rate: 6.24%
P: -8.16, N: -2.19, B: -0.80, R: -8.78, Q: -3.29, K: 0.61, M: 25.00
Game finished: 0-1
Win rate: 10.34%, Loss rate: 83.42%, Draw rate: 6.24%
P: -7.69, N: -1.83, B: -0.99, R: -8.33, Q: -3.39, K: 0.61, M: 25.00
Game finished: 0-1
Win rate: 10.34%, Loss rate: 83.43%, Draw rate: 6.24%
P: -8.42, N: -2.48, B: 0.87, R: -7.07, Q: -3.23, K: 0.61, M: 25.00
Game finished: 0-1
Win rate: 10.33%, Loss rate: 83.43%, Draw rate: 6.23%
P: -8.40, N: -2.57, B: 1.11, R: -6.94, Q: -3.20, K: 0.61, M: 25.00
Game finished: 0-1
Win rate: 10.33%, Loss rate: 83.44%, Draw rate: 6.23%
P: -7.66, N: -2.61, B: 1.35, R: -6.54, Q: -2.87, K: 0.61, M: 25.00
Game finished: 0-1
Win rate: 10.32%, Loss rate: 83.45%, Draw rate: 6.23%
P: -8.03, N: -2.75, B: 1.20, R: -6.59, Q: -2.80, K: 0.61, M: 25.00
Game finished: 0-1
Win rate: 10.32%, Loss rate: 83.45%, Draw rate: 6.23%
P: -8.65, N: -2.81, B: 1.37, R: -6.84, Q: -2.82, K: 0.61, M: 25.00
Game finished: 0-1
Win rate: 10.32%, Loss rate: 83.46%, Draw rate: 6.22%
P: -9.37, N: -2.84, B: 1.35, R: -7.30, Q: -2.59, K: 0.61, M: 25.00
Game finished: 1/2-1/2
Win rate: 10.31%, Loss rate: 83.43%, Draw rate: 6.26%
P: -9.09, N: -3.05, B: 0.59, R: -7.62, Q: -2.97, K: 0.61, M: 25.00
Game finished: 0-1
Win rate: 10.31%, Loss rate: 83.43%, Draw rate: 6.25%
P: -9.14, N: -2.88, B: 0.60, R: -7.50, Q: -3.00, K: 0.61, M: 25.00
Game finished: 0-1
Win rate: 10.31%, Loss rate: 83.44%, Draw rate: 6.25%
P: -10.15, N: -2.75, B: 0.99, R: -7.45, Q: -2.70, K: 0.61, M: 25.00
Game finished: 0-1
Win rate: 10.30%, Loss rate: 83.45%, Draw rate: 6.25%
P: -9.60, N: -2.60, B: 1.10, R: -7.07, Q: -2.55, K: 0.61, M: 25.00
Game finished: 0-1
Win rate: 10.30%, Loss rate: 83.45%, Draw rate: 6.25%
P: -8.32, N: -1.79, B: -0.43, R: -7.14, Q: -1.87, K: 0.61, M: 25.00
Game finished: 0-1
Win rate: 10.30%, Loss rate: 83.46%, Draw rate: 6.25%
P: -7.25, N: -1.44, B: -0.32, R: -6.91, Q: -1.64, K: 0.61, M: 25.00
Game finished: 0-1
Win rate: 10.29%, Loss rate: 83.46%, Draw rate: 6.24%
P: -9.45, N: -2.12, B: -1.48, R: -8.38, Q: -2.21, K: 0.61, M: 25.00
Game finished: 1/2-1/2
Win rate: 10.29%, Loss rate: 83.43%, Draw rate: 6.28%
P: -9.31, N: -2.33, B: -1.23, R: -8.16, Q: -2.40, K: 0.61, M: 25.00
Game finished: 0-1
Win rate: 10.29%, Loss rate: 83.44%, Draw rate: 6.27%
P: -9.12, N: -2.82, B: -1.06, R: -8.52, Q: -2.60, K: 0.61, M: 25.00
Game finished: 0-1
Win rate: 10.28%, Loss rate: 83.45%, Draw rate: 6.27%
P: -8.42, N: -3.16, B: -0.88, R: -8.08, Q: -2.62, K: 0.61, M: 25.00
Game finished: 0-1
Win rate: 10.28%, Loss rate: 83.45%, Draw rate: 6.27%
P: -8.96, N: -3.30, B: -0.97, R: -8.09, Q: -2.57, K: 0.61, M: 25.00
Game finished: 0-1
Win rate: 10.28%, Loss rate: 83.46%, Draw rate: 6.27%
P: -10.47, N: -3.27, B: -1.07, R: -8.95, Q: -2.67, K: 0.61, M: 25.00
Game finished: 0-1
Win rate: 10.27%, Loss rate: 83.46%, Draw rate: 6.26%
P: -9.56, N: -2.37, B: -0.78, R: -7.99, Q: -2.27, K: 0.61, M: 25.00
Game finished: 0-1
Win rate: 10.27%, Loss rate: 83.47%, Draw rate: 6.26%
P: -7.80, N: -1.98, B: -1.01, R: -7.29, Q: -1.90, K: 0.61, M: 25.00
Game finished: 0-1
Win rate: 10.27%, Loss rate: 83.47%, Draw rate: 6.26%
P: -7.87, N: -2.19, B: -0.85, R: -7.72, Q: -1.85, K: 0.61, M: 25.00
Game finished: 0-1
Win rate: 10.26%, Loss rate: 83.48%, Draw rate: 6.26%
P: -7.77, N: -2.21, B: -0.31, R: -7.81, Q: -1.89, K: 0.61, M: 25.00
Game finished: 1/2-1/2
Win rate: 10.26%, Loss rate: 83.45%, Draw rate: 6.29%
P: -7.32, N: -2.10, B: -0.25, R: -7.66, Q: -2.18, K: 0.61, M: 25.00
Game finished: 1/2-1/2
Win rate: 10.26%, Loss rate: 83.42%, Draw rate: 6.32%
P: -7.31, N: -2.22, B: -0.46, R: -7.64, Q: -2.25, K: 0.61, M: 25.00
Game finished: 0-1
Win rate: 10.25%, Loss rate: 83.43%, Draw rate: 6.32%
P: -7.23, N: -2.31, B: -0.06, R: -7.92, Q: -2.35, K: 0.61, M: 25.00
Game finished: 0-1
Win rate: 10.25%, Loss rate: 83.43%, Draw rate: 6.32%
P: -7.51, N: -2.33, B: -0.32, R: -8.12, Q: -2.50, K: 0.61, M: 25.00
Game finished: 0-1
Win rate: 10.25%, Loss rate: 83.44%, Draw rate: 6.32%
P: -6.94, N: -2.46, B: 0.37, R: -8.00, Q: -2.51, K: 0.61, M: 25.00
Game finished: 0-1
Win rate: 10.24%, Loss rate: 83.45%, Draw rate: 6.31%
P: -7.43, N: -2.77, B: 0.55, R: -8.16, Q: -2.56, K: 0.61, M: 25.00
Game finished: 0-1
Win rate: 10.24%, Loss rate: 83.45%, Draw rate: 6.31%
P: -6.83, N: -2.43, B: 0.68, R: -7.82, Q: -3.03, K: 0.61, M: 25.00
Game finished: 0-1
Win rate: 10.23%, Loss rate: 83.46%, Draw rate: 6.31%
P: -7.99, N: -2.68, B: 0.73, R: -8.48, Q: -3.36, K: 0.61, M: 25.00
Game finished: 0-1
Win rate: 10.23%, Loss rate: 83.46%, Draw rate: 6.31%
P: -8.18, N: -2.60, B: 0.54, R: -8.41, Q: -3.36, K: 0.61, M: 25.00
Game finished: 0-1
Win rate: 10.23%, Loss rate: 83.47%, Draw rate: 6.30%
P: -8.12, N: -2.74, B: 0.42, R: -8.47, Q: -3.30, K: 0.61, M: 25.00
Game finished: 0-1
Win rate: 10.22%, Loss rate: 83.47%, Draw rate: 6.30%
P: -7.93, N: -2.84, B: 0.59, R: -8.53, Q: -3.26, K: 0.61, M: 25.00
Game finished: 0-1
Win rate: 10.22%, Loss rate: 83.48%, Draw rate: 6.30%
P: -7.92, N: -2.72, B: 0.87, R: -8.56, Q: -3.09, K: 0.61, M: 25.00
Game finished: 0-1
Win rate: 10.22%, Loss rate: 83.48%, Draw rate: 6.30%
P: -7.78, N: -2.81, B: 1.04, R: -8.54, Q: -2.98, K: 0.61, M: 25.00
Game finished: 0-1
Win rate: 10.21%, Loss rate: 83.49%, Draw rate: 6.30%
P: -8.18, N: -3.42, B: 0.62, R: -9.11, Q: -3.17, K: 0.61, M: 24.92
Game finished: 0-1
Win rate: 10.21%, Loss rate: 83.50%, Draw rate: 6.29%
P: -7.93, N: -3.38, B: 0.79, R: -9.06, Q: -3.14, K: 0.61, M: 24.92
Game finished: 0-1
Win rate: 10.21%, Loss rate: 83.50%, Draw rate: 6.29%
P: -8.37, N: -2.97, B: 0.65, R: -9.03, Q: -2.83, K: 0.61, M: 24.92
Game finished: 1-0
Win rate: 10.24%, Loss rate: 83.47%, Draw rate: 6.29%
P: -8.18, N: -2.93, B: 0.44, R: -9.16, Q: -2.72, K: 0.61, M: 24.93
Game finished: 0-1
Win rate: 10.23%, Loss rate: 83.48%, Draw rate: 6.29%
P: -8.04, N: -2.89, B: 0.47, R: -9.17, Q: -2.61, K: 0.61, M: 24.94
Game finished: 0-1
Win rate: 10.23%, Loss rate: 83.48%, Draw rate: 6.29%
P: -7.63, N: -2.85, B: 1.26, R: -7.94, Q: -2.04, K: 0.61, M: 24.95
Game finished: 0-1
Win rate: 10.23%, Loss rate: 83.49%, Draw rate: 6.28%
P: -6.87, N: -2.63, B: 0.99, R: -7.70, Q: -2.16, K: 0.61, M: 24.80
Game finished: 0-1
Win rate: 10.22%, Loss rate: 83.49%, Draw rate: 6.28%
P: -8.80, N: -3.91, B: 0.22, R: -8.75, Q: -2.47, K: 0.61, M: 25.00
Game finished: 0-1
Win rate: 10.22%, Loss rate: 83.50%, Draw rate: 6.28%
P: -8.04, N: -4.14, B: 0.42, R: -8.61, Q: -2.47, K: 0.61, M: 25.00
Game finished: 0-1
Win rate: 10.22%, Loss rate: 83.51%, Draw rate: 6.28%
P: -7.27, N: -4.05, B: 0.55, R: -8.28, Q: -2.37, K: 0.61, M: 25.00
Game finished: 0-1
Win rate: 10.21%, Loss rate: 83.51%, Draw rate: 6.28%
P: -6.39, N: -4.08, B: 1.22, R: -8.06, Q: -1.80, K: 0.61, M: 25.00
Game finished: 0-1
Win rate: 10.21%, Loss rate: 83.52%, Draw rate: 6.27%
P: -6.75, N: -4.13, B: 0.99, R: -8.63, Q: -1.85, K: 0.61, M: 25.00
Game finished: 0-1
Win rate: 10.21%, Loss rate: 83.52%, Draw rate: 6.27%
P: -9.16, N: -3.19, B: 0.88, R: -9.36, Q: -2.10, K: 0.61, M: 25.00
Game finished: 0-1
Win rate: 10.20%, Loss rate: 83.53%, Draw rate: 6.27%
P: -9.04, N: -3.50, B: 0.92, R: -9.37, Q: -1.98, K: 0.61, M: 25.00
Game finished: 0-1
Win rate: 10.20%, Loss rate: 83.53%, Draw rate: 6.27%
Epsilon: 0.0942
Results saved to mf2_results/results.csv
Epsilon history saved to mf2_epsilon/epsilon.csv
Elapsed time: 0:20:57
P: -8.98, N: -3.11, B: 0.63, R: -9.36, Q: -2.03, K: 0.61, M: 25.00
Game finished: 0-1
Win rate: 10.20%, Loss rate: 83.54%, Draw rate: 6.26%
P: -8.18, N: -2.97, B: 0.67, R: -8.93, Q: -1.81, K: 0.61, M: 25.00
Game finished: 0-1
Win rate: 10.19%, Loss rate: 83.54%, Draw rate: 6.26%
P: -8.39, N: -3.07, B: 0.68, R: -9.18, Q: -1.74, K: 0.61, M: 25.00
Game finished: 0-1
Win rate: 10.19%, Loss rate: 83.55%, Draw rate: 6.26%
P: -8.72, N: -3.03, B: 0.59, R: -9.48, Q: -1.68, K: 0.61, M: 25.00
Game finished: 0-1
Win rate: 10.19%, Loss rate: 83.56%, Draw rate: 6.26%
P: -9.08, N: -3.17, B: 0.19, R: -9.77, Q: -1.74, K: 0.61, M: 25.00
Game finished: 0-1
Win rate: 10.18%, Loss rate: 83.56%, Draw rate: 6.26%
P: -9.05, N: -3.21, B: 0.16, R: -9.70, Q: -1.89, K: 0.61, M: 25.00
Game finished: 0-1
Win rate: 10.18%, Loss rate: 83.57%, Draw rate: 6.25%
P: -8.39, N: -2.98, B: 0.52, R: -9.19, Q: -1.00, K: 0.61, M: 25.00
Game finished: 1/2-1/2
Win rate: 10.18%, Loss rate: 83.54%, Draw rate: 6.29%
P: -7.58, N: -3.28, B: 0.37, R: -9.12, Q: -1.11, K: 0.61, M: 25.00
Game finished: 0-1
Win rate: 10.17%, Loss rate: 83.54%, Draw rate: 6.28%
P: -8.08, N: -3.49, B: 0.47, R: -9.15, Q: -1.11, K: 0.61, M: 25.00
Game finished: 0-1
Win rate: 10.17%, Loss rate: 83.55%, Draw rate: 6.28%
P: -7.42, N: -3.50, B: 0.63, R: -8.64, Q: -1.08, K: 0.61, M: 25.00
Game finished: 0-1
Win rate: 10.17%, Loss rate: 83.55%, Draw rate: 6.28%
P: -7.17, N: -3.98, B: 0.78, R: -8.22, Q: -0.74, K: 0.61, M: 25.00
Game finished: 0-1
Win rate: 10.16%, Loss rate: 83.56%, Draw rate: 6.28%
P: -6.53, N: -3.91, B: 0.87, R: -8.34, Q: -1.19, K: 0.61, M: 25.00
Game finished: 0-1
Win rate: 10.16%, Loss rate: 83.57%, Draw rate: 6.27%
P: -6.82, N: -3.98, B: 1.26, R: -7.95, Q: -0.89, K: 0.61, M: 25.00
Game finished: 0-1
Win rate: 10.16%, Loss rate: 83.57%, Draw rate: 6.27%
P: -8.50, N: -4.80, B: 0.29, R: -9.28, Q: -1.66, K: 0.61, M: 25.00
Game finished: 0-1
Win rate: 10.15%, Loss rate: 83.58%, Draw rate: 6.27%
P: -7.52, N: -4.50, B: 0.37, R: -8.88, Q: -1.36, K: 0.61, M: 25.00
Game finished: 0-1
Win rate: 10.15%, Loss rate: 83.58%, Draw rate: 6.27%
P: -7.12, N: -4.28, B: 0.27, R: -8.67, Q: -1.21, K: 0.61, M: 25.00
Game finished: 0-1
Win rate: 10.15%, Loss rate: 83.59%, Draw rate: 6.27%
P: -6.82, N: -4.20, B: -0.03, R: -8.51, Q: -1.09, K: 0.61, M: 25.00
Game finished: 1/2-1/2
Win rate: 10.14%, Loss rate: 83.56%, Draw rate: 6.30%
P: -6.23, N: -4.03, B: -0.23, R: -8.22, Q: -1.13, K: 0.61, M: 25.00
Game finished: 1-0
Win rate: 10.17%, Loss rate: 83.53%, Draw rate: 6.30%
P: -7.50, N: -3.75, B: -1.20, R: -9.39, Q: -1.17, K: 0.61, M: 25.00
Game finished: 0-1
Win rate: 10.17%, Loss rate: 83.54%, Draw rate: 6.29%
P: -8.62, N: -4.89, B: -1.11, R: -9.27, Q: -1.72, K: 0.61, M: 25.00
Game finished: 1/2-1/2
Win rate: 10.17%, Loss rate: 83.51%, Draw rate: 6.32%
P: -7.42, N: -4.55, B: -0.42, R: -8.72, Q: -1.59, K: 0.61, M: 25.00
Game finished: 0-1
Win rate: 10.16%, Loss rate: 83.52%, Draw rate: 6.32%
P: -7.17, N: -4.48, B: -0.46, R: -8.61, Q: -1.46, K: 0.61, M: 25.00
Game finished: 1-0
Win rate: 10.19%, Loss rate: 83.49%, Draw rate: 6.32%
P: -7.71, N: -4.26, B: -0.13, R: -8.69, Q: -1.55, K: 0.61, M: 25.00
Game finished: 0-1
Win rate: 10.19%, Loss rate: 83.49%, Draw rate: 6.32%
P: -7.73, N: -4.68, B: -0.22, R: -8.64, Q: -1.52, K: 0.61, M: 25.00
Game finished: 0-1
Win rate: 10.19%, Loss rate: 83.50%, Draw rate: 6.32%
P: -8.63, N: -4.69, B: -0.33, R: -8.56, Q: -1.83, K: 0.61, M: 24.93
Game finished: 0-1
Win rate: 10.18%, Loss rate: 83.50%, Draw rate: 6.31%
P: -8.36, N: -4.80, B: -0.44, R: -8.56, Q: -1.99, K: 0.61, M: 24.94
Game finished: 0-1
Win rate: 10.18%, Loss rate: 83.51%, Draw rate: 6.31%
P: -8.68, N: -4.77, B: -0.60, R: -8.99, Q: -2.03, K: 0.61, M: 24.95
Game finished: 0-1
Win rate: 10.18%, Loss rate: 83.52%, Draw rate: 6.31%
P: -9.44, N: -4.27, B: -0.42, R: -8.92, Q: -1.70, K: 0.61, M: 24.96
Game finished: 0-1
Win rate: 10.17%, Loss rate: 83.52%, Draw rate: 6.31%
P: -7.34, N: -3.73, B: 0.18, R: -8.45, Q: -1.50, K: 0.61, M: 25.00
Game finished: 0-1
Win rate: 10.17%, Loss rate: 83.53%, Draw rate: 6.31%
P: -5.91, N: -3.62, B: 0.53, R: -8.10, Q: -1.55, K: 0.61, M: 25.00
Game finished: 0-1
Win rate: 10.17%, Loss rate: 83.53%, Draw rate: 6.30%
P: -7.29, N: -3.68, B: 0.18, R: -8.79, Q: -1.79, K: 0.61, M: 25.00
Game finished: 0-1
Win rate: 10.16%, Loss rate: 83.54%, Draw rate: 6.30%
P: -7.50, N: -3.78, B: 0.17, R: -8.84, Q: -1.67, K: 0.61, M: 25.00
Game finished: 0-1
Win rate: 10.16%, Loss rate: 83.54%, Draw rate: 6.30%
P: -6.76, N: -3.71, B: 0.19, R: -8.53, Q: -1.67, K: 0.61, M: 25.00
Game finished: 0-1
Win rate: 10.15%, Loss rate: 83.55%, Draw rate: 6.30%
P: -7.38, N: -3.45, B: 0.01, R: -8.67, Q: -1.61, K: 0.61, M: 25.00
Game finished: 0-1
Win rate: 10.15%, Loss rate: 83.55%, Draw rate: 6.30%
P: -9.01, N: -3.50, B: -0.45, R: -9.49, Q: -1.92, K: 0.61, M: 25.00
Game finished: 0-1
Win rate: 10.15%, Loss rate: 83.56%, Draw rate: 6.29%
P: -7.47, N: -3.35, B: 0.25, R: -8.27, Q: -1.27, K: 0.61, M: 25.00
Game finished: 0-1
Win rate: 10.14%, Loss rate: 83.56%, Draw rate: 6.29%
P: -7.62, N: -3.39, B: 0.44, R: -8.53, Q: -1.33, K: 0.61, M: 25.00
Game finished: 0-1
Win rate: 10.14%, Loss rate: 83.57%, Draw rate: 6.29%
P: -8.30, N: -2.96, B: 1.15, R: -8.63, Q: -0.99, K: 0.61, M: 25.00
Game finished: 0-1
Win rate: 10.14%, Loss rate: 83.57%, Draw rate: 6.29%
P: -8.74, N: -3.27, B: 0.71, R: -9.09, Q: -1.18, K: 0.61, M: 25.00
Game finished: 0-1
Win rate: 10.13%, Loss rate: 83.58%, Draw rate: 6.28%
P: -9.29, N: -3.40, B: 0.28, R: -9.31, Q: -1.52, K: 0.61, M: 25.00
Game finished: 0-1
Win rate: 10.13%, Loss rate: 83.59%, Draw rate: 6.28%
P: -10.56, N: -3.46, B: 0.26, R: -9.65, Q: -1.51, K: 0.61, M: 25.00
Game finished: 0-1
Win rate: 10.13%, Loss rate: 83.59%, Draw rate: 6.28%
P: -11.45, N: -4.22, B: -0.02, R: -9.66, Q: -1.84, K: 0.61, M: 25.00
Game finished: 0-1
Win rate: 10.12%, Loss rate: 83.60%, Draw rate: 6.28%
P: -10.71, N: -3.21, B: -0.85, R: -8.49, Q: -1.09, K: 0.61, M: 25.00
Game finished: 0-1
Win rate: 10.12%, Loss rate: 83.60%, Draw rate: 6.28%
P: -8.94, N: -3.58, B: -1.29, R: -8.08, Q: -0.96, K: 0.61, M: 25.00
Game finished: 0-1
Win rate: 10.12%, Loss rate: 83.61%, Draw rate: 6.27%
P: -9.45, N: -3.49, B: -1.00, R: -8.51, Q: -1.05, K: 0.61, M: 25.00
Game finished: 1-0
Win rate: 10.15%, Loss rate: 83.58%, Draw rate: 6.27%
P: -9.26, N: -3.21, B: -0.96, R: -8.49, Q: -0.70, K: 0.61, M: 25.00
Game finished: 1/2-1/2
Win rate: 10.14%, Loss rate: 83.55%, Draw rate: 6.30%
P: -8.06, N: -2.69, B: -1.06, R: -8.16, Q: -0.56, K: 0.61, M: 25.00
Game finished: 0-1
Win rate: 10.14%, Loss rate: 83.56%, Draw rate: 6.30%
P: -7.64, N: -2.40, B: -0.70, R: -7.43, Q: -0.38, K: 0.61, M: 25.00
Game finished: 0-1
Win rate: 10.14%, Loss rate: 83.56%, Draw rate: 6.30%
P: -7.17, N: -2.44, B: -0.69, R: -7.34, Q: -0.30, K: 0.61, M: 25.00
Game finished: 0-1
Win rate: 10.13%, Loss rate: 83.57%, Draw rate: 6.30%
P: -6.27, N: -2.59, B: -0.45, R: -7.05, Q: -0.29, K: 0.61, M: 25.00
Game finished: 0-1
Win rate: 10.13%, Loss rate: 83.57%, Draw rate: 6.30%
P: -5.26, N: -2.49, B: -0.33, R: -6.57, Q: 0.02, K: 0.61, M: 25.00
Game finished: 0-1
Win rate: 10.13%, Loss rate: 83.58%, Draw rate: 6.29%
P: -8.33, N: -2.94, B: -1.27, R: -7.91, Q: -0.76, K: 0.61, M: 25.00
Game finished: 0-1
Win rate: 10.12%, Loss rate: 83.58%, Draw rate: 6.29%
P: -8.63, N: -2.94, B: -1.60, R: -8.05, Q: -0.79, K: 0.61, M: 25.00
Game finished: 0-1
Win rate: 10.12%, Loss rate: 83.59%, Draw rate: 6.29%
P: -8.57, N: -3.01, B: -1.88, R: -7.90, Q: -0.46, K: 0.61, M: 25.00
Game finished: 0-1
Win rate: 10.12%, Loss rate: 83.60%, Draw rate: 6.29%
P: -9.01, N: -2.96, B: -1.81, R: -6.74, Q: -0.24, K: 0.61, M: 25.00
Game finished: 0-1
Win rate: 10.11%, Loss rate: 83.60%, Draw rate: 6.28%
P: -9.02, N: -3.06, B: -1.38, R: -6.44, Q: -0.44, K: 0.61, M: 25.00
Game finished: 0-1
Win rate: 10.11%, Loss rate: 83.61%, Draw rate: 6.28%
P: -8.80, N: -3.56, B: -1.74, R: -6.80, Q: -0.71, K: 0.61, M: 25.00
Game finished: 0-1
Win rate: 10.11%, Loss rate: 83.61%, Draw rate: 6.28%
P: -8.86, N: -3.47, B: -1.66, R: -6.79, Q: -0.92, K: 0.61, M: 25.00
Game finished: 0-1
Win rate: 10.10%, Loss rate: 83.62%, Draw rate: 6.28%
P: -8.82, N: -3.23, B: -1.58, R: -6.73, Q: -1.07, K: 0.61, M: 25.00
Game finished: 0-1
Win rate: 10.10%, Loss rate: 83.62%, Draw rate: 6.28%
P: -7.35, N: -2.95, B: -1.33, R: -5.76, Q: -1.11, K: 0.61, M: 25.00
Game finished: 0-1
Win rate: 10.10%, Loss rate: 83.63%, Draw rate: 6.27%
P: -8.71, N: -2.74, B: -0.41, R: -6.54, Q: -0.66, K: 0.61, M: 25.00
Game finished: 0-1
Win rate: 10.09%, Loss rate: 83.63%, Draw rate: 6.27%
P: -8.23, N: -2.00, B: -0.21, R: -6.67, Q: -0.15, K: 0.61, M: 25.00
Game finished: 0-1
Win rate: 10.09%, Loss rate: 83.64%, Draw rate: 6.27%
P: -7.30, N: -1.73, B: -0.10, R: -6.18, Q: -0.44, K: 0.61, M: 25.00
Game finished: 0-1
Win rate: 10.09%, Loss rate: 83.64%, Draw rate: 6.27%
P: -7.33, N: -1.65, B: -0.50, R: -6.75, Q: -0.52, K: 0.61, M: 25.00
Game finished: 1/2-1/2
Win rate: 10.08%, Loss rate: 83.62%, Draw rate: 6.30%
P: -7.59, N: -1.30, B: -0.42, R: -6.76, Q: -0.90, K: 0.61, M: 25.00
Game finished: 0-1
Win rate: 10.08%, Loss rate: 83.62%, Draw rate: 6.30%
P: -8.28, N: -1.67, B: -0.58, R: -6.78, Q: -1.09, K: 0.61, M: 25.00
Game finished: 1/2-1/2
Win rate: 10.08%, Loss rate: 83.59%, Draw rate: 6.33%
P: -8.83, N: -2.01, B: -0.49, R: -6.63, Q: -1.25, K: 0.61, M: 25.00
Game finished: 0-1
Win rate: 10.07%, Loss rate: 83.60%, Draw rate: 6.33%
P: -9.45, N: -1.98, B: -1.29, R: -7.54, Q: -1.62, K: 0.61, M: 25.00
Game finished: 1-0
Win rate: 10.10%, Loss rate: 83.57%, Draw rate: 6.32%
P: -9.59, N: -2.47, B: -1.84, R: -8.64, Q: -2.10, K: 0.61, M: 25.00
Game finished: 0-1
Win rate: 10.10%, Loss rate: 83.58%, Draw rate: 6.32%
P: -7.75, N: -2.17, B: -0.92, R: -7.98, Q: -2.14, K: 0.61, M: 25.00
Game finished: 0-1
Win rate: 10.10%, Loss rate: 83.58%, Draw rate: 6.32%
P: -7.41, N: -1.99, B: -0.86, R: -7.87, Q: -2.48, K: 0.61, M: 25.00
Game finished: 0-1
Win rate: 10.09%, Loss rate: 83.59%, Draw rate: 6.32%
P: -7.39, N: -2.56, B: -1.42, R: -8.63, Q: -2.88, K: 0.61, M: 25.00
Game finished: 0-1
Win rate: 10.09%, Loss rate: 83.59%, Draw rate: 6.32%
P: -8.43, N: -2.65, B: -1.35, R: -8.71, Q: -2.74, K: 0.61, M: 25.00
Game finished: 0-1
Win rate: 10.09%, Loss rate: 83.60%, Draw rate: 6.31%
P: -8.10, N: -2.43, B: -1.28, R: -8.77, Q: -2.61, K: 0.61, M: 25.00
Game finished: 0-1
Win rate: 10.08%, Loss rate: 83.60%, Draw rate: 6.31%
P: -8.51, N: -2.40, B: -1.44, R: -8.98, Q: -2.40, K: 0.61, M: 25.00
Game finished: 0-1
Win rate: 10.08%, Loss rate: 83.61%, Draw rate: 6.31%
P: -7.81, N: -2.29, B: -1.22, R: -8.69, Q: -2.38, K: 0.61, M: 25.00
Game finished: 0-1
Win rate: 10.08%, Loss rate: 83.62%, Draw rate: 6.31%
P: -7.73, N: -1.89, B: -1.21, R: -8.47, Q: -1.93, K: 0.61, M: 25.00
Game finished: 0-1
Win rate: 10.07%, Loss rate: 83.62%, Draw rate: 6.30%
P: -7.53, N: -2.03, B: -1.17, R: -8.91, Q: -1.99, K: 0.61, M: 25.00
Game finished: 0-1
Win rate: 10.07%, Loss rate: 83.63%, Draw rate: 6.30%
P: -8.95, N: -2.10, B: -1.92, R: -9.05, Q: -2.53, K: 0.61, M: 25.00
Game finished: 0-1
Win rate: 10.07%, Loss rate: 83.63%, Draw rate: 6.30%
P: -8.94, N: -1.69, B: -1.81, R: -8.79, Q: -2.75, K: 0.61, M: 25.00
Game finished: 0-1
Win rate: 10.06%, Loss rate: 83.64%, Draw rate: 6.30%
P: -9.04, N: -1.92, B: -1.61, R: -8.75, Q: -2.61, K: 0.61, M: 25.00
Game finished: 0-1
Win rate: 10.06%, Loss rate: 83.64%, Draw rate: 6.30%
P: -8.88, N: -2.11, B: -1.68, R: -8.82, Q: -2.50, K: 0.61, M: 25.00
Game finished: 0-1
Win rate: 10.06%, Loss rate: 83.65%, Draw rate: 6.29%
P: -8.79, N: -1.83, B: -1.68, R: -8.71, Q: -2.44, K: 0.61, M: 25.00
Game finished: 0-1
Win rate: 10.06%, Loss rate: 83.65%, Draw rate: 6.29%
P: -8.64, N: -1.82, B: -1.19, R: -8.49, Q: -2.56, K: 0.61, M: 25.00
Game finished: 1/2-1/2
Win rate: 10.05%, Loss rate: 83.63%, Draw rate: 6.32%
P: -9.16, N: -2.08, B: -1.60, R: -8.61, Q: -2.48, K: 0.61, M: 25.00
Game finished: 0-1
Win rate: 10.05%, Loss rate: 83.63%, Draw rate: 6.32%
P: -8.91, N: -2.09, B: -1.26, R: -8.28, Q: -2.35, K: 0.61, M: 25.00
Game finished: 0-1
Win rate: 10.05%, Loss rate: 83.64%, Draw rate: 6.32%
P: -8.80, N: -2.14, B: -2.13, R: -8.32, Q: -1.98, K: 0.61, M: 25.00
Game finished: 0-1
Win rate: 10.04%, Loss rate: 83.64%, Draw rate: 6.32%
P: -8.66, N: -2.45, B: -1.93, R: -8.26, Q: -1.81, K: 0.61, M: 25.00
Game finished: 0-1
Win rate: 10.04%, Loss rate: 83.65%, Draw rate: 6.31%
P: -7.30, N: -2.42, B: -1.51, R: -7.87, Q: -1.21, K: 0.61, M: 25.00
Game finished: 0-1
Win rate: 10.04%, Loss rate: 83.65%, Draw rate: 6.31%
P: -8.48, N: -2.54, B: -1.41, R: -8.16, Q: -1.53, K: 0.61, M: 25.00
Game finished: 0-1
Win rate: 10.03%, Loss rate: 83.66%, Draw rate: 6.31%
P: -8.77, N: -2.41, B: -1.24, R: -8.02, Q: -1.46, K: 0.61, M: 25.00
Game finished: 0-1
Win rate: 10.03%, Loss rate: 83.66%, Draw rate: 6.31%
P: -8.29, N: -2.20, B: -1.13, R: -7.70, Q: -1.30, K: 0.61, M: 25.00
Game finished: 0-1
Win rate: 10.03%, Loss rate: 83.67%, Draw rate: 6.31%
P: -7.79, N: -2.44, B: -1.06, R: -7.71, Q: -1.26, K: 0.61, M: 25.00
Game finished: 0-1
Win rate: 10.02%, Loss rate: 83.67%, Draw rate: 6.30%
P: -7.77, N: -2.80, B: -0.93, R: -7.45, Q: -1.47, K: 0.61, M: 25.00
Game finished: 1/2-1/2
Win rate: 10.02%, Loss rate: 83.65%, Draw rate: 6.33%
P: -7.20, N: -2.75, B: -0.56, R: -7.17, Q: -1.65, K: 0.61, M: 25.00
Game finished: 1/2-1/2
Win rate: 10.02%, Loss rate: 83.62%, Draw rate: 6.37%
P: -7.95, N: -2.63, B: -0.73, R: -8.42, Q: -2.11, K: 0.61, M: 25.00
Game finished: 0-1
Win rate: 10.01%, Loss rate: 83.62%, Draw rate: 6.36%
P: -6.90, N: -2.69, B: -0.67, R: -7.94, Q: -2.10, K: 0.61, M: 25.00
Game finished: 0-1
Win rate: 10.01%, Loss rate: 83.63%, Draw rate: 6.36%
P: -7.86, N: -2.88, B: -0.95, R: -8.71, Q: -2.16, K: 0.61, M: 25.00
Game finished: 0-1
Win rate: 10.01%, Loss rate: 83.63%, Draw rate: 6.36%
P: -7.42, N: -2.67, B: -0.78, R: -8.62, Q: -2.14, K: 0.61, M: 25.00
Game finished: 0-1
Win rate: 10.00%, Loss rate: 83.64%, Draw rate: 6.36%
P: -7.00, N: -2.64, B: -0.91, R: -8.64, Q: -2.19, K: 0.61, M: 25.00
Game finished: 0-1
Win rate: 10.00%, Loss rate: 83.65%, Draw rate: 6.35%
Epsilon: 0.0941
Results saved to mf2_results/results.csv
Epsilon history saved to mf2_epsilon/epsilon.csv
Elapsed time: 0:21:41
P: -6.88, N: -2.41, B: -0.67, R: -9.03, Q: -2.07, K: 0.61, M: 25.00
Game finished: 0-1
Win rate: 10.00%, Loss rate: 83.65%, Draw rate: 6.35%
P: -6.82, N: -2.24, B: -0.81, R: -8.81, Q: -2.10, K: 0.61, M: 25.00
Game finished: 0-1
Win rate: 9.99%, Loss rate: 83.66%, Draw rate: 6.35%
P: -7.22, N: -2.09, B: -0.49, R: -8.96, Q: -2.15, K: 0.61, M: 25.00
Game finished: 0-1
Win rate: 9.99%, Loss rate: 83.66%, Draw rate: 6.35%
P: -7.18, N: -2.28, B: -0.33, R: -8.89, Q: -2.27, K: 0.61, M: 25.00
Game finished: 0-1
Win rate: 9.99%, Loss rate: 83.67%, Draw rate: 6.35%
P: -6.91, N: -2.38, B: -0.08, R: -8.85, Q: -2.67, K: 0.61, M: 25.00
Game finished: 0-1
Win rate: 9.98%, Loss rate: 83.67%, Draw rate: 6.34%
P: -7.30, N: -2.62, B: -0.26, R: -8.83, Q: -2.35, K: 0.61, M: 25.00
Game finished: 0-1
Win rate: 9.98%, Loss rate: 83.68%, Draw rate: 6.34%
P: -7.88, N: -2.20, B: -0.98, R: -8.66, Q: -2.77, K: 0.61, M: 25.00
Game finished: 0-1
Win rate: 9.98%, Loss rate: 83.68%, Draw rate: 6.34%
P: -7.14, N: -1.95, B: -0.31, R: -8.65, Q: -2.90, K: 0.61, M: 25.00
Game finished: 0-1
Win rate: 9.97%, Loss rate: 83.69%, Draw rate: 6.34%
P: -7.15, N: -2.18, B: -0.41, R: -8.53, Q: -2.94, K: 0.61, M: 25.00
Game finished: 0-1
Win rate: 9.97%, Loss rate: 83.69%, Draw rate: 6.34%
P: -7.14, N: -2.25, B: -0.36, R: -8.56, Q: -2.78, K: 0.61, M: 25.00
Game finished: 0-1
Win rate: 9.97%, Loss rate: 83.70%, Draw rate: 6.33%
P: -7.72, N: -2.12, B: -0.40, R: -8.15, Q: -2.63, K: 0.61, M: 25.00
Game finished: 0-1
Win rate: 9.96%, Loss rate: 83.70%, Draw rate: 6.33%
P: -6.16, N: -2.58, B: -0.35, R: -7.87, Q: -2.90, K: 0.61, M: 25.00
Game finished: 0-1
Win rate: 9.96%, Loss rate: 83.71%, Draw rate: 6.33%
P: -6.40, N: -2.47, B: -0.27, R: -7.88, Q: -2.91, K: 0.61, M: 25.00
Game finished: 0-1
Win rate: 9.96%, Loss rate: 83.71%, Draw rate: 6.33%
P: -7.51, N: -2.77, B: -0.60, R: -8.59, Q: -3.02, K: 0.61, M: 25.00
Game finished: 0-1
Win rate: 9.96%, Loss rate: 83.72%, Draw rate: 6.33%
P: -7.40, N: -3.01, B: -0.03, R: -8.61, Q: -3.20, K: 0.61, M: 25.00
Game finished: 0-1
Win rate: 9.95%, Loss rate: 83.72%, Draw rate: 6.32%
P: -7.32, N: -3.23, B: 0.28, R: -8.76, Q: -3.23, K: 0.61, M: 25.00
Game finished: 0-1
Win rate: 9.95%, Loss rate: 83.73%, Draw rate: 6.32%
P: -7.42, N: -3.46, B: 0.57, R: -8.52, Q: -3.14, K: 0.61, M: 25.00
Game finished: 0-1
Win rate: 9.95%, Loss rate: 83.73%, Draw rate: 6.32%
P: -7.60, N: -3.63, B: 0.58, R: -8.31, Q: -3.06, K: 0.61, M: 25.00
Game finished: 0-1
Win rate: 9.94%, Loss rate: 83.74%, Draw rate: 6.32%
P: -7.93, N: -3.46, B: 0.65, R: -7.97, Q: -3.40, K: 0.61, M: 25.00
Game finished: 0-1
Win rate: 9.94%, Loss rate: 83.74%, Draw rate: 6.32%
P: -8.32, N: -3.72, B: 0.13, R: -8.52, Q: -3.41, K: 0.61, M: 25.00
Game finished: 0-1
Win rate: 9.94%, Loss rate: 83.75%, Draw rate: 6.31%
P: -8.71, N: -4.19, B: -0.24, R: -9.04, Q: -3.71, K: 0.61, M: 25.00
Game finished: 0-1
Win rate: 9.93%, Loss rate: 83.76%, Draw rate: 6.31%
P: -7.80, N: -4.11, B: -0.01, R: -8.55, Q: -3.62, K: 0.61, M: 25.00
Game finished: 1/2-1/2
Win rate: 9.93%, Loss rate: 83.73%, Draw rate: 6.34%
P: -7.40, N: -4.09, B: 0.15, R: -8.19, Q: -3.49, K: 0.61, M: 25.00
Game finished: 0-1
Win rate: 9.93%, Loss rate: 83.73%, Draw rate: 6.34%
P: -6.78, N: -4.08, B: 0.36, R: -7.95, Q: -3.21, K: 0.61, M: 25.00
Game finished: 0-1
Win rate: 9.92%, Loss rate: 83.74%, Draw rate: 6.34%
P: -6.93, N: -3.95, B: 0.42, R: -8.05, Q: -3.34, K: 0.61, M: 25.00
Game finished: 0-1
Win rate: 9.92%, Loss rate: 83.74%, Draw rate: 6.34%
P: -7.08, N: -3.53, B: 0.37, R: -7.80, Q: -3.30, K: 0.61, M: 25.00
Game finished: 0-1
Win rate: 9.92%, Loss rate: 83.75%, Draw rate: 6.33%
P: -7.10, N: -3.54, B: -0.24, R: -8.41, Q: -3.56, K: 0.61, M: 25.00
Game finished: 0-1
Win rate: 9.91%, Loss rate: 83.75%, Draw rate: 6.33%
P: -7.44, N: -3.73, B: -0.44, R: -8.43, Q: -3.55, K: 0.61, M: 25.00
Game finished: 0-1
Win rate: 9.91%, Loss rate: 83.76%, Draw rate: 6.33%
P: -6.60, N: -3.61, B: -0.15, R: -8.08, Q: -3.64, K: 0.61, M: 25.00
Game finished: 0-1
Win rate: 9.91%, Loss rate: 83.76%, Draw rate: 6.33%
P: -6.99, N: -3.69, B: -0.39, R: -8.25, Q: -3.99, K: 0.61, M: 25.00
Game finished: 0-1
Win rate: 9.90%, Loss rate: 83.77%, Draw rate: 6.33%
P: -6.97, N: -3.49, B: -0.30, R: -7.95, Q: -4.03, K: 0.61, M: 25.00
Game finished: 0-1
Win rate: 9.90%, Loss rate: 83.78%, Draw rate: 6.32%
P: -7.64, N: -3.97, B: -0.38, R: -8.71, Q: -4.65, K: 0.61, M: 25.00
Game finished: 0-1
Win rate: 9.90%, Loss rate: 83.78%, Draw rate: 6.32%
P: -7.96, N: -4.06, B: -0.52, R: -9.24, Q: -4.73, K: 0.61, M: 25.00
Game finished: 0-1
Win rate: 9.89%, Loss rate: 83.79%, Draw rate: 6.32%
P: -7.74, N: -4.19, B: -0.55, R: -9.53, Q: -4.80, K: 0.61, M: 25.00
Game finished: 0-1
Win rate: 9.89%, Loss rate: 83.79%, Draw rate: 6.32%
P: -8.70, N: -4.14, B: -1.16, R: -9.97, Q: -4.76, K: 0.61, M: 25.00
Game finished: 0-1
Win rate: 9.89%, Loss rate: 83.80%, Draw rate: 6.32%
P: -8.74, N: -4.04, B: -1.28, R: -10.05, Q: -4.55, K: 0.61, M: 25.00
Game finished: 0-1
Win rate: 9.89%, Loss rate: 83.80%, Draw rate: 6.31%
P: -8.16, N: -4.53, B: -1.27, R: -9.44, Q: -4.89, K: 0.61, M: 25.00
Game finished: 0-1
Win rate: 9.88%, Loss rate: 83.81%, Draw rate: 6.31%
P: -7.70, N: -4.42, B: -1.27, R: -9.16, Q: -4.67, K: 0.61, M: 25.00
Game finished: 0-1
Win rate: 9.88%, Loss rate: 83.81%, Draw rate: 6.31%
P: -7.33, N: -4.46, B: -1.33, R: -8.94, Q: -4.43, K: 0.61, M: 25.00
Game finished: 0-1
Win rate: 9.88%, Loss rate: 83.82%, Draw rate: 6.31%
P: -7.39, N: -4.46, B: -1.31, R: -9.04, Q: -4.49, K: 0.61, M: 25.00
Game finished: 0-1
Win rate: 9.87%, Loss rate: 83.82%, Draw rate: 6.31%
P: -8.09, N: -5.06, B: -1.46, R: -8.76, Q: -4.81, K: 0.61, M: 25.00
Game finished: 0-1
Win rate: 9.87%, Loss rate: 83.83%, Draw rate: 6.30%
P: -5.99, N: -4.96, B: -1.63, R: -7.59, Q: -4.70, K: 0.61, M: 25.00
Game finished: 0-1
Win rate: 9.87%, Loss rate: 83.83%, Draw rate: 6.30%
P: -5.77, N: -5.11, B: -1.54, R: -7.62, Q: -4.58, K: 0.61, M: 25.00
Game finished: 0-1
Win rate: 9.86%, Loss rate: 83.84%, Draw rate: 6.30%
P: -7.35, N: -5.18, B: -1.67, R: -8.08, Q: -4.96, K: 0.61, M: 25.00
Game finished: 0-1
Win rate: 9.86%, Loss rate: 83.84%, Draw rate: 6.30%
P: -7.63, N: -5.08, B: -1.47, R: -7.79, Q: -4.94, K: 0.61, M: 25.00
Game finished: 0-1
Win rate: 9.86%, Loss rate: 83.85%, Draw rate: 6.30%
P: -8.04, N: -4.97, B: -1.82, R: -7.83, Q: -4.68, K: 0.61, M: 25.00
Game finished: 0-1
Win rate: 9.85%, Loss rate: 83.85%, Draw rate: 6.29%
P: -7.90, N: -4.85, B: -1.90, R: -7.90, Q: -4.53, K: 0.61, M: 25.00
Game finished: 1-0
Win rate: 9.88%, Loss rate: 83.83%, Draw rate: 6.29%
P: -7.44, N: -4.49, B: -1.74, R: -7.43, Q: -4.39, K: 0.61, M: 25.00
Game finished: 0-1
Win rate: 9.88%, Loss rate: 83.83%, Draw rate: 6.29%
P: -7.93, N: -4.44, B: -1.84, R: -7.47, Q: -4.36, K: 0.61, M: 25.00
Game finished: 0-1
Win rate: 9.88%, Loss rate: 83.84%, Draw rate: 6.29%
P: -7.40, N: -4.13, B: -1.64, R: -7.43, Q: -4.24, K: 0.61, M: 25.00
Game finished: 1/2-1/2
Win rate: 9.87%, Loss rate: 83.81%, Draw rate: 6.32%
P: -7.78, N: -4.30, B: -1.58, R: -7.30, Q: -4.37, K: 0.61, M: 25.00
Game finished: 0-1
Win rate: 9.87%, Loss rate: 83.81%, Draw rate: 6.32%
P: -7.46, N: -4.33, B: -1.51, R: -7.28, Q: -4.34, K: 0.61, M: 25.00
Game finished: 0-1
Win rate: 9.87%, Loss rate: 83.82%, Draw rate: 6.31%
P: -8.19, N: -4.43, B: -1.60, R: -7.37, Q: -4.12, K: 0.61, M: 25.00
Game finished: 0-1
Win rate: 9.86%, Loss rate: 83.82%, Draw rate: 6.31%
P: -7.84, N: -4.02, B: -2.32, R: -8.09, Q: -3.19, K: 0.61, M: 25.00
Game finished: 0-1
Win rate: 9.86%, Loss rate: 83.83%, Draw rate: 6.31%
P: -7.81, N: -3.94, B: -2.84, R: -7.91, Q: -3.13, K: 0.61, M: 25.00
Game finished: 0-1
Win rate: 9.86%, Loss rate: 83.84%, Draw rate: 6.31%
P: -7.59, N: -3.88, B: -2.87, R: -7.87, Q: -3.12, K: 0.61, M: 25.00
Game finished: 0-1
Win rate: 9.85%, Loss rate: 83.84%, Draw rate: 6.31%
P: -8.44, N: -4.21, B: -2.45, R: -8.11, Q: -3.39, K: 0.61, M: 25.00
Game finished: 0-1
Win rate: 9.85%, Loss rate: 83.85%, Draw rate: 6.30%
P: -8.00, N: -4.05, B: -1.99, R: -8.02, Q: -3.82, K: 0.61, M: 25.00
Game finished: 1/2-1/2
Win rate: 9.85%, Loss rate: 83.82%, Draw rate: 6.33%
P: -8.37, N: -2.39, B: -0.16, R: -8.14, Q: -3.19, K: 0.61, M: 25.00
Game finished: 0-1
Win rate: 9.84%, Loss rate: 83.82%, Draw rate: 6.33%
P: -9.03, N: -2.64, B: -0.22, R: -8.45, Q: -3.28, K: 0.61, M: 25.00
Game finished: 0-1
Win rate: 9.84%, Loss rate: 83.83%, Draw rate: 6.33%
P: -9.71, N: -2.73, B: 0.01, R: -8.71, Q: -3.27, K: 0.61, M: 25.00
Game finished: 0-1
Win rate: 9.84%, Loss rate: 83.83%, Draw rate: 6.33%
P: -8.76, N: -2.54, B: 0.01, R: -8.48, Q: -3.09, K: 0.61, M: 25.00
Game finished: 0-1
Win rate: 9.84%, Loss rate: 83.84%, Draw rate: 6.33%
P: -9.83, N: -3.06, B: -1.16, R: -8.97, Q: -2.70, K: 0.61, M: 25.00
Game finished: 0-1
Win rate: 9.83%, Loss rate: 83.84%, Draw rate: 6.32%
P: -7.66, N: -3.11, B: -0.35, R: -8.02, Q: -2.48, K: 0.61, M: 25.00
Game finished: 0-1
Win rate: 9.83%, Loss rate: 83.85%, Draw rate: 6.32%
P: -8.72, N: -3.27, B: -0.96, R: -8.38, Q: -2.16, K: 0.61, M: 25.00
Game finished: 0-1
Win rate: 9.83%, Loss rate: 83.85%, Draw rate: 6.32%
P: -8.21, N: -3.25, B: -0.71, R: -8.59, Q: -2.13, K: 0.61, M: 25.00
Game finished: 1-0
Win rate: 9.85%, Loss rate: 83.83%, Draw rate: 6.32%
P: -9.68, N: -3.49, B: -0.86, R: -9.32, Q: -2.24, K: 0.61, M: 25.00
Game finished: 0-1
Win rate: 9.85%, Loss rate: 83.83%, Draw rate: 6.32%
P: -7.78, N: -3.29, B: -0.43, R: -9.03, Q: -2.19, K: 0.61, M: 25.00
Game finished: 0-1
Win rate: 9.85%, Loss rate: 83.84%, Draw rate: 6.31%
P: -7.47, N: -3.24, B: -0.49, R: -9.20, Q: -2.15, K: 0.61, M: 25.00
Game finished: 0-1
Win rate: 9.85%, Loss rate: 83.84%, Draw rate: 6.31%
P: -7.02, N: -3.19, B: -0.09, R: -8.64, Q: -2.23, K: 0.61, M: 25.00
Game finished: 0-1
Win rate: 9.84%, Loss rate: 83.85%, Draw rate: 6.31%
P: -5.52, N: -2.86, B: 0.45, R: -8.14, Q: -2.35, K: 0.61, M: 25.00
Game finished: 0-1
Win rate: 9.84%, Loss rate: 83.85%, Draw rate: 6.31%
P: -6.64, N: -3.03, B: -0.25, R: -8.89, Q: -2.71, K: 0.61, M: 25.00
Game finished: 0-1
Win rate: 9.84%, Loss rate: 83.86%, Draw rate: 6.31%
P: -7.22, N: -3.06, B: -0.23, R: -8.74, Q: -2.92, K: 0.61, M: 25.00
Game finished: 0-1
Win rate: 9.83%, Loss rate: 83.86%, Draw rate: 6.30%
P: -7.25, N: -3.20, B: -0.11, R: -8.81, Q: -2.85, K: 0.61, M: 25.00
Game finished: 0-1
Win rate: 9.83%, Loss rate: 83.87%, Draw rate: 6.30%
P: -7.32, N: -3.17, B: -0.44, R: -8.99, Q: -2.97, K: 0.61, M: 25.00
Game finished: 0-1
Win rate: 9.83%, Loss rate: 83.87%, Draw rate: 6.30%
P: -8.25, N: -3.20, B: -0.92, R: -9.59, Q: -3.00, K: 0.61, M: 25.00
Game finished: 0-1
Win rate: 9.82%, Loss rate: 83.88%, Draw rate: 6.30%
P: -8.02, N: -3.37, B: -0.88, R: -9.42, Q: -2.77, K: 0.61, M: 25.00
Game finished: 0-1
Win rate: 9.82%, Loss rate: 83.88%, Draw rate: 6.30%
P: -7.95, N: -3.49, B: -0.80, R: -9.16, Q: -1.86, K: 0.61, M: 25.00
Game finished: 0-1
Win rate: 9.82%, Loss rate: 83.89%, Draw rate: 6.29%
P: -7.84, N: -3.21, B: -0.33, R: -8.98, Q: -1.92, K: 0.61, M: 25.00
Game finished: 1/2-1/2
Win rate: 9.81%, Loss rate: 83.86%, Draw rate: 6.32%
P: -7.89, N: -3.22, B: -0.26, R: -8.54, Q: -2.46, K: 0.61, M: 25.00
Game finished: 0-1
Win rate: 9.81%, Loss rate: 83.87%, Draw rate: 6.32%
P: -9.06, N: -3.05, B: -0.73, R: -8.78, Q: -2.43, K: 0.61, M: 25.00
Game finished: 0-1
Win rate: 9.81%, Loss rate: 83.87%, Draw rate: 6.32%
P: -9.03, N: -3.16, B: -0.72, R: -8.74, Q: -2.31, K: 0.61, M: 25.00
Game finished: 0-1
Win rate: 9.81%, Loss rate: 83.88%, Draw rate: 6.32%
P: -9.15, N: -3.36, B: -0.61, R: -9.19, Q: -2.73, K: 0.61, M: 25.00
Game finished: 0-1
Win rate: 9.80%, Loss rate: 83.88%, Draw rate: 6.31%
P: -7.58, N: -3.48, B: -0.74, R: -8.26, Q: -2.12, K: 0.61, M: 25.00
Game finished: 0-1
Win rate: 9.80%, Loss rate: 83.89%, Draw rate: 6.31%
P: -7.87, N: -3.58, B: -0.70, R: -8.32, Q: -2.44, K: 0.61, M: 25.00
Game finished: 0-1
Win rate: 9.80%, Loss rate: 83.89%, Draw rate: 6.31%
P: -8.13, N: -3.41, B: -0.47, R: -8.44, Q: -2.63, K: 0.61, M: 25.00
Game finished: 0-1
Win rate: 9.79%, Loss rate: 83.90%, Draw rate: 6.31%
P: -8.40, N: -3.72, B: -0.58, R: -8.32, Q: -2.61, K: 0.61, M: 25.00
Game finished: 0-1
Win rate: 9.79%, Loss rate: 83.90%, Draw rate: 6.31%
P: -9.20, N: -4.22, B: -0.71, R: -8.24, Q: -2.20, K: 0.61, M: 25.00
Game finished: 0-1
Win rate: 9.79%, Loss rate: 83.91%, Draw rate: 6.30%
P: -8.70, N: -3.51, B: 0.45, R: -7.68, Q: -2.07, K: 0.61, M: 25.00
Game finished: 0-1
Win rate: 9.78%, Loss rate: 83.91%, Draw rate: 6.30%
P: -8.88, N: -3.67, B: 0.49, R: -7.18, Q: -2.39, K: 0.61, M: 25.00
Game finished: 0-1
Win rate: 9.78%, Loss rate: 83.92%, Draw rate: 6.30%
P: -8.73, N: -3.67, B: 0.31, R: -7.23, Q: -2.21, K: 0.61, M: 25.00
Game finished: 0-1
Win rate: 9.78%, Loss rate: 83.92%, Draw rate: 6.30%
P: -8.65, N: -3.61, B: 0.05, R: -7.49, Q: -2.18, K: 0.61, M: 25.00
Game finished: 0-1
Win rate: 9.77%, Loss rate: 83.93%, Draw rate: 6.30%
P: -7.73, N: -3.72, B: 0.27, R: -7.05, Q: -2.14, K: 0.61, M: 25.00
Game finished: 0-1
Win rate: 9.77%, Loss rate: 83.93%, Draw rate: 6.30%
P: -7.81, N: -3.98, B: 0.24, R: -7.02, Q: -2.19, K: 0.61, M: 25.00
Game finished: 0-1
Win rate: 9.77%, Loss rate: 83.94%, Draw rate: 6.29%
P: -7.54, N: -3.95, B: -0.02, R: -6.93, Q: -2.02, K: 0.61, M: 25.00
Game finished: 1/2-1/2
Win rate: 9.77%, Loss rate: 83.91%, Draw rate: 6.32%
P: -7.49, N: -3.86, B: -0.00, R: -6.95, Q: -2.10, K: 0.61, M: 25.00
Game finished: 0-1
Win rate: 9.76%, Loss rate: 83.92%, Draw rate: 6.32%
P: -6.91, N: -3.81, B: 0.13, R: -6.72, Q: -2.08, K: 0.61, M: 25.00
Game finished: 0-1
Win rate: 9.76%, Loss rate: 83.92%, Draw rate: 6.32%
P: -8.51, N: -4.01, B: -0.30, R: -6.91, Q: -2.58, K: 0.61, M: 25.00
Game finished: 0-1
Win rate: 9.76%, Loss rate: 83.93%, Draw rate: 6.32%
P: -9.16, N: -3.96, B: -0.37, R: -7.31, Q: -2.56, K: 0.61, M: 25.00
Game finished: 0-1
Win rate: 9.75%, Loss rate: 83.93%, Draw rate: 6.31%
P: -7.65, N: -3.73, B: 0.19, R: -6.64, Q: -2.44, K: 0.61, M: 25.00
Game finished: 0-1
Win rate: 9.75%, Loss rate: 83.94%, Draw rate: 6.31%
Epsilon: 0.0941
Results saved to mf2_results/results.csv
Epsilon history saved to mf2_epsilon/epsilon.csv
Elapsed time: 0:22:33
P: -7.74, N: -3.75, B: 0.24, R: -6.73, Q: -2.66, K: 0.61, M: 25.00
Game finished: 0-1
Win rate: 9.75%, Loss rate: 83.94%, Draw rate: 6.31%
P: -7.70, N: -3.78, B: 0.17, R: -7.30, Q: -3.11, K: 0.61, M: 25.00
Game finished: 0-1
Win rate: 9.74%, Loss rate: 83.95%, Draw rate: 6.31%
P: -8.57, N: -3.75, B: -0.33, R: -7.45, Q: -3.26, K: 0.61, M: 25.00
Game finished: 0-1
Win rate: 9.74%, Loss rate: 83.95%, Draw rate: 6.31%
P: -8.47, N: -3.53, B: 0.00, R: -7.30, Q: -3.30, K: 0.61, M: 25.00
Game finished: 0-1
Win rate: 9.74%, Loss rate: 83.96%, Draw rate: 6.30%
P: -8.49, N: -3.33, B: -0.19, R: -7.55, Q: -3.29, K: 0.61, M: 25.00
Game finished: 0-1
Win rate: 9.73%, Loss rate: 83.96%, Draw rate: 6.30%
P: -8.95, N: -3.28, B: 0.10, R: -7.43, Q: -3.56, K: 0.61, M: 25.00
Game finished: 0-1
Win rate: 9.73%, Loss rate: 83.97%, Draw rate: 6.30%
P: -7.35, N: -3.44, B: 0.17, R: -7.06, Q: -3.34, K: 0.61, M: 25.00
Game finished: 0-1
Win rate: 9.73%, Loss rate: 83.97%, Draw rate: 6.30%
P: -7.44, N: -3.60, B: -0.14, R: -7.33, Q: -3.41, K: 0.61, M: 25.00
Game finished: 0-1
Win rate: 9.73%, Loss rate: 83.98%, Draw rate: 6.30%
P: -8.91, N: -4.00, B: -1.05, R: -8.03, Q: -3.82, K: 0.61, M: 25.00
Game finished: 1/2-1/2
Win rate: 9.72%, Loss rate: 83.95%, Draw rate: 6.33%
P: -6.75, N: -4.14, B: -0.86, R: -7.52, Q: -3.28, K: 0.61, M: 25.00
Game finished: 0-1
Win rate: 9.72%, Loss rate: 83.96%, Draw rate: 6.32%
P: -6.94, N: -4.12, B: -0.84, R: -7.68, Q: -3.23, K: 0.61, M: 25.00
Game finished: 0-1
Win rate: 9.72%, Loss rate: 83.96%, Draw rate: 6.32%
P: -7.43, N: -4.03, B: -1.05, R: -7.81, Q: -3.28, K: 0.61, M: 25.00
Game finished: 0-1
Win rate: 9.71%, Loss rate: 83.97%, Draw rate: 6.32%
P: -7.23, N: -4.03, B: -0.58, R: -7.81, Q: -3.14, K: 0.61, M: 25.00
Game finished: 0-1
Win rate: 9.71%, Loss rate: 83.97%, Draw rate: 6.32%
P: -7.43, N: -3.92, B: -0.70, R: -7.80, Q: -3.16, K: 0.61, M: 25.00
Game finished: 1/2-1/2
Win rate: 9.71%, Loss rate: 83.95%, Draw rate: 6.35%
P: -9.35, N: -3.52, B: -1.23, R: -9.22, Q: -2.52, K: 0.61, M: 25.00
Game finished: 0-1
Win rate: 9.70%, Loss rate: 83.95%, Draw rate: 6.35%
P: -6.60, N: -3.37, B: -1.38, R: -8.11, Q: -2.42, K: 0.61, M: 25.00
Game finished: 0-1
Win rate: 9.70%, Loss rate: 83.96%, Draw rate: 6.34%
P: -6.40, N: -3.01, B: -1.15, R: -8.21, Q: -2.40, K: 0.61, M: 25.00
Game finished: 0-1
Win rate: 9.70%, Loss rate: 83.96%, Draw rate: 6.34%
P: -7.89, N: -2.84, B: -1.23, R: -8.21, Q: -2.63, K: 0.61, M: 25.00
Game finished: 0-1
Win rate: 9.70%, Loss rate: 83.97%, Draw rate: 6.34%
P: -7.67, N: -2.57, B: -1.14, R: -8.14, Q: -2.36, K: 0.61, M: 25.00
Game finished: 0-1
Win rate: 9.69%, Loss rate: 83.97%, Draw rate: 6.34%
P: -9.04, N: -3.35, B: -0.46, R: -8.86, Q: -2.51, K: 0.61, M: 25.00
Game finished: 0-1
Win rate: 9.69%, Loss rate: 83.98%, Draw rate: 6.34%
P: -8.24, N: -3.45, B: 0.02, R: -8.72, Q: -2.62, K: 0.61, M: 25.00
Game finished: 1/2-1/2
Win rate: 9.69%, Loss rate: 83.95%, Draw rate: 6.36%
P: -9.83, N: -3.71, B: -0.31, R: -9.07, Q: -2.72, K: 0.61, M: 25.00
Game finished: 0-1
Win rate: 9.68%, Loss rate: 83.95%, Draw rate: 6.36%
P: -9.27, N: -3.60, B: 0.35, R: -9.18, Q: -3.02, K: 0.61, M: 25.00
Game finished: 0-1
Win rate: 9.68%, Loss rate: 83.96%, Draw rate: 6.36%
P: -8.71, N: -3.68, B: 0.52, R: -8.97, Q: -3.02, K: 0.61, M: 25.00
Game finished: 0-1
Win rate: 9.68%, Loss rate: 83.96%, Draw rate: 6.36%
P: -9.00, N: -3.84, B: 0.48, R: -9.12, Q: -2.94, K: 0.61, M: 25.00
Game finished: 0-1
Win rate: 9.67%, Loss rate: 83.97%, Draw rate: 6.36%
P: -9.13, N: -3.67, B: 0.53, R: -9.25, Q: -2.89, K: 0.61, M: 25.00
Game finished: 0-1
Win rate: 9.67%, Loss rate: 83.97%, Draw rate: 6.35%
P: -8.19, N: -3.58, B: 0.49, R: -8.99, Q: -2.83, K: 0.61, M: 25.00
Game finished: 0-1
Win rate: 9.67%, Loss rate: 83.98%, Draw rate: 6.35%
P: -7.19, N: -3.54, B: 0.56, R: -8.70, Q: -2.83, K: 0.61, M: 25.00
Game finished: 0-1
Win rate: 9.67%, Loss rate: 83.98%, Draw rate: 6.35%
P: -7.58, N: -3.57, B: 0.16, R: -9.12, Q: -2.79, K: 0.61, M: 25.00
Game finished: 0-1
Win rate: 9.66%, Loss rate: 83.99%, Draw rate: 6.35%
P: -8.23, N: -3.77, B: -0.12, R: -9.34, Q: -2.67, K: 0.61, M: 25.00
Game finished: 0-1
Win rate: 9.66%, Loss rate: 83.99%, Draw rate: 6.35%
P: -8.63, N: -3.58, B: -0.48, R: -9.39, Q: -2.77, K: 0.61, M: 25.00
Game finished: 1/2-1/2
Win rate: 9.66%, Loss rate: 83.97%, Draw rate: 6.38%
P: -7.66, N: -3.67, B: -0.22, R: -9.23, Q: -2.82, K: 0.61, M: 25.00
Game finished: 0-1
Win rate: 9.65%, Loss rate: 83.97%, Draw rate: 6.37%
P: -7.47, N: -3.62, B: 0.08, R: -9.01, Q: -2.84, K: 0.61, M: 25.00
Game finished: 0-1
Win rate: 9.65%, Loss rate: 83.98%, Draw rate: 6.37%
P: -7.97, N: -3.46, B: -0.28, R: -9.20, Q: -2.78, K: 0.61, M: 25.00
Game finished: 0-1
Win rate: 9.65%, Loss rate: 83.98%, Draw rate: 6.37%
P: -6.17, N: -2.88, B: 0.28, R: -8.55, Q: -2.60, K: 0.61, M: 25.00
Game finished: 0-1
Win rate: 9.64%, Loss rate: 83.99%, Draw rate: 6.37%
P: -6.47, N: -2.96, B: -0.07, R: -8.55, Q: -2.38, K: 0.61, M: 25.00
Game finished: 0-1
Win rate: 9.64%, Loss rate: 83.99%, Draw rate: 6.37%
P: -6.21, N: -2.34, B: 0.23, R: -7.59, Q: -2.29, K: 0.61, M: 25.00
Game finished: 0-1
Win rate: 9.64%, Loss rate: 84.00%, Draw rate: 6.36%
P: -5.93, N: -2.19, B: 0.05, R: -7.52, Q: -2.25, K: 0.61, M: 25.00
Game finished: 0-1
Win rate: 9.64%, Loss rate: 84.00%, Draw rate: 6.36%
P: -6.46, N: -2.24, B: 0.13, R: -7.78, Q: -2.28, K: 0.61, M: 25.00
Game finished: 0-1
Win rate: 9.63%, Loss rate: 84.01%, Draw rate: 6.36%
P: -7.37, N: -2.39, B: 0.19, R: -8.06, Q: -2.46, K: 0.61, M: 25.00
Game finished: 0-1
Win rate: 9.63%, Loss rate: 84.01%, Draw rate: 6.36%
P: -7.02, N: -2.35, B: -0.18, R: -8.41, Q: -2.74, K: 0.61, M: 25.00
Game finished: 0-1
Win rate: 9.63%, Loss rate: 84.02%, Draw rate: 6.36%
P: -5.90, N: -2.32, B: -0.30, R: -7.88, Q: -2.83, K: 0.61, M: 25.00
Game finished: 0-1
Win rate: 9.62%, Loss rate: 84.02%, Draw rate: 6.35%
P: -6.53, N: -2.45, B: -0.67, R: -8.25, Q: -2.86, K: 0.61, M: 25.00
Game finished: 0-1
Win rate: 9.62%, Loss rate: 84.03%, Draw rate: 6.35%
P: -7.57, N: -2.48, B: -1.08, R: -8.44, Q: -2.96, K: 0.61, M: 25.00
Game finished: 0-1
Win rate: 9.62%, Loss rate: 84.03%, Draw rate: 6.35%
P: -8.06, N: -2.77, B: -1.46, R: -8.69, Q: -3.20, K: 0.61, M: 25.00
Game finished: 0-1
Win rate: 9.61%, Loss rate: 84.04%, Draw rate: 6.35%
P: -8.86, N: -2.69, B: -1.81, R: -9.05, Q: -3.14, K: 0.61, M: 25.00
Game finished: 0-1
Win rate: 9.61%, Loss rate: 84.04%, Draw rate: 6.35%
P: -9.33, N: -2.59, B: -1.72, R: -9.11, Q: -3.27, K: 0.61, M: 25.00
Game finished: 0-1
Win rate: 9.61%, Loss rate: 84.05%, Draw rate: 6.34%
P: -8.74, N: -2.80, B: -1.97, R: -8.89, Q: -3.27, K: 0.61, M: 25.00
Game finished: 0-1
Win rate: 9.61%, Loss rate: 84.05%, Draw rate: 6.34%
P: -9.93, N: -3.02, B: -2.45, R: -9.65, Q: -3.72, K: 0.61, M: 25.00
Game finished: 0-1
Win rate: 9.60%, Loss rate: 84.06%, Draw rate: 6.34%
P: -9.64, N: -3.11, B: -3.06, R: -9.99, Q: -3.58, K: 0.61, M: 25.00
Game finished: 0-1
Win rate: 9.60%, Loss rate: 84.06%, Draw rate: 6.34%
P: -8.33, N: -2.86, B: -2.67, R: -9.41, Q: -3.34, K: 0.61, M: 25.00
Game finished: 0-1
Win rate: 9.60%, Loss rate: 84.07%, Draw rate: 6.34%
P: -8.10, N: -2.86, B: -1.85, R: -8.87, Q: -2.53, K: 0.61, M: 25.00
Game finished: 1/2-1/2
Win rate: 9.59%, Loss rate: 84.04%, Draw rate: 6.37%
P: -8.52, N: -3.36, B: -2.05, R: -9.08, Q: -2.54, K: 0.61, M: 25.00
Game finished: 0-1
Win rate: 9.59%, Loss rate: 84.05%, Draw rate: 6.36%
P: -9.52, N: -3.37, B: -2.27, R: -9.44, Q: -2.47, K: 0.61, M: 25.00
Game finished: 0-1
Win rate: 9.59%, Loss rate: 84.05%, Draw rate: 6.36%
P: -10.23, N: -3.27, B: -2.58, R: -9.57, Q: -2.46, K: 0.61, M: 25.00
Game finished: 0-1
Win rate: 9.59%, Loss rate: 84.06%, Draw rate: 6.36%
P: -9.95, N: -3.39, B: -2.42, R: -9.53, Q: -2.45, K: 0.61, M: 25.00
Game finished: 0-1
Win rate: 9.58%, Loss rate: 84.06%, Draw rate: 6.36%
P: -8.86, N: -3.40, B: -2.09, R: -9.02, Q: -2.28, K: 0.61, M: 25.00
Game finished: 0-1
Win rate: 9.58%, Loss rate: 84.07%, Draw rate: 6.36%
P: -7.76, N: -2.98, B: -1.94, R: -8.49, Q: -2.23, K: 0.61, M: 25.00
Game finished: 0-1
Win rate: 9.58%, Loss rate: 84.07%, Draw rate: 6.35%
P: -6.23, N: -2.93, B: -1.67, R: -7.60, Q: -2.18, K: 0.61, M: 25.00
Game finished: 0-1
Win rate: 9.57%, Loss rate: 84.07%, Draw rate: 6.35%
P: -6.57, N: -3.02, B: -1.82, R: -7.65, Q: -2.47, K: 0.61, M: 25.00
Game finished: 0-1
Win rate: 9.57%, Loss rate: 84.08%, Draw rate: 6.35%
P: -8.88, N: -2.44, B: -1.77, R: -8.37, Q: -3.05, K: 0.61, M: 25.00
Game finished: 0-1
Win rate: 9.57%, Loss rate: 84.08%, Draw rate: 6.35%
P: -9.18, N: -2.40, B: -1.46, R: -8.43, Q: -2.94, K: 0.61, M: 25.00
Game finished: 0-1
Win rate: 9.56%, Loss rate: 84.09%, Draw rate: 6.35%
P: -8.76, N: -2.50, B: -1.84, R: -8.17, Q: -3.33, K: 0.61, M: 25.00
Game finished: 0-1
Win rate: 9.56%, Loss rate: 84.09%, Draw rate: 6.34%
P: -7.70, N: -2.70, B: -1.66, R: -7.56, Q: -3.37, K: 0.61, M: 25.00
Game finished: 0-1
Win rate: 9.56%, Loss rate: 84.10%, Draw rate: 6.34%
P: -7.53, N: -2.90, B: -1.54, R: -7.69, Q: -3.47, K: 0.61, M: 25.00
Game finished: 0-1
Win rate: 9.56%, Loss rate: 84.10%, Draw rate: 6.34%
P: -7.26, N: -2.92, B: -1.38, R: -7.85, Q: -3.52, K: 0.61, M: 25.00
Game finished: 0-1
Win rate: 9.55%, Loss rate: 84.11%, Draw rate: 6.34%
P: -7.32, N: -2.84, B: -1.38, R: -7.84, Q: -3.58, K: 0.61, M: 25.00
Game finished: 0-1
Win rate: 9.55%, Loss rate: 84.11%, Draw rate: 6.34%
P: -7.87, N: -2.66, B: -1.26, R: -7.75, Q: -3.44, K: 0.61, M: 25.00
Game finished: 0-1
Win rate: 9.55%, Loss rate: 84.12%, Draw rate: 6.33%
P: -8.84, N: -2.88, B: -1.94, R: -8.33, Q: -3.54, K: 0.61, M: 25.00
Game finished: 0-1
Win rate: 9.54%, Loss rate: 84.12%, Draw rate: 6.33%
P: -8.91, N: -3.24, B: -1.67, R: -8.32, Q: -3.58, K: 0.61, M: 25.00
Game finished: 0-1
Win rate: 9.54%, Loss rate: 84.13%, Draw rate: 6.33%
P: -8.43, N: -3.15, B: -1.39, R: -8.07, Q: -3.59, K: 0.61, M: 25.00
Game finished: 0-1
Win rate: 9.54%, Loss rate: 84.13%, Draw rate: 6.33%
P: -7.30, N: -3.49, B: -1.82, R: -8.16, Q: -3.64, K: 0.61, M: 25.00
Game finished: 0-1
Win rate: 9.54%, Loss rate: 84.14%, Draw rate: 6.33%
P: -7.56, N: -3.41, B: -2.23, R: -8.32, Q: -3.65, K: 0.61, M: 25.00
Game finished: 1/2-1/2
Win rate: 9.53%, Loss rate: 84.11%, Draw rate: 6.36%
P: -7.33, N: -3.35, B: -2.27, R: -8.23, Q: -3.57, K: 0.61, M: 25.00
Game finished: 0-1
Win rate: 9.53%, Loss rate: 84.12%, Draw rate: 6.35%
P: -7.60, N: -3.29, B: -2.18, R: -8.21, Q: -3.67, K: 0.61, M: 25.00
Game finished: 0-1
Win rate: 9.53%, Loss rate: 84.12%, Draw rate: 6.35%
P: -7.28, N: -3.07, B: -1.75, R: -7.62, Q: -3.50, K: 0.61, M: 25.00
Game finished: 0-1
Win rate: 9.52%, Loss rate: 84.13%, Draw rate: 6.35%
P: -7.76, N: -3.40, B: -1.67, R: -7.88, Q: -3.81, K: 0.61, M: 25.00
Game finished: 0-1
Win rate: 9.52%, Loss rate: 84.13%, Draw rate: 6.35%
P: -7.40, N: -3.57, B: -1.77, R: -7.57, Q: -3.56, K: 0.61, M: 25.00
Game finished: 0-1
Win rate: 9.52%, Loss rate: 84.14%, Draw rate: 6.35%
P: -7.97, N: -3.82, B: -2.12, R: -7.86, Q: -3.84, K: 0.61, M: 25.00
Game finished: 0-1
Win rate: 9.52%, Loss rate: 84.14%, Draw rate: 6.34%
P: -7.61, N: -3.72, B: -1.81, R: -7.63, Q: -3.83, K: 0.61, M: 25.00
Game finished: 1-0
Win rate: 9.54%, Loss rate: 84.12%, Draw rate: 6.34%
P: -6.30, N: -4.60, B: -2.15, R: -7.64, Q: -4.13, K: 0.61, M: 25.00
Game finished: 0-1
Win rate: 9.54%, Loss rate: 84.12%, Draw rate: 6.34%
P: -7.52, N: -4.67, B: -2.29, R: -7.88, Q: -4.23, K: 0.61, M: 25.00
Game finished: 0-1
Win rate: 9.54%, Loss rate: 84.13%, Draw rate: 6.34%
P: -7.82, N: -4.60, B: -2.35, R: -8.04, Q: -4.50, K: 0.61, M: 25.00
Game finished: 0-1
Win rate: 9.53%, Loss rate: 84.13%, Draw rate: 6.34%
P: -7.84, N: -4.58, B: -2.52, R: -8.14, Q: -4.39, K: 0.61, M: 25.00
Game finished: 0-1
Win rate: 9.53%, Loss rate: 84.14%, Draw rate: 6.33%
P: -5.69, N: -4.50, B: -1.46, R: -7.42, Q: -3.69, K: 0.61, M: 25.00
Game finished: 0-1
Win rate: 9.53%, Loss rate: 84.14%, Draw rate: 6.33%
P: -6.14, N: -4.50, B: -0.91, R: -7.26, Q: -3.51, K: 0.61, M: 25.00
Game finished: 0-1
Win rate: 9.53%, Loss rate: 84.14%, Draw rate: 6.33%
P: -6.65, N: -4.40, B: -1.22, R: -7.46, Q: -3.45, K: 0.61, M: 25.00
Game finished: 1/2-1/2
Win rate: 9.52%, Loss rate: 84.12%, Draw rate: 6.36%
P: -7.17, N: -4.52, B: -1.13, R: -7.73, Q: -3.07, K: 0.61, M: 25.00
Game finished: 0-1
Win rate: 9.52%, Loss rate: 84.12%, Draw rate: 6.36%
P: -6.28, N: -3.98, B: -0.97, R: -7.37, Q: -3.08, K: 0.61, M: 25.00
Game finished: 0-1
Win rate: 9.52%, Loss rate: 84.13%, Draw rate: 6.35%
P: -9.00, N: -4.25, B: -1.68, R: -8.48, Q: -4.18, K: 0.61, M: 25.00
Game finished: 0-1
Win rate: 9.51%, Loss rate: 84.13%, Draw rate: 6.35%
P: -9.31, N: -4.63, B: -1.89, R: -8.88, Q: -4.16, K: 0.61, M: 25.00
Game finished: 0-1
Win rate: 9.51%, Loss rate: 84.14%, Draw rate: 6.35%
P: -6.88, N: -3.66, B: -1.03, R: -7.65, Q: -4.04, K: 0.61, M: 25.00
Game finished: 0-1
Win rate: 9.51%, Loss rate: 84.14%, Draw rate: 6.35%
P: -7.45, N: -3.78, B: -0.96, R: -7.56, Q: -3.91, K: 0.61, M: 25.00
Game finished: 0-1
Win rate: 9.51%, Loss rate: 84.15%, Draw rate: 6.35%
P: -6.86, N: -4.98, B: -0.18, R: -7.12, Q: -3.34, K: 0.61, M: 25.00
Game finished: 1/2-1/2
Win rate: 9.50%, Loss rate: 84.12%, Draw rate: 6.38%
P: -7.72, N: -5.16, B: -0.32, R: -7.74, Q: -3.47, K: 0.61, M: 25.00
Game finished: 0-1
Win rate: 9.50%, Loss rate: 84.13%, Draw rate: 6.37%
P: -8.71, N: -5.52, B: -0.47, R: -8.01, Q: -3.58, K: 0.61, M: 25.00
Game finished: 1/2-1/2
Win rate: 9.50%, Loss rate: 84.10%, Draw rate: 6.40%
P: -9.71, N: -5.12, B: -0.90, R: -8.80, Q: -3.66, K: 0.61, M: 25.00
Game finished: 1/2-1/2
Win rate: 9.49%, Loss rate: 84.08%, Draw rate: 6.43%
P: -9.90, N: -5.09, B: -1.40, R: -9.04, Q: -3.24, K: 0.61, M: 25.00
Game finished: 0-1
Win rate: 9.49%, Loss rate: 84.08%, Draw rate: 6.43%
P: -8.36, N: -5.04, B: -1.25, R: -8.39, Q: -3.26, K: 0.61, M: 25.00
Game finished: 0-1
Win rate: 9.49%, Loss rate: 84.09%, Draw rate: 6.43%
P: -8.65, N: -4.96, B: -1.33, R: -8.59, Q: -3.21, K: 0.61, M: 25.00
Game finished: 0-1
Win rate: 9.48%, Loss rate: 84.09%, Draw rate: 6.42%
Epsilon: 0.0941
Results saved to mf2_results/results.csv
Epsilon history saved to mf2_epsilon/epsilon.csv
Elapsed time: 0:23:27
P: -7.64, N: -4.87, B: -1.50, R: -8.44, Q: -3.25, K: 0.61, M: 25.00
Game finished: 0-1
Win rate: 9.48%, Loss rate: 84.10%, Draw rate: 6.42%
P: -8.12, N: -4.78, B: -1.61, R: -8.88, Q: -3.37, K: 0.61, M: 25.00
Game finished: 0-1
Win rate: 9.48%, Loss rate: 84.10%, Draw rate: 6.42%
P: -7.58, N: -4.71, B: -1.56, R: -8.81, Q: -3.31, K: 0.61, M: 25.00
Game finished: 0-1
Win rate: 9.48%, Loss rate: 84.11%, Draw rate: 6.42%
P: -6.57, N: -4.65, B: -1.41, R: -8.31, Q: -3.35, K: 0.61, M: 25.00
Game finished: 0-1
Win rate: 9.47%, Loss rate: 84.11%, Draw rate: 6.42%
P: -7.58, N: -4.62, B: -1.75, R: -8.51, Q: -3.38, K: 0.61, M: 25.00
Game finished: 0-1
Win rate: 9.47%, Loss rate: 84.11%, Draw rate: 6.41%
P: -6.74, N: -4.73, B: -1.95, R: -8.18, Q: -3.20, K: 0.61, M: 25.00
Game finished: 0-1
Win rate: 9.47%, Loss rate: 84.12%, Draw rate: 6.41%
P: -6.51, N: -4.54, B: -1.73, R: -7.82, Q: -3.21, K: 0.61, M: 25.00
Game finished: 0-1
Win rate: 9.46%, Loss rate: 84.12%, Draw rate: 6.41%
P: -6.15, N: -4.50, B: -1.14, R: -7.78, Q: -3.35, K: 0.61, M: 25.00
Game finished: 0-1
Win rate: 9.46%, Loss rate: 84.13%, Draw rate: 6.41%
P: -6.37, N: -4.60, B: -1.27, R: -7.84, Q: -3.45, K: 0.61, M: 25.00
Game finished: 0-1
Win rate: 9.46%, Loss rate: 84.13%, Draw rate: 6.41%
P: -6.33, N: -4.61, B: -1.32, R: -7.62, Q: -3.13, K: 0.61, M: 25.00
Game finished: 0-1
Win rate: 9.46%, Loss rate: 84.14%, Draw rate: 6.40%
P: -6.95, N: -4.87, B: -1.22, R: -7.80, Q: -3.07, K: 0.61, M: 25.00
Game finished: 0-1
Win rate: 9.45%, Loss rate: 84.14%, Draw rate: 6.40%
P: -7.18, N: -4.94, B: -1.34, R: -7.83, Q: -3.01, K: 0.61, M: 25.00
Game finished: 0-1
Win rate: 9.45%, Loss rate: 84.15%, Draw rate: 6.40%
P: -8.37, N: -4.82, B: -1.69, R: -8.25, Q: -2.94, K: 0.61, M: 25.00
Game finished: 0-1
Win rate: 9.45%, Loss rate: 84.15%, Draw rate: 6.40%
P: -5.04, N: -4.31, B: -1.07, R: -7.20, Q: -3.03, K: 0.61, M: 25.00
Game finished: 0-1
Win rate: 9.44%, Loss rate: 84.16%, Draw rate: 6.40%
P: -5.95, N: -3.93, B: -0.69, R: -7.09, Q: -2.89, K: 0.61, M: 25.00
Game finished: 0-1
Win rate: 9.44%, Loss rate: 84.16%, Draw rate: 6.40%
P: -6.76, N: -3.87, B: -0.90, R: -7.25, Q: -2.85, K: 0.61, M: 25.00
Game finished: 0-1
Win rate: 9.44%, Loss rate: 84.17%, Draw rate: 6.39%
P: -6.55, N: -4.54, B: -1.31, R: -7.55, Q: -3.11, K: 0.61, M: 25.00
Game finished: 0-1
Win rate: 9.44%, Loss rate: 84.17%, Draw rate: 6.39%
P: -6.28, N: -4.29, B: -1.30, R: -7.49, Q: -3.22, K: 0.61, M: 25.00
Game finished: 0-1
Win rate: 9.43%, Loss rate: 84.18%, Draw rate: 6.39%
P: -7.13, N: -4.86, B: -1.80, R: -8.10, Q: -3.39, K: 0.61, M: 25.00
Game finished: 0-1
Win rate: 9.43%, Loss rate: 84.18%, Draw rate: 6.39%
P: -5.56, N: -4.48, B: -1.41, R: -7.60, Q: -3.58, K: 0.61, M: 25.00
Game finished: 0-1
Win rate: 9.43%, Loss rate: 84.19%, Draw rate: 6.39%
P: -5.50, N: -4.43, B: -1.11, R: -7.31, Q: -3.68, K: 0.61, M: 25.00
Game finished: 0-1
Win rate: 9.42%, Loss rate: 84.19%, Draw rate: 6.38%
P: -6.80, N: -5.50, B: -1.32, R: -8.11, Q: -3.82, K: 0.61, M: 25.00
Game finished: 0-1
Win rate: 9.42%, Loss rate: 84.20%, Draw rate: 6.38%
P: -7.19, N: -5.66, B: -1.04, R: -8.34, Q: -3.86, K: 0.61, M: 25.00
Game finished: 0-1
Win rate: 9.42%, Loss rate: 84.20%, Draw rate: 6.38%
P: -7.57, N: -5.64, B: -1.23, R: -8.94, Q: -3.97, K: 0.61, M: 25.00
Game finished: 0-1
Win rate: 9.42%, Loss rate: 84.21%, Draw rate: 6.38%
P: -7.98, N: -5.69, B: -1.17, R: -8.87, Q: -4.11, K: 0.61, M: 25.00
Game finished: 0-1
Win rate: 9.41%, Loss rate: 84.21%, Draw rate: 6.38%
P: -7.21, N: -4.70, B: -0.54, R: -8.40, Q: -4.19, K: 0.61, M: 25.00
Game finished: 0-1
Win rate: 9.41%, Loss rate: 84.22%, Draw rate: 6.37%
P: -7.97, N: -4.95, B: -0.68, R: -9.04, Q: -4.45, K: 0.61, M: 25.00
Game finished: 0-1
Win rate: 9.41%, Loss rate: 84.22%, Draw rate: 6.37%
P: -7.59, N: -4.88, B: -0.45, R: -8.47, Q: -3.99, K: 0.61, M: 25.00
Game finished: 0-1
Win rate: 9.41%, Loss rate: 84.22%, Draw rate: 6.37%
P: -7.67, N: -4.91, B: -0.57, R: -8.51, Q: -4.04, K: 0.61, M: 25.00
Game finished: 0-1
Win rate: 9.40%, Loss rate: 84.23%, Draw rate: 6.37%
P: -8.59, N: -4.70, B: -0.54, R: -8.89, Q: -4.13, K: 0.61, M: 25.00
Game finished: 0-1
Win rate: 9.40%, Loss rate: 84.23%, Draw rate: 6.37%
P: -6.93, N: -4.12, B: -0.16, R: -8.33, Q: -4.11, K: 0.61, M: 25.00
Game finished: 0-1
Win rate: 9.40%, Loss rate: 84.24%, Draw rate: 6.36%
P: -7.12, N: -3.90, B: -0.10, R: -8.30, Q: -4.04, K: 0.61, M: 25.00
Game finished: 0-1
Win rate: 9.39%, Loss rate: 84.24%, Draw rate: 6.36%
P: -7.23, N: -3.77, B: -0.33, R: -8.30, Q: -4.09, K: 0.61, M: 25.00
Game finished: 0-1
Win rate: 9.39%, Loss rate: 84.25%, Draw rate: 6.36%
P: -8.08, N: -3.87, B: -0.73, R: -8.53, Q: -4.28, K: 0.61, M: 25.00
Game finished: 0-1
Win rate: 9.39%, Loss rate: 84.25%, Draw rate: 6.36%
P: -8.27, N: -3.98, B: -0.80, R: -8.48, Q: -4.24, K: 0.61, M: 25.00
Game finished: 0-1
Win rate: 9.39%, Loss rate: 84.26%, Draw rate: 6.36%
P: -7.42, N: -4.19, B: -0.56, R: -8.10, Q: -4.11, K: 0.61, M: 25.00
Game finished: 1/2-1/2
Win rate: 9.38%, Loss rate: 84.23%, Draw rate: 6.38%
P: -6.93, N: -3.79, B: -0.17, R: -7.68, Q: -3.82, K: 0.61, M: 25.00
Game finished: 0-1
Win rate: 9.38%, Loss rate: 84.24%, Draw rate: 6.38%
P: -7.82, N: -3.89, B: -0.26, R: -7.89, Q: -3.72, K: 0.61, M: 25.00
Game finished: 0-1
Win rate: 9.38%, Loss rate: 84.24%, Draw rate: 6.38%
P: -7.69, N: -3.91, B: -0.74, R: -8.10, Q: -3.87, K: 0.61, M: 25.00
Game finished: 0-1
Win rate: 9.37%, Loss rate: 84.25%, Draw rate: 6.38%
P: -7.16, N: -3.46, B: -0.51, R: -7.78, Q: -3.79, K: 0.61, M: 25.00
Game finished: 0-1
Win rate: 9.37%, Loss rate: 84.25%, Draw rate: 6.38%
P: -8.02, N: -3.57, B: -0.47, R: -8.28, Q: -4.28, K: 0.61, M: 25.00
Game finished: 0-1
Win rate: 9.37%, Loss rate: 84.26%, Draw rate: 6.38%
P: -7.08, N: -3.62, B: -0.59, R: -7.92, Q: -4.29, K: 0.61, M: 25.00
Game finished: 0-1
Win rate: 9.37%, Loss rate: 84.26%, Draw rate: 6.37%
P: -7.35, N: -3.58, B: -0.91, R: -8.03, Q: -4.65, K: 0.61, M: 25.00
Game finished: 0-1
Win rate: 9.36%, Loss rate: 84.27%, Draw rate: 6.37%
P: -7.89, N: -3.72, B: -1.11, R: -8.34, Q: -4.61, K: 0.61, M: 25.00
Game finished: 0-1
Win rate: 9.36%, Loss rate: 84.27%, Draw rate: 6.37%
P: -7.83, N: -3.59, B: -1.26, R: -8.53, Q: -4.50, K: 0.61, M: 25.00
Game finished: 0-1
Win rate: 9.36%, Loss rate: 84.28%, Draw rate: 6.37%
P: -8.27, N: -3.99, B: -1.36, R: -8.63, Q: -4.35, K: 0.61, M: 25.00
Game finished: 0-1
Win rate: 9.35%, Loss rate: 84.28%, Draw rate: 6.37%
P: -8.79, N: -4.20, B: -1.67, R: -8.80, Q: -4.30, K: 0.61, M: 25.00
Game finished: 0-1
Win rate: 9.35%, Loss rate: 84.28%, Draw rate: 6.36%
P: -7.48, N: -3.93, B: -1.66, R: -8.21, Q: -3.91, K: 0.61, M: 25.00
Game finished: 0-1
Win rate: 9.35%, Loss rate: 84.29%, Draw rate: 6.36%
P: -7.39, N: -4.30, B: -1.45, R: -8.03, Q: -3.87, K: 0.61, M: 25.00
Game finished: 0-1
Win rate: 9.35%, Loss rate: 84.29%, Draw rate: 6.36%
P: -7.62, N: -4.47, B: -1.63, R: -7.98, Q: -3.71, K: 0.61, M: 25.00
Game finished: 0-1
Win rate: 9.34%, Loss rate: 84.30%, Draw rate: 6.36%
P: -8.43, N: -4.27, B: -1.04, R: -6.87, Q: -2.68, K: 0.61, M: 25.00
Game finished: 0-1
Win rate: 9.34%, Loss rate: 84.30%, Draw rate: 6.36%
P: -5.95, N: -4.69, B: -0.39, R: -5.85, Q: -2.09, K: 0.61, M: 25.00
Game finished: 1/2-1/2
Win rate: 9.34%, Loss rate: 84.28%, Draw rate: 6.38%
P: -6.87, N: -4.63, B: -0.58, R: -6.64, Q: -2.49, K: 0.61, M: 25.00
Game finished: 0-1
Win rate: 9.33%, Loss rate: 84.28%, Draw rate: 6.38%
P: -6.74, N: -4.30, B: -0.17, R: -6.59, Q: -2.44, K: 0.61, M: 25.00
Game finished: 0-1
Win rate: 9.33%, Loss rate: 84.29%, Draw rate: 6.38%
P: -7.02, N: -4.20, B: -0.22, R: -6.63, Q: -2.26, K: 0.61, M: 25.00
Game finished: 0-1
Win rate: 9.33%, Loss rate: 84.29%, Draw rate: 6.38%
P: -4.81, N: -4.01, B: -0.06, R: -6.06, Q: -2.10, K: 0.61, M: 25.00
Game finished: 0-1
Win rate: 9.33%, Loss rate: 84.30%, Draw rate: 6.38%
P: -5.52, N: -4.02, B: -0.05, R: -6.35, Q: -2.38, K: 0.61, M: 25.00
Game finished: 0-1
Win rate: 9.32%, Loss rate: 84.30%, Draw rate: 6.37%
P: -8.04, N: -4.19, B: -0.45, R: -6.12, Q: -2.10, K: 0.61, M: 25.00
Game finished: 0-1
Win rate: 9.32%, Loss rate: 84.31%, Draw rate: 6.37%
P: -8.03, N: -4.37, B: -0.03, R: -5.76, Q: -2.28, K: 0.61, M: 25.00
Game finished: 0-1
Win rate: 9.32%, Loss rate: 84.31%, Draw rate: 6.37%
P: -7.86, N: -5.03, B: 0.33, R: -5.60, Q: -2.25, K: 0.61, M: 25.00
Game finished: 0-1
Win rate: 9.32%, Loss rate: 84.32%, Draw rate: 6.37%
P: -9.16, N: -5.47, B: -0.81, R: -6.78, Q: -2.56, K: 0.61, M: 25.00
Game finished: 0-1
Win rate: 9.31%, Loss rate: 84.32%, Draw rate: 6.37%
P: -8.53, N: -5.44, B: -0.64, R: -6.35, Q: -2.57, K: 0.61, M: 25.00
Game finished: 0-1
Win rate: 9.31%, Loss rate: 84.32%, Draw rate: 6.37%
P: -8.32, N: -5.16, B: -0.94, R: -6.27, Q: -2.60, K: 0.61, M: 25.00
Game finished: 0-1
Win rate: 9.31%, Loss rate: 84.33%, Draw rate: 6.36%
P: -7.49, N: -4.96, B: -0.73, R: -6.10, Q: -2.81, K: 0.61, M: 25.00
Game finished: 1-0
Win rate: 9.33%, Loss rate: 84.30%, Draw rate: 6.36%
P: -7.78, N: -4.97, B: -0.89, R: -6.19, Q: -2.83, K: 0.61, M: 25.00
Game finished: 0-1
Win rate: 9.33%, Loss rate: 84.31%, Draw rate: 6.36%
P: -7.61, N: -5.12, B: -1.32, R: -6.57, Q: -2.95, K: 0.61, M: 25.00
Game finished: 0-1
Win rate: 9.33%, Loss rate: 84.31%, Draw rate: 6.36%
P: -8.15, N: -5.35, B: -1.86, R: -7.04, Q: -2.73, K: 0.61, M: 25.00
Game finished: 0-1
Win rate: 9.33%, Loss rate: 84.32%, Draw rate: 6.36%
P: -7.12, N: -5.51, B: -1.66, R: -6.71, Q: -2.71, K: 0.61, M: 25.00
Game finished: 0-1
Win rate: 9.32%, Loss rate: 84.32%, Draw rate: 6.35%
P: -6.13, N: -5.60, B: -1.55, R: -6.58, Q: -2.45, K: 0.61, M: 25.00
Game finished: 0-1
Win rate: 9.32%, Loss rate: 84.33%, Draw rate: 6.35%
P: -6.41, N: -5.84, B: -1.62, R: -6.90, Q: -2.65, K: 0.61, M: 25.00
Game finished: 0-1
Win rate: 9.32%, Loss rate: 84.33%, Draw rate: 6.35%
P: -7.20, N: -5.43, B: -1.79, R: -7.31, Q: -2.81, K: 0.61, M: 25.00
Game finished: 0-1
Win rate: 9.31%, Loss rate: 84.34%, Draw rate: 6.35%
P: -5.91, N: -5.24, B: -1.65, R: -6.85, Q: -2.80, K: 0.61, M: 25.00
Game finished: 0-1
Win rate: 9.31%, Loss rate: 84.34%, Draw rate: 6.35%
P: -7.20, N: -5.41, B: -1.96, R: -7.02, Q: -2.79, K: 0.61, M: 25.00
Game finished: 0-1
Win rate: 9.31%, Loss rate: 84.35%, Draw rate: 6.34%
P: -7.95, N: -5.18, B: -2.09, R: -7.06, Q: -2.71, K: 0.61, M: 25.00
Game finished: 0-1
Win rate: 9.31%, Loss rate: 84.35%, Draw rate: 6.34%
P: -7.32, N: -4.60, B: -1.91, R: -6.50, Q: -2.69, K: 0.61, M: 25.00
Game finished: 0-1
Win rate: 9.30%, Loss rate: 84.36%, Draw rate: 6.34%
P: -6.47, N: -4.17, B: -1.85, R: -5.93, Q: -2.65, K: 0.61, M: 25.00
Game finished: 0-1
Win rate: 9.30%, Loss rate: 84.36%, Draw rate: 6.34%
P: -7.02, N: -4.22, B: -2.00, R: -5.74, Q: -2.61, K: 0.61, M: 25.00
Game finished: 0-1
Win rate: 9.30%, Loss rate: 84.36%, Draw rate: 6.34%
P: -7.67, N: -4.40, B: -2.26, R: -6.21, Q: -2.84, K: 0.61, M: 25.00
Game finished: 0-1
Win rate: 9.30%, Loss rate: 84.37%, Draw rate: 6.34%
P: -6.20, N: -4.06, B: -1.75, R: -5.22, Q: -2.87, K: 0.61, M: 25.00
Game finished: 0-1
Win rate: 9.29%, Loss rate: 84.37%, Draw rate: 6.33%
P: -5.56, N: -3.93, B: -1.78, R: -5.12, Q: -2.80, K: 0.61, M: 25.00
Game finished: 1-0
Win rate: 9.32%, Loss rate: 84.35%, Draw rate: 6.33%
P: -5.91, N: -4.18, B: -1.68, R: -5.16, Q: -2.90, K: 0.61, M: 25.00
Game finished: 0-1
Win rate: 9.32%, Loss rate: 84.35%, Draw rate: 6.33%
P: -7.15, N: -3.96, B: -1.75, R: -5.39, Q: -3.33, K: 0.61, M: 25.00
Game finished: 1/2-1/2
Win rate: 9.31%, Loss rate: 84.33%, Draw rate: 6.36%
P: -7.71, N: -4.31, B: -1.85, R: -5.65, Q: -3.51, K: 0.61, M: 25.00
Game finished: 0-1
Win rate: 9.31%, Loss rate: 84.33%, Draw rate: 6.36%
P: -5.75, N: -4.35, B: -1.50, R: -5.11, Q: -3.31, K: 0.61, M: 25.00
Game finished: 1/2-1/2
Win rate: 9.31%, Loss rate: 84.31%, Draw rate: 6.38%
P: -5.11, N: -4.30, B: -1.20, R: -4.96, Q: -3.13, K: 0.61, M: 25.00
Game finished: 0-1
Win rate: 9.31%, Loss rate: 84.31%, Draw rate: 6.38%
P: -6.89, N: -4.67, B: -1.22, R: -5.62, Q: -3.19, K: 0.61, M: 25.00
Game finished: 0-1
Win rate: 9.30%, Loss rate: 84.32%, Draw rate: 6.38%
P: -6.93, N: -4.77, B: -0.44, R: -5.46, Q: -3.11, K: 0.61, M: 25.00
Game finished: 0-1
Win rate: 9.30%, Loss rate: 84.32%, Draw rate: 6.38%
P: -7.42, N: -4.98, B: -0.18, R: -5.70, Q: -3.31, K: 0.61, M: 25.00
Game finished: 0-1
Win rate: 9.30%, Loss rate: 84.33%, Draw rate: 6.38%
P: -7.92, N: -4.89, B: -0.58, R: -6.00, Q: -3.57, K: 0.61, M: 25.00
Game finished: 1/2-1/2
Win rate: 9.29%, Loss rate: 84.30%, Draw rate: 6.40%
P: -6.74, N: -4.89, B: -0.50, R: -5.38, Q: -3.68, K: 0.61, M: 25.00
Game finished: 0-1
Win rate: 9.29%, Loss rate: 84.31%, Draw rate: 6.40%
P: -7.54, N: -5.59, B: -1.43, R: -5.85, Q: -3.46, K: 0.61, M: 25.00
Game finished: 0-1
Win rate: 9.29%, Loss rate: 84.31%, Draw rate: 6.40%
P: -7.28, N: -5.82, B: -2.36, R: -5.92, Q: -4.10, K: 0.61, M: 25.00
Game finished: 0-1
Win rate: 9.29%, Loss rate: 84.32%, Draw rate: 6.40%
P: -7.99, N: -5.71, B: -2.27, R: -6.23, Q: -4.31, K: 0.61, M: 25.00
Game finished: 0-1
Win rate: 9.28%, Loss rate: 84.32%, Draw rate: 6.40%
P: -7.45, N: -5.80, B: -2.55, R: -6.19, Q: -4.28, K: 0.61, M: 25.00
Game finished: 0-1
Win rate: 9.28%, Loss rate: 84.33%, Draw rate: 6.39%
P: -7.35, N: -5.64, B: -2.47, R: -6.28, Q: -4.48, K: 0.61, M: 25.00
Game finished: 0-1
Win rate: 9.28%, Loss rate: 84.33%, Draw rate: 6.39%
P: -7.60, N: -5.69, B: -2.54, R: -6.85, Q: -4.91, K: 0.61, M: 25.00
Game finished: 0-1
Win rate: 9.28%, Loss rate: 84.33%, Draw rate: 6.39%
P: -7.32, N: -5.82, B: -2.59, R: -6.94, Q: -5.14, K: 0.61, M: 25.00
Game finished: 0-1
Win rate: 9.27%, Loss rate: 84.34%, Draw rate: 6.39%
P: -7.68, N: -5.38, B: -2.27, R: -6.72, Q: -5.11, K: 0.61, M: 25.00
Game finished: 0-1
Win rate: 9.27%, Loss rate: 84.34%, Draw rate: 6.39%
P: -7.68, N: -5.14, B: -2.27, R: -7.28, Q: -5.17, K: 0.61, M: 25.00
Game finished: 0-1
Win rate: 9.27%, Loss rate: 84.35%, Draw rate: 6.38%
P: -6.84, N: -4.98, B: -2.14, R: -6.90, Q: -5.10, K: 0.61, M: 25.00
Game finished: 0-1
Win rate: 9.26%, Loss rate: 84.35%, Draw rate: 6.38%
Epsilon: 0.0941
Results saved to mf2_results/results.csv
Epsilon history saved to mf2_epsilon/epsilon.csv
Elapsed time: 0:24:19
P: -7.39, N: -4.86, B: -2.06, R: -7.06, Q: -5.24, K: 0.61, M: 25.00
Game finished: 0-1
Win rate: 9.26%, Loss rate: 84.36%, Draw rate: 6.38%
P: -8.05, N: -4.79, B: -2.19, R: -6.78, Q: -5.25, K: 0.61, M: 25.00
Game finished: 0-1
Win rate: 9.26%, Loss rate: 84.36%, Draw rate: 6.38%
P: -8.27, N: -4.53, B: -2.11, R: -6.82, Q: -4.97, K: 0.61, M: 25.00
Game finished: 0-1
Win rate: 9.26%, Loss rate: 84.37%, Draw rate: 6.38%
P: -8.65, N: -4.60, B: -2.35, R: -7.25, Q: -5.29, K: 0.61, M: 25.00
Game finished: 0-1
Win rate: 9.25%, Loss rate: 84.37%, Draw rate: 6.37%
P: -7.98, N: -4.43, B: -2.18, R: -6.95, Q: -5.27, K: 0.61, M: 25.00
Game finished: 1/2-1/2
Win rate: 9.25%, Loss rate: 84.35%, Draw rate: 6.40%
P: -7.22, N: -3.77, B: -1.75, R: -6.36, Q: -5.00, K: 0.61, M: 25.00
Game finished: 0-1
Win rate: 9.25%, Loss rate: 84.35%, Draw rate: 6.40%
P: -7.35, N: -4.02, B: -1.94, R: -6.56, Q: -5.07, K: 0.61, M: 25.00
Game finished: 0-1
Win rate: 9.25%, Loss rate: 84.36%, Draw rate: 6.40%
P: -7.28, N: -3.85, B: -1.70, R: -6.82, Q: -5.19, K: 0.61, M: 25.00
Game finished: 0-1
Win rate: 9.24%, Loss rate: 84.36%, Draw rate: 6.40%
P: -6.96, N: -3.89, B: -1.53, R: -6.54, Q: -5.05, K: 0.61, M: 25.00
Game finished: 0-1
Win rate: 9.24%, Loss rate: 84.36%, Draw rate: 6.39%
P: -7.70, N: -3.86, B: -1.74, R: -6.78, Q: -4.87, K: 0.61, M: 25.00
Game finished: 0-1
Win rate: 9.24%, Loss rate: 84.37%, Draw rate: 6.39%
P: -8.14, N: -3.99, B: -1.81, R: -6.70, Q: -4.87, K: 0.61, M: 25.00
Game finished: 0-1
Win rate: 9.23%, Loss rate: 84.37%, Draw rate: 6.39%
P: -7.36, N: -4.43, B: -1.73, R: -6.67, Q: -4.86, K: 0.61, M: 25.00
Game finished: 0-1
Win rate: 9.23%, Loss rate: 84.38%, Draw rate: 6.39%
P: -6.88, N: -4.55, B: -1.75, R: -6.66, Q: -4.69, K: 0.61, M: 25.00
Game finished: 1-0
Win rate: 9.26%, Loss rate: 84.35%, Draw rate: 6.39%
P: -6.91, N: -4.54, B: -1.80, R: -6.80, Q: -4.72, K: 0.61, M: 25.00
Game finished: 0-1
Win rate: 9.26%, Loss rate: 84.36%, Draw rate: 6.39%
P: -8.25, N: -4.90, B: -2.30, R: -7.16, Q: -5.10, K: 0.61, M: 25.00
Game finished: 0-1
Win rate: 9.25%, Loss rate: 84.36%, Draw rate: 6.38%
P: -7.51, N: -4.18, B: -1.65, R: -6.88, Q: -4.39, K: 0.61, M: 25.00
Game finished: 0-1
Win rate: 9.25%, Loss rate: 84.37%, Draw rate: 6.38%
P: -7.84, N: -4.10, B: -1.75, R: -6.97, Q: -4.43, K: 0.61, M: 25.00
Game finished: 0-1
Win rate: 9.25%, Loss rate: 84.37%, Draw rate: 6.38%
P: -7.80, N: -4.34, B: -1.67, R: -7.28, Q: -4.48, K: 0.61, M: 25.00
Game finished: 0-1
Win rate: 9.25%, Loss rate: 84.38%, Draw rate: 6.38%
P: -7.47, N: -4.13, B: -1.46, R: -7.06, Q: -4.41, K: 0.61, M: 25.00
Game finished: 0-1
Win rate: 9.24%, Loss rate: 84.38%, Draw rate: 6.38%
P: -7.47, N: -4.13, B: -1.35, R: -7.03, Q: -4.21, K: 0.61, M: 25.00
Game finished: 0-1
Win rate: 9.24%, Loss rate: 84.39%, Draw rate: 6.37%
P: -7.64, N: -4.25, B: -1.23, R: -7.07, Q: -4.38, K: 0.61, M: 25.00
Game finished: 0-1
Win rate: 9.24%, Loss rate: 84.39%, Draw rate: 6.37%
P: -7.33, N: -4.49, B: -1.33, R: -7.00, Q: -4.31, K: 0.61, M: 25.00
Game finished: 0-1
Win rate: 9.23%, Loss rate: 84.40%, Draw rate: 6.37%
P: -7.55, N: -4.41, B: -1.55, R: -7.14, Q: -4.02, K: 0.61, M: 25.00
Game finished: 0-1
Win rate: 9.23%, Loss rate: 84.40%, Draw rate: 6.37%
P: -7.36, N: -4.47, B: -1.52, R: -7.19, Q: -3.92, K: 0.61, M: 25.00
Game finished: 0-1
Win rate: 9.23%, Loss rate: 84.40%, Draw rate: 6.37%
P: -7.63, N: -4.53, B: -1.64, R: -6.99, Q: -3.59, K: 0.61, M: 25.00
Game finished: 0-1
Win rate: 9.23%, Loss rate: 84.41%, Draw rate: 6.36%
P: -8.43, N: -4.50, B: -1.83, R: -7.35, Q: -3.86, K: 0.61, M: 25.00
Game finished: 0-1
Win rate: 9.22%, Loss rate: 84.41%, Draw rate: 6.36%
P: -7.38, N: -4.72, B: -1.58, R: -7.21, Q: -3.98, K: 0.61, M: 25.00
Game finished: 1/2-1/2
Win rate: 9.22%, Loss rate: 84.39%, Draw rate: 6.39%
P: -8.71, N: -5.37, B: -2.09, R: -7.99, Q: -4.22, K: 0.61, M: 25.00
Game finished: 0-1
Win rate: 9.22%, Loss rate: 84.39%, Draw rate: 6.39%
P: -8.15, N: -5.54, B: -2.39, R: -7.83, Q: -4.08, K: 0.61, M: 25.00
Game finished: 1-0
Win rate: 9.24%, Loss rate: 84.37%, Draw rate: 6.39%
P: -7.91, N: -5.31, B: -2.55, R: -7.90, Q: -4.02, K: 0.61, M: 25.00
Game finished: 0-1
Win rate: 9.24%, Loss rate: 84.37%, Draw rate: 6.38%
P: -7.88, N: -5.15, B: -2.44, R: -7.83, Q: -3.99, K: 0.61, M: 25.00
Game finished: 0-1
Win rate: 9.24%, Loss rate: 84.38%, Draw rate: 6.38%
P: -7.85, N: -5.34, B: -2.58, R: -7.87, Q: -4.05, K: 0.61, M: 25.00
Game finished: 0-1
Win rate: 9.24%, Loss rate: 84.38%, Draw rate: 6.38%
P: -7.09, N: -4.94, B: -2.52, R: -7.45, Q: -4.13, K: 0.61, M: 25.00
Game finished: 0-1
Win rate: 9.23%, Loss rate: 84.39%, Draw rate: 6.38%
P: -5.85, N: -4.69, B: -2.22, R: -7.33, Q: -3.55, K: 0.61, M: 25.00
Game finished: 0-1
Win rate: 9.23%, Loss rate: 84.39%, Draw rate: 6.38%
P: -4.95, N: -4.50, B: -2.14, R: -7.35, Q: -3.37, K: 0.61, M: 25.00
Game finished: 0-1
Win rate: 9.23%, Loss rate: 84.40%, Draw rate: 6.38%
P: -5.16, N: -4.64, B: -2.22, R: -7.43, Q: -3.36, K: 0.61, M: 25.00
Game finished: 0-1
Win rate: 9.23%, Loss rate: 84.40%, Draw rate: 6.37%
P: -5.40, N: -4.32, B: -2.02, R: -7.53, Q: -4.21, K: 0.61, M: 25.00
Game finished: 0-1
Win rate: 9.22%, Loss rate: 84.41%, Draw rate: 6.37%
P: -5.35, N: -4.16, B: -1.54, R: -6.73, Q: -3.61, K: 0.61, M: 25.00
Game finished: 0-1
Win rate: 9.22%, Loss rate: 84.41%, Draw rate: 6.37%
P: -5.76, N: -4.13, B: -1.89, R: -7.12, Q: -3.62, K: 0.61, M: 25.00
Game finished: 0-1
Win rate: 9.22%, Loss rate: 84.41%, Draw rate: 6.37%
P: -5.34, N: -3.85, B: -2.07, R: -7.20, Q: -3.33, K: 0.61, M: 25.00
Game finished: 0-1
Win rate: 9.22%, Loss rate: 84.42%, Draw rate: 6.37%
P: -6.29, N: -3.85, B: -2.26, R: -6.99, Q: -3.16, K: 0.61, M: 25.00
Game finished: 0-1
Win rate: 9.21%, Loss rate: 84.42%, Draw rate: 6.36%
P: -7.46, N: -3.80, B: -2.42, R: -7.70, Q: -3.38, K: 0.61, M: 25.00
Game finished: 0-1
Win rate: 9.21%, Loss rate: 84.43%, Draw rate: 6.36%
P: -7.02, N: -3.61, B: -2.29, R: -7.42, Q: -2.96, K: 0.61, M: 25.00
Game finished: 0-1
Win rate: 9.21%, Loss rate: 84.43%, Draw rate: 6.36%
P: -6.26, N: -3.36, B: -1.94, R: -6.53, Q: -3.01, K: 0.61, M: 25.00
Game finished: 0-1
Win rate: 9.20%, Loss rate: 84.44%, Draw rate: 6.36%
P: -7.43, N: -3.56, B: -1.76, R: -7.46, Q: -3.63, K: 0.61, M: 25.00
Game finished: 0-1
Win rate: 9.20%, Loss rate: 84.44%, Draw rate: 6.36%
P: -7.77, N: -3.57, B: -2.13, R: -7.94, Q: -3.67, K: 0.61, M: 25.00
Game finished: 0-1
Win rate: 9.20%, Loss rate: 84.45%, Draw rate: 6.36%
P: -7.92, N: -3.45, B: -1.96, R: -7.27, Q: -3.35, K: 0.61, M: 25.00
Game finished: 0-1
Win rate: 9.20%, Loss rate: 84.45%, Draw rate: 6.35%
P: -7.69, N: -3.65, B: -1.90, R: -7.16, Q: -3.28, K: 0.61, M: 25.00
Game finished: 0-1
Win rate: 9.19%, Loss rate: 84.45%, Draw rate: 6.35%
P: -8.20, N: -4.27, B: -2.29, R: -7.80, Q: -3.36, K: 0.61, M: 25.00
Game finished: 0-1
Win rate: 9.19%, Loss rate: 84.46%, Draw rate: 6.35%
P: -7.63, N: -4.17, B: -2.19, R: -7.69, Q: -3.21, K: 0.61, M: 25.00
Game finished: 0-1
Win rate: 9.19%, Loss rate: 84.46%, Draw rate: 6.35%
P: -8.10, N: -4.12, B: -2.33, R: -7.54, Q: -3.26, K: 0.61, M: 25.00
Game finished: 0-1
Win rate: 9.19%, Loss rate: 84.47%, Draw rate: 6.35%
P: -8.50, N: -4.14, B: -2.69, R: -7.71, Q: -3.16, K: 0.61, M: 25.00
Game finished: 1/2-1/2
Win rate: 9.18%, Loss rate: 84.44%, Draw rate: 6.37%
P: -8.32, N: -3.99, B: -2.66, R: -7.69, Q: -3.25, K: 0.61, M: 25.00
Game finished: 0-1
Win rate: 9.18%, Loss rate: 84.45%, Draw rate: 6.37%
P: -6.20, N: -3.64, B: -0.85, R: -6.44, Q: -2.93, K: 0.61, M: 25.00
Game finished: 0-1
Win rate: 9.18%, Loss rate: 84.45%, Draw rate: 6.37%
P: -8.93, N: -3.93, B: -1.82, R: -7.41, Q: -3.28, K: 0.61, M: 25.00
Game finished: 0-1
Win rate: 9.18%, Loss rate: 84.46%, Draw rate: 6.37%
P: -7.52, N: -3.72, B: -2.00, R: -7.07, Q: -3.06, K: 0.61, M: 25.00
Game finished: 0-1
Win rate: 9.17%, Loss rate: 84.46%, Draw rate: 6.37%
P: -7.28, N: -3.83, B: -2.09, R: -6.85, Q: -2.88, K: 0.61, M: 25.00
Game finished: 1/2-1/2
Win rate: 9.17%, Loss rate: 84.44%, Draw rate: 6.39%
P: -6.89, N: -3.72, B: -2.13, R: -6.75, Q: -2.98, K: 0.61, M: 25.00
Game finished: 0-1
Win rate: 9.17%, Loss rate: 84.44%, Draw rate: 6.39%
P: -7.74, N: -3.61, B: -2.50, R: -7.07, Q: -3.28, K: 0.61, M: 25.00
Game finished: 0-1
Win rate: 9.16%, Loss rate: 84.45%, Draw rate: 6.39%
P: -6.53, N: -3.52, B: -2.18, R: -6.71, Q: -3.36, K: 0.61, M: 25.00
Game finished: 0-1
Win rate: 9.16%, Loss rate: 84.45%, Draw rate: 6.39%
P: -7.83, N: -4.21, B: -2.80, R: -7.11, Q: -4.09, K: 0.61, M: 25.00
Game finished: 0-1
Win rate: 9.16%, Loss rate: 84.46%, Draw rate: 6.39%
P: -7.27, N: -4.38, B: -2.89, R: -7.09, Q: -3.63, K: 0.61, M: 25.00
Game finished: 0-1
Win rate: 9.16%, Loss rate: 84.46%, Draw rate: 6.38%
P: -7.38, N: -4.37, B: -2.90, R: -7.14, Q: -3.65, K: 0.61, M: 25.00
Game finished: 0-1
Win rate: 9.15%, Loss rate: 84.46%, Draw rate: 6.38%
P: -7.74, N: -4.42, B: -3.16, R: -7.41, Q: -3.53, K: 0.61, M: 25.00
Game finished: 0-1
Win rate: 9.15%, Loss rate: 84.47%, Draw rate: 6.38%
P: -4.79, N: -4.41, B: -2.47, R: -6.50, Q: -3.52, K: 0.61, M: 25.00
Game finished: 0-1
Win rate: 9.15%, Loss rate: 84.47%, Draw rate: 6.38%
P: -5.39, N: -5.02, B: -3.27, R: -8.19, Q: -3.84, K: 0.61, M: 25.00
Game finished: 0-1
Win rate: 9.15%, Loss rate: 84.48%, Draw rate: 6.38%
P: -5.05, N: -4.21, B: -2.95, R: -7.59, Q: -3.52, K: 0.61, M: 25.00
Game finished: 0-1
Win rate: 9.14%, Loss rate: 84.48%, Draw rate: 6.37%
P: -6.15, N: -4.42, B: -3.31, R: -7.92, Q: -3.41, K: 0.61, M: 25.00
Game finished: 0-1
Win rate: 9.14%, Loss rate: 84.49%, Draw rate: 6.37%
P: -6.65, N: -4.36, B: -3.28, R: -8.02, Q: -3.62, K: 0.61, M: 25.00
Game finished: 0-1
Win rate: 9.14%, Loss rate: 84.49%, Draw rate: 6.37%
P: -6.30, N: -4.32, B: -3.38, R: -7.83, Q: -3.60, K: 0.61, M: 25.00
Game finished: 0-1
Win rate: 9.14%, Loss rate: 84.50%, Draw rate: 6.37%
P: -5.98, N: -3.12, B: -2.30, R: -6.95, Q: -2.88, K: 0.61, M: 25.00
Game finished: 0-1
Win rate: 9.13%, Loss rate: 84.50%, Draw rate: 6.37%
P: -8.16, N: -3.03, B: -3.26, R: -7.66, Q: -3.93, K: 0.61, M: 25.00
Game finished: 0-1
Win rate: 9.13%, Loss rate: 84.50%, Draw rate: 6.37%
P: -8.25, N: -2.94, B: -3.22, R: -7.63, Q: -3.87, K: 0.61, M: 25.00
Game finished: 0-1
Win rate: 9.13%, Loss rate: 84.51%, Draw rate: 6.36%
P: -8.31, N: -3.01, B: -3.22, R: -7.87, Q: -4.05, K: 0.61, M: 25.00
Game finished: 0-1
Win rate: 9.12%, Loss rate: 84.51%, Draw rate: 6.36%
P: -7.75, N: -3.18, B: -2.28, R: -7.63, Q: -2.83, K: 0.61, M: 25.00
Game finished: 0-1
Win rate: 9.12%, Loss rate: 84.52%, Draw rate: 6.36%
P: -9.65, N: -3.72, B: -2.69, R: -8.01, Q: -3.05, K: 0.61, M: 25.00
Game finished: 0-1
Win rate: 9.12%, Loss rate: 84.52%, Draw rate: 6.36%
P: -9.34, N: -2.89, B: -2.33, R: -8.18, Q: -3.15, K: 0.61, M: 25.00
Game finished: 0-1
Win rate: 9.12%, Loss rate: 84.53%, Draw rate: 6.36%
P: -8.55, N: -2.40, B: -2.22, R: -8.08, Q: -3.20, K: 0.61, M: 25.00
Game finished: 0-1
Win rate: 9.11%, Loss rate: 84.53%, Draw rate: 6.35%
P: -8.66, N: -2.58, B: -2.56, R: -8.41, Q: -3.33, K: 0.61, M: 25.00
Game finished: 0-1
Win rate: 9.11%, Loss rate: 84.54%, Draw rate: 6.35%
P: -7.63, N: -2.10, B: -2.36, R: -8.11, Q: -3.59, K: 0.61, M: 25.00
Game finished: 0-1
Win rate: 9.11%, Loss rate: 84.54%, Draw rate: 6.35%
P: -8.01, N: -2.11, B: -2.43, R: -8.50, Q: -3.57, K: 0.61, M: 25.00
Game finished: 1-0
Win rate: 9.14%, Loss rate: 84.52%, Draw rate: 6.35%
P: -6.86, N: -2.31, B: -3.05, R: -7.96, Q: -3.35, K: 0.61, M: 25.00
Game finished: 1-0
Win rate: 9.16%, Loss rate: 84.49%, Draw rate: 6.35%
P: -6.80, N: -1.97, B: -3.40, R: -7.86, Q: -3.28, K: 0.61, M: 25.00
Game finished: 0-1
Win rate: 9.16%, Loss rate: 84.50%, Draw rate: 6.35%
P: -7.27, N: -2.01, B: -3.49, R: -6.91, Q: -3.87, K: 0.61, M: 25.00
Game finished: 1/2-1/2
Win rate: 9.16%, Loss rate: 84.47%, Draw rate: 6.37%
P: -8.85, N: -2.63, B: -4.03, R: -7.25, Q: -3.90, K: 0.61, M: 25.00
Game finished: 0-1
Win rate: 9.15%, Loss rate: 84.48%, Draw rate: 6.37%
P: -9.59, N: -2.79, B: -4.34, R: -7.56, Q: -3.74, K: 0.61, M: 25.00
Game finished: 0-1
Win rate: 9.15%, Loss rate: 84.48%, Draw rate: 6.37%
P: -5.24, N: -2.84, B: -3.56, R: -6.01, Q: -3.54, K: 0.61, M: 25.00
Game finished: 0-1
Win rate: 9.15%, Loss rate: 84.49%, Draw rate: 6.37%
P: -5.44, N: -2.77, B: -3.62, R: -6.26, Q: -3.34, K: 0.61, M: 25.00
Game finished: 0-1
Win rate: 9.15%, Loss rate: 84.49%, Draw rate: 6.36%
P: -5.25, N: -3.02, B: -2.94, R: -5.69, Q: -2.82, K: 0.61, M: 25.00
Game finished: 0-1
Win rate: 9.14%, Loss rate: 84.49%, Draw rate: 6.36%
P: -7.26, N: -3.34, B: -2.97, R: -6.22, Q: -3.19, K: 0.61, M: 25.00
Game finished: 0-1
Win rate: 9.14%, Loss rate: 84.50%, Draw rate: 6.36%
P: -8.67, N: -3.71, B: -3.51, R: -6.80, Q: -3.19, K: 0.61, M: 25.00
Game finished: 0-1
Win rate: 9.14%, Loss rate: 84.50%, Draw rate: 6.36%
P: -8.71, N: -3.50, B: -3.56, R: -6.74, Q: -3.36, K: 0.61, M: 25.00
Game finished: 0-1
Win rate: 9.14%, Loss rate: 84.51%, Draw rate: 6.36%
P: -8.70, N: -3.47, B: -3.47, R: -6.84, Q: -3.34, K: 0.61, M: 25.00
Game finished: 0-1
Win rate: 9.13%, Loss rate: 84.51%, Draw rate: 6.36%
P: -8.09, N: -3.52, B: -3.66, R: -7.05, Q: -3.12, K: 0.61, M: 25.00
Game finished: 0-1
Win rate: 9.13%, Loss rate: 84.52%, Draw rate: 6.35%
P: -7.96, N: -3.55, B: -3.81, R: -7.43, Q: -3.31, K: 0.61, M: 25.00
Game finished: 0-1
Win rate: 9.13%, Loss rate: 84.52%, Draw rate: 6.35%
P: -7.06, N: -2.34, B: -2.94, R: -6.49, Q: -2.58, K: 0.61, M: 25.00
Game finished: 0-1
Win rate: 9.12%, Loss rate: 84.53%, Draw rate: 6.35%
P: -7.25, N: -2.52, B: -3.41, R: -6.89, Q: -2.40, K: 0.61, M: 25.00
Game finished: 0-1
Win rate: 9.12%, Loss rate: 84.53%, Draw rate: 6.35%
P: -7.98, N: -3.04, B: -4.06, R: -7.44, Q: -2.84, K: 0.61, M: 25.00
Game finished: 0-1
Win rate: 9.12%, Loss rate: 84.53%, Draw rate: 6.35%
P: -8.40, N: -2.85, B: -4.10, R: -7.41, Q: -2.82, K: 0.61, M: 25.00
Game finished: 0-1
Win rate: 9.12%, Loss rate: 84.54%, Draw rate: 6.34%
P: -8.01, N: -2.72, B: -3.08, R: -7.14, Q: -2.66, K: 0.61, M: 25.00
Game finished: 1/2-1/2
Win rate: 9.11%, Loss rate: 84.51%, Draw rate: 6.37%
Epsilon: 0.0940
Results saved to mf2_results/results.csv
Epsilon history saved to mf2_epsilon/epsilon.csv
Elapsed time: 0:25:07
P: -7.48, N: -2.91, B: -2.63, R: -6.82, Q: -2.57, K: 0.61, M: 25.00
Game finished: 0-1
Win rate: 9.11%, Loss rate: 84.52%, Draw rate: 6.37%
P: -7.42, N: -2.99, B: -2.67, R: -6.52, Q: -2.48, K: 0.61, M: 25.00
Game finished: 0-1
Win rate: 9.11%, Loss rate: 84.52%, Draw rate: 6.37%
P: -8.16, N: -2.82, B: -2.96, R: -6.62, Q: -2.71, K: 0.61, M: 25.00
Game finished: 0-1
Win rate: 9.11%, Loss rate: 84.53%, Draw rate: 6.37%
P: -10.00, N: -3.53, B: -2.84, R: -6.91, Q: -2.95, K: 0.61, M: 25.00
Game finished: 0-1
Win rate: 9.10%, Loss rate: 84.53%, Draw rate: 6.36%
P: -8.86, N: -3.80, B: -3.21, R: -6.81, Q: -2.80, K: 0.61, M: 25.00
Game finished: 0-1
Win rate: 9.10%, Loss rate: 84.54%, Draw rate: 6.36%
P: -8.31, N: -3.43, B: -3.23, R: -6.46, Q: -2.20, K: 0.61, M: 25.00
Game finished: 0-1
Win rate: 9.10%, Loss rate: 84.54%, Draw rate: 6.36%
P: -9.76, N: -3.65, B: -3.55, R: -7.14, Q: -2.13, K: 0.61, M: 25.00
Game finished: 0-1
Win rate: 9.10%, Loss rate: 84.55%, Draw rate: 6.36%
P: -10.01, N: -4.03, B: -4.37, R: -7.53, Q: -2.10, K: 0.61, M: 25.00
Game finished: 0-1
Win rate: 9.09%, Loss rate: 84.55%, Draw rate: 6.36%
P: -8.15, N: -4.00, B: -3.88, R: -7.09, Q: -1.86, K: 0.61, M: 25.00
Game finished: 0-1
Win rate: 9.09%, Loss rate: 84.55%, Draw rate: 6.36%
P: -8.79, N: -4.26, B: -3.83, R: -7.51, Q: -1.71, K: 0.61, M: 25.00
Game finished: 0-1
Win rate: 9.09%, Loss rate: 84.56%, Draw rate: 6.35%
P: -7.29, N: -4.37, B: -3.23, R: -6.37, Q: -1.37, K: 0.61, M: 25.00
Game finished: 0-1
Win rate: 9.09%, Loss rate: 84.56%, Draw rate: 6.35%
P: -7.08, N: -4.22, B: -3.01, R: -6.30, Q: -1.51, K: 0.61, M: 25.00
Game finished: 0-1
Win rate: 9.08%, Loss rate: 84.57%, Draw rate: 6.35%
P: -7.26, N: -4.19, B: -3.09, R: -6.45, Q: -1.59, K: 0.61, M: 25.00
Game finished: 1/2-1/2
Win rate: 9.08%, Loss rate: 84.54%, Draw rate: 6.38%
P: -7.71, N: -4.40, B: -3.06, R: -6.64, Q: -1.69, K: 0.61, M: 25.00
Game finished: 0-1
Win rate: 9.08%, Loss rate: 84.55%, Draw rate: 6.37%
P: -8.37, N: -4.50, B: -3.23, R: -7.01, Q: -1.78, K: 0.61, M: 25.00
Game finished: 0-1
Win rate: 9.08%, Loss rate: 84.55%, Draw rate: 6.37%
P: -8.25, N: -4.62, B: -3.18, R: -7.18, Q: -2.10, K: 0.61, M: 25.00
Game finished: 0-1
Win rate: 9.07%, Loss rate: 84.56%, Draw rate: 6.37%
P: -7.82, N: -4.45, B: -3.07, R: -7.19, Q: -2.06, K: 0.61, M: 25.00
Game finished: 0-1
Win rate: 9.07%, Loss rate: 84.56%, Draw rate: 6.37%
P: -7.85, N: -4.75, B: -3.38, R: -7.57, Q: -2.21, K: 0.61, M: 25.00
Game finished: 0-1
Win rate: 9.07%, Loss rate: 84.57%, Draw rate: 6.37%
P: -7.10, N: -4.40, B: -2.69, R: -6.59, Q: -2.12, K: 0.61, M: 25.00
Game finished: 0-1
Win rate: 9.07%, Loss rate: 84.57%, Draw rate: 6.37%
P: -8.02, N: -4.80, B: -2.86, R: -6.88, Q: -1.78, K: 0.61, M: 25.00
Game finished: 0-1
Win rate: 9.06%, Loss rate: 84.57%, Draw rate: 6.36%
P: -8.62, N: -4.18, B: -2.68, R: -6.59, Q: -1.30, K: 0.61, M: 25.00
Game finished: 0-1
Win rate: 9.06%, Loss rate: 84.58%, Draw rate: 6.36%
P: -8.81, N: -4.29, B: -3.11, R: -6.73, Q: -1.26, K: 0.61, M: 25.00
Game finished: 0-1
Win rate: 9.06%, Loss rate: 84.58%, Draw rate: 6.36%
P: -7.26, N: -4.34, B: -2.45, R: -6.20, Q: -0.89, K: 0.61, M: 25.00
Game finished: 0-1
Win rate: 9.05%, Loss rate: 84.59%, Draw rate: 6.36%
P: -7.66, N: -4.83, B: -2.56, R: -6.42, Q: -0.98, K: 0.61, M: 25.00
Game finished: 0-1
Win rate: 9.05%, Loss rate: 84.59%, Draw rate: 6.36%
P: -8.85, N: -5.90, B: -2.06, R: -7.06, Q: -1.03, K: 0.61, M: 25.00
Game finished: 0-1
Win rate: 9.05%, Loss rate: 84.60%, Draw rate: 6.35%
P: -9.31, N: -6.20, B: -2.22, R: -7.42, Q: -0.85, K: 0.61, M: 25.00
Game finished: 0-1
Win rate: 9.05%, Loss rate: 84.60%, Draw rate: 6.35%
P: -6.65, N: -5.73, B: -0.43, R: -6.55, Q: -0.83, K: 0.61, M: 25.00
Game finished: 0-1
Win rate: 9.04%, Loss rate: 84.60%, Draw rate: 6.35%
P: -9.65, N: -5.46, B: -0.99, R: -7.92, Q: -1.01, K: 0.61, M: 25.00
Game finished: 0-1
Win rate: 9.04%, Loss rate: 84.61%, Draw rate: 6.35%
P: -8.98, N: -4.74, B: -0.78, R: -7.93, Q: -0.86, K: 0.61, M: 25.00
Game finished: 0-1
Win rate: 9.04%, Loss rate: 84.61%, Draw rate: 6.35%
P: -9.13, N: -4.90, B: -0.54, R: -8.07, Q: -1.03, K: 0.61, M: 25.00
Game finished: 0-1
Win rate: 9.04%, Loss rate: 84.62%, Draw rate: 6.35%
P: -8.34, N: -5.23, B: -0.71, R: -8.40, Q: -1.11, K: 0.61, M: 25.00
Game finished: 0-1
Win rate: 9.03%, Loss rate: 84.62%, Draw rate: 6.34%
P: -7.67, N: -4.93, B: -0.32, R: -8.03, Q: -0.77, K: 0.61, M: 25.00
Game finished: 0-1
Win rate: 9.03%, Loss rate: 84.63%, Draw rate: 6.34%
P: -8.79, N: -5.45, B: -0.30, R: -8.57, Q: -1.20, K: 0.61, M: 25.00
Game finished: 0-1
Win rate: 9.03%, Loss rate: 84.63%, Draw rate: 6.34%
P: -9.43, N: -5.48, B: -0.36, R: -8.97, Q: -1.48, K: 0.61, M: 25.00
Game finished: 0-1
Win rate: 9.03%, Loss rate: 84.63%, Draw rate: 6.34%
P: -8.98, N: -4.87, B: 0.05, R: -8.70, Q: -1.25, K: 0.61, M: 25.00
Game finished: 0-1
Win rate: 9.02%, Loss rate: 84.64%, Draw rate: 6.34%
P: -7.25, N: -4.68, B: 0.21, R: -7.95, Q: -0.98, K: 0.61, M: 25.00
Game finished: 0-1
Win rate: 9.02%, Loss rate: 84.64%, Draw rate: 6.33%
P: -6.48, N: -4.49, B: 0.60, R: -7.52, Q: -1.24, K: 0.61, M: 25.00
Game finished: 0-1
Win rate: 9.02%, Loss rate: 84.65%, Draw rate: 6.33%
P: -7.19, N: -4.75, B: 0.76, R: -7.38, Q: -1.59, K: 0.61, M: 25.00
Game finished: 0-1
Win rate: 9.02%, Loss rate: 84.65%, Draw rate: 6.33%
P: -8.03, N: -4.56, B: 0.53, R: -8.01, Q: -1.88, K: 0.61, M: 25.00
Game finished: 0-1
Win rate: 9.01%, Loss rate: 84.66%, Draw rate: 6.33%
P: -7.46, N: -4.26, B: 0.71, R: -7.89, Q: -1.65, K: 0.61, M: 25.00
Game finished: 0-1
Win rate: 9.01%, Loss rate: 84.66%, Draw rate: 6.33%
P: -7.99, N: -4.18, B: 0.61, R: -8.06, Q: -1.93, K: 0.61, M: 25.00
Game finished: 0-1
Win rate: 9.01%, Loss rate: 84.67%, Draw rate: 6.33%
P: -8.02, N: -4.02, B: 0.74, R: -7.97, Q: -1.70, K: 0.61, M: 25.00
Game finished: 0-1
Win rate: 9.01%, Loss rate: 84.67%, Draw rate: 6.32%
P: -9.07, N: -4.53, B: 0.37, R: -8.34, Q: -1.66, K: 0.61, M: 25.00
Game finished: 0-1
Win rate: 9.00%, Loss rate: 84.67%, Draw rate: 6.32%
P: -9.41, N: -4.35, B: 0.42, R: -8.47, Q: -1.78, K: 0.61, M: 25.00
Game finished: 1/2-1/2
Win rate: 9.00%, Loss rate: 84.65%, Draw rate: 6.35%
P: -8.47, N: -4.89, B: 0.23, R: -8.50, Q: -1.76, K: 0.61, M: 25.00
Game finished: 0-1
Win rate: 9.00%, Loss rate: 84.65%, Draw rate: 6.35%
P: -8.30, N: -4.73, B: 0.49, R: -8.50, Q: -1.69, K: 0.61, M: 25.00
Game finished: 0-1
Win rate: 9.00%, Loss rate: 84.66%, Draw rate: 6.35%
P: -8.35, N: -4.46, B: 0.25, R: -8.59, Q: -2.05, K: 0.61, M: 25.00
Game finished: 0-1
Win rate: 8.99%, Loss rate: 84.66%, Draw rate: 6.34%
P: -7.98, N: -4.35, B: 0.23, R: -8.52, Q: -1.81, K: 0.61, M: 25.00
Game finished: 1/2-1/2
Win rate: 8.99%, Loss rate: 84.64%, Draw rate: 6.37%
P: -7.35, N: -4.78, B: 0.80, R: -8.82, Q: -1.91, K: 0.61, M: 25.00
Game finished: 0-1
Win rate: 8.99%, Loss rate: 84.64%, Draw rate: 6.37%
P: -7.01, N: -4.91, B: 0.73, R: -8.68, Q: -1.86, K: 0.61, M: 25.00
Game finished: 0-1
Win rate: 8.99%, Loss rate: 84.65%, Draw rate: 6.37%
P: -8.29, N: -5.31, B: 0.25, R: -9.13, Q: -1.93, K: 0.61, M: 25.00
Game finished: 0-1
Win rate: 8.98%, Loss rate: 84.65%, Draw rate: 6.36%
P: -8.55, N: -5.24, B: -0.45, R: -9.37, Q: -1.97, K: 0.61, M: 25.00
Game finished: 0-1
Win rate: 8.98%, Loss rate: 84.66%, Draw rate: 6.36%
P: -8.43, N: -5.52, B: -0.74, R: -10.16, Q: -2.36, K: 0.61, M: 25.00
Game finished: 0-1
Win rate: 8.98%, Loss rate: 84.66%, Draw rate: 6.36%
P: -8.79, N: -5.86, B: -1.04, R: -10.53, Q: -2.35, K: 0.61, M: 25.00
Game finished: 0-1
Win rate: 8.98%, Loss rate: 84.67%, Draw rate: 6.36%
P: -9.55, N: -5.69, B: -0.85, R: -10.67, Q: -2.13, K: 0.61, M: 25.00
Game finished: 0-1
Win rate: 8.97%, Loss rate: 84.67%, Draw rate: 6.36%
P: -5.98, N: -4.68, B: -0.23, R: -9.04, Q: -1.66, K: 0.61, M: 25.00
Game finished: 0-1
Win rate: 8.97%, Loss rate: 84.67%, Draw rate: 6.36%
P: -6.50, N: -4.33, B: -0.54, R: -9.25, Q: -1.96, K: 0.61, M: 25.00
Game finished: 0-1
Win rate: 8.97%, Loss rate: 84.68%, Draw rate: 6.35%
P: -6.91, N: -4.26, B: -0.21, R: -9.45, Q: -1.92, K: 0.61, M: 25.00
Game finished: 0-1
Win rate: 8.97%, Loss rate: 84.68%, Draw rate: 6.35%
P: -6.78, N: -4.33, B: -0.24, R: -9.39, Q: -1.78, K: 0.61, M: 25.00
Game finished: 0-1
Win rate: 8.96%, Loss rate: 84.69%, Draw rate: 6.35%
P: -7.48, N: -4.65, B: -0.32, R: -9.59, Q: -1.90, K: 0.61, M: 25.00
Game finished: 0-1
Win rate: 8.96%, Loss rate: 84.69%, Draw rate: 6.35%
P: -7.44, N: -4.59, B: -0.37, R: -9.57, Q: -2.17, K: 0.61, M: 25.00
Game finished: 0-1
Win rate: 8.96%, Loss rate: 84.70%, Draw rate: 6.35%
P: -6.96, N: -3.64, B: 0.11, R: -9.49, Q: -1.99, K: 0.61, M: 25.00
Game finished: 0-1
Win rate: 8.96%, Loss rate: 84.70%, Draw rate: 6.34%
P: -7.35, N: -3.66, B: 0.05, R: -9.56, Q: -1.93, K: 0.61, M: 25.00
Game finished: 0-1
Win rate: 8.95%, Loss rate: 84.70%, Draw rate: 6.34%
P: -7.28, N: -3.54, B: -0.08, R: -9.47, Q: -2.32, K: 0.61, M: 25.00
Game finished: 0-1
Win rate: 8.95%, Loss rate: 84.71%, Draw rate: 6.34%
P: -8.45, N: -3.81, B: -0.89, R: -10.13, Q: -2.34, K: 0.61, M: 25.00
Game finished: 0-1
Win rate: 8.95%, Loss rate: 84.71%, Draw rate: 6.34%
P: -7.65, N: -2.99, B: -0.84, R: -9.50, Q: -1.97, K: 0.61, M: 25.00
Game finished: 0-1
Win rate: 8.95%, Loss rate: 84.72%, Draw rate: 6.34%
P: -6.99, N: -3.27, B: -0.86, R: -9.56, Q: -1.60, K: 0.61, M: 25.00
Game finished: 0-1
Win rate: 8.94%, Loss rate: 84.72%, Draw rate: 6.34%
P: -7.13, N: -3.30, B: -0.59, R: -9.72, Q: -1.73, K: 0.61, M: 25.00
Game finished: 0-1
Win rate: 8.94%, Loss rate: 84.73%, Draw rate: 6.33%
P: -7.17, N: -3.16, B: -0.60, R: -9.52, Q: -1.76, K: 0.61, M: 25.00
Game finished: 0-1
Win rate: 8.94%, Loss rate: 84.73%, Draw rate: 6.33%
P: -8.55, N: -3.35, B: -1.06, R: -10.10, Q: -1.96, K: 0.61, M: 25.00
Game finished: 0-1
Win rate: 8.94%, Loss rate: 84.73%, Draw rate: 6.33%
P: -7.06, N: -3.64, B: -0.54, R: -9.51, Q: -2.31, K: 0.61, M: 25.00
Game finished: 0-1
Win rate: 8.93%, Loss rate: 84.74%, Draw rate: 6.33%
P: -7.07, N: -3.45, B: -0.05, R: -9.76, Q: -2.00, K: 0.61, M: 25.00
Game finished: 0-1
Win rate: 8.93%, Loss rate: 84.74%, Draw rate: 6.33%
P: -6.40, N: -3.29, B: 0.12, R: -9.73, Q: -2.26, K: 0.61, M: 25.00
Game finished: 0-1
Win rate: 8.93%, Loss rate: 84.75%, Draw rate: 6.33%
P: -6.08, N: -3.26, B: -0.11, R: -9.62, Q: -2.16, K: 0.61, M: 25.00
Game finished: 0-1
Win rate: 8.93%, Loss rate: 84.75%, Draw rate: 6.32%
P: -5.71, N: -3.13, B: 0.31, R: -9.48, Q: -2.30, K: 0.61, M: 25.00
Game finished: 0-1
Win rate: 8.92%, Loss rate: 84.76%, Draw rate: 6.32%
P: -5.74, N: -3.27, B: 0.63, R: -9.68, Q: -2.00, K: 0.61, M: 25.00
Game finished: 0-1
Win rate: 8.92%, Loss rate: 84.76%, Draw rate: 6.32%
P: -6.72, N: -3.38, B: 0.43, R: -10.17, Q: -2.19, K: 0.61, M: 25.00
Game finished: 0-1
Win rate: 8.92%, Loss rate: 84.76%, Draw rate: 6.32%
P: -7.37, N: -3.56, B: 0.16, R: -10.24, Q: -2.24, K: 0.61, M: 25.00
Game finished: 0-1
Win rate: 8.92%, Loss rate: 84.77%, Draw rate: 6.32%
P: -8.38, N: -3.59, B: -0.38, R: -10.53, Q: -2.47, K: 0.61, M: 25.00
Game finished: 0-1
Win rate: 8.91%, Loss rate: 84.77%, Draw rate: 6.31%
P: -8.10, N: -3.13, B: -0.54, R: -11.29, Q: -2.34, K: 0.61, M: 25.00
Game finished: 0-1
Win rate: 8.91%, Loss rate: 84.78%, Draw rate: 6.31%
P: -7.24, N: -3.07, B: -0.52, R: -11.21, Q: -2.42, K: 0.61, M: 25.00
Game finished: 0-1
Win rate: 8.91%, Loss rate: 84.78%, Draw rate: 6.31%
P: -6.96, N: -2.96, B: -0.64, R: -11.02, Q: -2.13, K: 0.61, M: 25.00
Game finished: 0-1
Win rate: 8.91%, Loss rate: 84.79%, Draw rate: 6.31%
P: -6.93, N: -3.42, B: 0.05, R: -11.15, Q: -2.17, K: 0.61, M: 25.00
Game finished: 1/2-1/2
Win rate: 8.90%, Loss rate: 84.76%, Draw rate: 6.34%
P: -6.21, N: -3.71, B: 0.05, R: -10.72, Q: -2.17, K: 0.61, M: 25.00
Game finished: 0-1
Win rate: 8.90%, Loss rate: 84.77%, Draw rate: 6.33%
P: -6.32, N: -3.54, B: -0.26, R: -10.74, Q: -2.10, K: 0.61, M: 25.00
Game finished: 0-1
Win rate: 8.90%, Loss rate: 84.77%, Draw rate: 6.33%
P: -7.51, N: -4.18, B: -0.86, R: -11.09, Q: -2.64, K: 0.61, M: 25.00
Game finished: 0-1
Win rate: 8.90%, Loss rate: 84.77%, Draw rate: 6.33%
P: -7.37, N: -4.22, B: -0.91, R: -10.94, Q: -2.65, K: 0.61, M: 25.00
Game finished: 0-1
Win rate: 8.89%, Loss rate: 84.78%, Draw rate: 6.33%
P: -6.52, N: -4.38, B: -0.53, R: -10.62, Q: -2.39, K: 0.61, M: 25.00
Game finished: 0-1
Win rate: 8.89%, Loss rate: 84.78%, Draw rate: 6.33%
P: -6.22, N: -4.54, B: -0.62, R: -10.62, Q: -2.88, K: 0.61, M: 25.00
Game finished: 0-1
Win rate: 8.89%, Loss rate: 84.79%, Draw rate: 6.32%
P: -5.91, N: -4.18, B: -0.27, R: -10.51, Q: -2.86, K: 0.61, M: 25.00
Game finished: 0-1
Win rate: 8.89%, Loss rate: 84.79%, Draw rate: 6.32%
P: -6.11, N: -4.14, B: -0.67, R: -10.55, Q: -2.88, K: 0.61, M: 25.00
Game finished: 0-1
Win rate: 8.88%, Loss rate: 84.80%, Draw rate: 6.32%
P: -4.93, N: -4.66, B: -0.74, R: -10.30, Q: -3.50, K: 0.61, M: 25.00
Game finished: 0-1
Win rate: 8.88%, Loss rate: 84.80%, Draw rate: 6.32%
P: -5.48, N: -4.81, B: -0.82, R: -10.53, Q: -3.27, K: 0.61, M: 25.00
Game finished: 0-1
Win rate: 8.88%, Loss rate: 84.80%, Draw rate: 6.32%
P: -5.93, N: -4.60, B: -0.91, R: -10.65, Q: -3.33, K: 0.61, M: 25.00
Game finished: 0-1
Win rate: 8.88%, Loss rate: 84.81%, Draw rate: 6.32%
P: -6.85, N: -4.63, B: -1.07, R: -10.86, Q: -3.27, K: 0.61, M: 25.00
Game finished: 1/2-1/2
Win rate: 8.87%, Loss rate: 84.78%, Draw rate: 6.34%
P: -6.47, N: -4.71, B: -0.84, R: -10.64, Q: -3.23, K: 0.61, M: 25.00
Game finished: 0-1
Win rate: 8.87%, Loss rate: 84.79%, Draw rate: 6.34%
P: -8.67, N: -4.68, B: -1.25, R: -10.98, Q: -3.49, K: 0.61, M: 25.00
Game finished: 0-1
Win rate: 8.87%, Loss rate: 84.79%, Draw rate: 6.34%
P: -7.40, N: -4.14, B: -0.37, R: -10.88, Q: -4.26, K: 0.61, M: 25.00
Game finished: 0-1
Win rate: 8.87%, Loss rate: 84.80%, Draw rate: 6.34%
P: -7.81, N: -4.56, B: -0.49, R: -11.10, Q: -4.31, K: 0.61, M: 25.00
Game finished: 0-1
Win rate: 8.86%, Loss rate: 84.80%, Draw rate: 6.34%
P: -5.99, N: -4.51, B: -0.04, R: -10.88, Q: -4.30, K: 0.61, M: 25.00
Game finished: 0-1
Win rate: 8.86%, Loss rate: 84.81%, Draw rate: 6.33%
Epsilon: 0.0940
Results saved to mf2_results/results.csv
Epsilon history saved to mf2_epsilon/epsilon.csv
Elapsed time: 0:25:59
P: -5.43, N: -4.33, B: 0.48, R: -11.07, Q: -4.11, K: 0.61, M: 25.00
Game finished: 0-1
Win rate: 8.86%, Loss rate: 84.81%, Draw rate: 6.33%
P: -5.35, N: -4.39, B: 0.46, R: -10.85, Q: -4.22, K: 0.61, M: 25.00
Game finished: 0-1
Win rate: 8.86%, Loss rate: 84.81%, Draw rate: 6.33%
P: -4.96, N: -4.52, B: 0.25, R: -10.82, Q: -4.43, K: 0.61, M: 25.00
Game finished: 0-1
Win rate: 8.85%, Loss rate: 84.82%, Draw rate: 6.33%
P: -5.68, N: -4.69, B: 0.15, R: -11.07, Q: -4.44, K: 0.61, M: 25.00
Game finished: 0-1
Win rate: 8.85%, Loss rate: 84.82%, Draw rate: 6.33%
P: -5.22, N: -4.78, B: -0.01, R: -11.00, Q: -4.43, K: 0.61, M: 25.00
Game finished: 0-1
Win rate: 8.85%, Loss rate: 84.83%, Draw rate: 6.32%
P: -6.08, N: -4.65, B: -0.29, R: -11.35, Q: -4.41, K: 0.61, M: 25.00
Game finished: 0-1
Win rate: 8.85%, Loss rate: 84.83%, Draw rate: 6.32%
P: -6.03, N: -4.46, B: 0.24, R: -10.98, Q: -4.25, K: 0.61, M: 25.00
Game finished: 0-1
Win rate: 8.84%, Loss rate: 84.84%, Draw rate: 6.32%
P: -6.32, N: -4.23, B: -0.21, R: -10.73, Q: -3.93, K: 0.61, M: 25.00
Game finished: 0-1
Win rate: 8.84%, Loss rate: 84.84%, Draw rate: 6.32%
P: -6.25, N: -4.24, B: -0.22, R: -10.76, Q: -3.96, K: 0.61, M: 25.00
Game finished: 0-1
Win rate: 8.84%, Loss rate: 84.84%, Draw rate: 6.32%
P: -5.25, N: -4.31, B: 0.03, R: -10.23, Q: -4.22, K: 0.61, M: 25.00
Game finished: 0-1
Win rate: 8.84%, Loss rate: 84.85%, Draw rate: 6.32%
P: -4.96, N: -4.20, B: 0.18, R: -9.87, Q: -4.21, K: 0.61, M: 25.00
Game finished: 0-1
Win rate: 8.83%, Loss rate: 84.85%, Draw rate: 6.31%
P: -5.37, N: -4.25, B: 0.14, R: -9.72, Q: -3.96, K: 0.61, M: 25.00
Game finished: 0-1
Win rate: 8.83%, Loss rate: 84.86%, Draw rate: 6.31%
P: -6.30, N: -4.57, B: -0.41, R: -10.04, Q: -3.69, K: 0.61, M: 25.00
Game finished: 0-1
Win rate: 8.83%, Loss rate: 84.86%, Draw rate: 6.31%
P: -6.91, N: -4.98, B: -0.46, R: -10.52, Q: -4.23, K: 0.61, M: 25.00
Game finished: 0-1
Win rate: 8.83%, Loss rate: 84.86%, Draw rate: 6.31%
P: -7.19, N: -4.52, B: -0.77, R: -10.42, Q: -3.94, K: 0.61, M: 25.00
Game finished: 0-1
Win rate: 8.82%, Loss rate: 84.87%, Draw rate: 6.31%
P: -7.54, N: -5.19, B: -1.03, R: -10.77, Q: -4.16, K: 0.61, M: 25.00
Game finished: 1/2-1/2
Win rate: 8.82%, Loss rate: 84.85%, Draw rate: 6.33%
P: -7.75, N: -5.11, B: -0.75, R: -10.85, Q: -4.10, K: 0.61, M: 25.00
Game finished: 0-1
Win rate: 8.82%, Loss rate: 84.85%, Draw rate: 6.33%
P: -6.73, N: -4.47, B: -0.42, R: -10.32, Q: -4.02, K: 0.61, M: 25.00
Game finished: 0-1
Win rate: 8.82%, Loss rate: 84.85%, Draw rate: 6.33%
P: -6.60, N: -4.67, B: -0.65, R: -10.17, Q: -3.99, K: 0.61, M: 25.00
Game finished: 0-1
Win rate: 8.81%, Loss rate: 84.86%, Draw rate: 6.33%
P: -5.82, N: -4.88, B: -0.69, R: -10.16, Q: -4.18, K: 0.61, M: 25.00
Game finished: 0-1
Win rate: 8.81%, Loss rate: 84.86%, Draw rate: 6.33%
P: -8.30, N: -4.95, B: -1.28, R: -11.29, Q: -4.47, K: 0.61, M: 25.00
Game finished: 0-1
Win rate: 8.81%, Loss rate: 84.87%, Draw rate: 6.32%
P: -7.95, N: -4.69, B: -1.00, R: -11.10, Q: -4.56, K: 0.61, M: 25.00
Game finished: 0-1
Win rate: 8.81%, Loss rate: 84.87%, Draw rate: 6.32%
P: -6.50, N: -4.46, B: -0.43, R: -10.30, Q: -4.18, K: 0.61, M: 25.00
Game finished: 0-1
Win rate: 8.80%, Loss rate: 84.87%, Draw rate: 6.32%
P: -6.61, N: -4.31, B: -0.30, R: -10.38, Q: -4.23, K: 0.61, M: 25.00
Game finished: 0-1
Win rate: 8.80%, Loss rate: 84.88%, Draw rate: 6.32%
P: -5.78, N: -4.22, B: 0.04, R: -9.85, Q: -4.36, K: 0.61, M: 25.00
Game finished: 1-0
Win rate: 8.83%, Loss rate: 84.86%, Draw rate: 6.32%
P: -6.13, N: -4.04, B: 0.07, R: -10.17, Q: -3.89, K: 0.61, M: 25.00
Game finished: 0-1
Win rate: 8.83%, Loss rate: 84.86%, Draw rate: 6.32%
P: -6.07, N: -4.25, B: -0.17, R: -10.37, Q: -3.91, K: 0.61, M: 25.00
Game finished: 0-1
Win rate: 8.82%, Loss rate: 84.86%, Draw rate: 6.31%
P: -6.26, N: -4.69, B: -0.02, R: -10.49, Q: -4.47, K: 0.61, M: 25.00
Game finished: 0-1
Win rate: 8.82%, Loss rate: 84.87%, Draw rate: 6.31%
P: -6.44, N: -4.94, B: -0.08, R: -10.62, Q: -4.62, K: 0.61, M: 25.00
Game finished: 0-1
Win rate: 8.82%, Loss rate: 84.87%, Draw rate: 6.31%
P: -6.00, N: -5.07, B: -0.76, R: -10.83, Q: -4.22, K: 0.61, M: 25.00
Game finished: 0-1
Win rate: 8.82%, Loss rate: 84.88%, Draw rate: 6.31%
P: -6.46, N: -5.21, B: -0.97, R: -11.01, Q: -4.36, K: 0.61, M: 25.00
Game finished: 0-1
Win rate: 8.81%, Loss rate: 84.88%, Draw rate: 6.31%
P: -5.84, N: -4.99, B: -1.12, R: -10.76, Q: -4.26, K: 0.61, M: 25.00
Game finished: 0-1
Win rate: 8.81%, Loss rate: 84.88%, Draw rate: 6.31%
P: -4.83, N: -4.76, B: -1.15, R: -10.50, Q: -4.04, K: 0.61, M: 25.00
Game finished: 0-1
Win rate: 8.81%, Loss rate: 84.89%, Draw rate: 6.30%
P: -5.07, N: -4.74, B: -1.27, R: -10.69, Q: -4.00, K: 0.61, M: 25.00
Game finished: 0-1
Win rate: 8.81%, Loss rate: 84.89%, Draw rate: 6.30%
P: -6.19, N: -5.40, B: -1.34, R: -11.17, Q: -4.34, K: 0.61, M: 25.00
Game finished: 0-1
Win rate: 8.80%, Loss rate: 84.90%, Draw rate: 6.30%
P: -7.25, N: -5.61, B: -1.49, R: -11.33, Q: -4.61, K: 0.61, M: 25.00
Game finished: 1/2-1/2
Win rate: 8.80%, Loss rate: 84.87%, Draw rate: 6.33%
P: -6.28, N: -5.69, B: -1.32, R: -10.98, Q: -4.73, K: 0.61, M: 25.00
Game finished: 0-1
Win rate: 8.80%, Loss rate: 84.88%, Draw rate: 6.32%
P: -6.15, N: -5.67, B: -1.32, R: -10.89, Q: -4.62, K: 0.61, M: 25.00
Game finished: 0-1
Win rate: 8.80%, Loss rate: 84.88%, Draw rate: 6.32%
P: -5.99, N: -5.59, B: -1.33, R: -10.62, Q: -4.67, K: 0.61, M: 25.00
Game finished: 0-1
Win rate: 8.79%, Loss rate: 84.89%, Draw rate: 6.32%
P: -5.83, N: -5.38, B: -0.94, R: -10.61, Q: -4.50, K: 0.61, M: 25.00
Game finished: 1/2-1/2
Win rate: 8.79%, Loss rate: 84.86%, Draw rate: 6.35%
P: -5.60, N: -5.25, B: -0.49, R: -10.19, Q: -4.52, K: 0.61, M: 25.00
Game finished: 0-1
Win rate: 8.79%, Loss rate: 84.87%, Draw rate: 6.34%
P: -5.58, N: -5.30, B: -0.69, R: -10.20, Q: -4.50, K: 0.61, M: 25.00
Game finished: 0-1
Win rate: 8.79%, Loss rate: 84.87%, Draw rate: 6.34%
P: -5.72, N: -5.55, B: -0.79, R: -10.43, Q: -4.43, K: 0.61, M: 25.00
Game finished: 0-1
Win rate: 8.78%, Loss rate: 84.88%, Draw rate: 6.34%
P: -5.95, N: -5.46, B: -0.53, R: -10.33, Q: -4.48, K: 0.61, M: 25.00
Game finished: 0-1
Win rate: 8.78%, Loss rate: 84.88%, Draw rate: 6.34%
P: -6.99, N: -5.53, B: -0.65, R: -10.54, Q: -4.48, K: 0.61, M: 25.00
Game finished: 0-1
Win rate: 8.78%, Loss rate: 84.88%, Draw rate: 6.34%
P: -6.65, N: -5.20, B: -0.53, R: -10.14, Q: -4.01, K: 0.61, M: 25.00
Game finished: 0-1
Win rate: 8.78%, Loss rate: 84.89%, Draw rate: 6.34%
P: -6.93, N: -5.36, B: -0.68, R: -10.51, Q: -3.77, K: 0.61, M: 25.00
Game finished: 0-1
Win rate: 8.77%, Loss rate: 84.89%, Draw rate: 6.33%
P: -6.95, N: -5.18, B: -0.24, R: -10.48, Q: -4.36, K: 0.61, M: 25.00
Game finished: 0-1
Win rate: 8.77%, Loss rate: 84.90%, Draw rate: 6.33%
P: -7.04, N: -5.10, B: -0.12, R: -10.34, Q: -4.48, K: 0.61, M: 25.00
Game finished: 0-1
Win rate: 8.77%, Loss rate: 84.90%, Draw rate: 6.33%
P: -6.35, N: -4.84, B: 0.19, R: -10.05, Q: -4.67, K: 0.61, M: 25.00
Game finished: 0-1
Win rate: 8.77%, Loss rate: 84.90%, Draw rate: 6.33%
P: -7.09, N: -5.03, B: -0.10, R: -10.56, Q: -4.62, K: 0.61, M: 25.00
Game finished: 0-1
Win rate: 8.76%, Loss rate: 84.91%, Draw rate: 6.33%
P: -7.35, N: -4.93, B: -0.37, R: -10.80, Q: -4.49, K: 0.61, M: 25.00
Game finished: 0-1
Win rate: 8.76%, Loss rate: 84.91%, Draw rate: 6.33%
P: -7.52, N: -4.94, B: -0.13, R: -10.77, Q: -4.61, K: 0.61, M: 25.00
Game finished: 0-1
Win rate: 8.76%, Loss rate: 84.92%, Draw rate: 6.32%
P: -6.46, N: -4.63, B: -0.24, R: -10.33, Q: -4.24, K: 0.61, M: 25.00
Game finished: 0-1
Win rate: 8.76%, Loss rate: 84.92%, Draw rate: 6.32%
P: -7.85, N: -5.25, B: -0.72, R: -10.68, Q: -4.42, K: 0.61, M: 25.00
Game finished: 0-1
Win rate: 8.76%, Loss rate: 84.92%, Draw rate: 6.32%
P: -6.94, N: -5.23, B: -1.00, R: -10.34, Q: -3.91, K: 0.61, M: 25.00
Game finished: 0-1
Win rate: 8.75%, Loss rate: 84.93%, Draw rate: 6.32%
P: -6.17, N: -5.24, B: -1.10, R: -10.12, Q: -4.17, K: 0.61, M: 25.00
Game finished: 0-1
Win rate: 8.75%, Loss rate: 84.93%, Draw rate: 6.32%
P: -6.56, N: -5.05, B: -1.32, R: -10.24, Q: -4.27, K: 0.61, M: 25.00
Game finished: 1/2-1/2
Win rate: 8.75%, Loss rate: 84.91%, Draw rate: 6.34%
P: -6.56, N: -5.01, B: -1.15, R: -9.99, Q: -4.43, K: 0.61, M: 25.00
Game finished: 0-1
Win rate: 8.75%, Loss rate: 84.91%, Draw rate: 6.34%
P: -6.46, N: -4.97, B: -0.73, R: -9.88, Q: -4.60, K: 0.61, M: 25.00
Game finished: 0-1
Win rate: 8.74%, Loss rate: 84.92%, Draw rate: 6.34%
P: -6.41, N: -4.82, B: -0.68, R: -9.77, Q: -4.62, K: 0.61, M: 25.00
Game finished: 0-1
Win rate: 8.74%, Loss rate: 84.92%, Draw rate: 6.34%
P: -6.48, N: -4.77, B: -0.60, R: -10.13, Q: -4.85, K: 0.61, M: 25.00
Game finished: 0-1
Win rate: 8.74%, Loss rate: 84.93%, Draw rate: 6.34%
P: -6.41, N: -4.40, B: -0.08, R: -9.97, Q: -4.71, K: 0.61, M: 25.00
Game finished: 0-1
Win rate: 8.74%, Loss rate: 84.93%, Draw rate: 6.33%
P: -6.30, N: -4.05, B: -0.19, R: -9.76, Q: -4.55, K: 0.61, M: 25.00
Game finished: 0-1
Win rate: 8.73%, Loss rate: 84.93%, Draw rate: 6.33%
P: -6.89, N: -4.29, B: -0.50, R: -10.04, Q: -4.60, K: 0.61, M: 25.00
Game finished: 0-1
Win rate: 8.73%, Loss rate: 84.94%, Draw rate: 6.33%
P: -5.64, N: -3.79, B: -0.50, R: -9.50, Q: -4.80, K: 0.61, M: 25.00
Game finished: 0-1
Win rate: 8.73%, Loss rate: 84.94%, Draw rate: 6.33%
P: -6.54, N: -3.96, B: -0.82, R: -9.97, Q: -5.29, K: 0.61, M: 25.00
Game finished: 0-1
Win rate: 8.73%, Loss rate: 84.95%, Draw rate: 6.33%
P: -6.28, N: -3.74, B: -0.71, R: -9.61, Q: -5.01, K: 0.61, M: 25.00
Game finished: 0-1
Win rate: 8.72%, Loss rate: 84.95%, Draw rate: 6.32%
P: -6.91, N: -4.03, B: -0.75, R: -9.73, Q: -5.19, K: 0.61, M: 25.00
Game finished: 0-1
Win rate: 8.72%, Loss rate: 84.96%, Draw rate: 6.32%
P: -7.51, N: -3.95, B: -0.78, R: -10.08, Q: -5.12, K: 0.61, M: 25.00
Game finished: 1/2-1/2
Win rate: 8.72%, Loss rate: 84.93%, Draw rate: 6.35%
P: -5.62, N: -3.27, B: -0.22, R: -9.12, Q: -4.73, K: 0.61, M: 25.00
Game finished: 0-1
Win rate: 8.72%, Loss rate: 84.94%, Draw rate: 6.35%
P: -6.76, N: -3.53, B: -0.52, R: -9.61, Q: -4.96, K: 0.61, M: 25.00
Game finished: 0-1
Win rate: 8.71%, Loss rate: 84.94%, Draw rate: 6.35%
P: -6.95, N: -3.91, B: -0.78, R: -9.88, Q: -4.96, K: 0.61, M: 25.00
Game finished: 0-1
Win rate: 8.71%, Loss rate: 84.94%, Draw rate: 6.34%
P: -7.24, N: -3.98, B: -0.95, R: -10.05, Q: -4.84, K: 0.61, M: 25.00
Game finished: 0-1
Win rate: 8.71%, Loss rate: 84.95%, Draw rate: 6.34%
P: -8.21, N: -4.41, B: -1.13, R: -10.91, Q: -5.12, K: 0.61, M: 25.00
Game finished: 0-1
Win rate: 8.71%, Loss rate: 84.95%, Draw rate: 6.34%
P: -6.42, N: -4.20, B: -0.75, R: -10.79, Q: -5.04, K: 0.61, M: 25.00
Game finished: 0-1
Win rate: 8.71%, Loss rate: 84.96%, Draw rate: 6.34%
P: -6.47, N: -4.33, B: -0.55, R: -10.69, Q: -5.13, K: 0.61, M: 25.00
Game finished: 0-1
Win rate: 8.70%, Loss rate: 84.96%, Draw rate: 6.34%
P: -6.46, N: -4.35, B: -0.45, R: -10.51, Q: -5.09, K: 0.61, M: 25.00
Game finished: 0-1
Win rate: 8.70%, Loss rate: 84.96%, Draw rate: 6.33%
P: -6.11, N: -4.41, B: -0.44, R: -9.95, Q: -4.98, K: 0.61, M: 25.00
Game finished: 0-1
Win rate: 8.70%, Loss rate: 84.97%, Draw rate: 6.33%
P: -5.09, N: -4.41, B: -0.05, R: -9.35, Q: -4.87, K: 0.61, M: 25.00
Game finished: 0-1
Win rate: 8.70%, Loss rate: 84.97%, Draw rate: 6.33%
P: -6.00, N: -4.57, B: -0.53, R: -9.95, Q: -5.02, K: 0.61, M: 25.00
Game finished: 0-1
Win rate: 8.69%, Loss rate: 84.98%, Draw rate: 6.33%
P: -6.29, N: -4.68, B: -0.67, R: -9.99, Q: -4.82, K: 0.61, M: 25.00
Game finished: 0-1
Win rate: 8.69%, Loss rate: 84.98%, Draw rate: 6.33%
P: -6.73, N: -4.77, B: -0.76, R: -9.97, Q: -4.89, K: 0.61, M: 25.00
Game finished: 0-1
Win rate: 8.69%, Loss rate: 84.99%, Draw rate: 6.33%
P: -5.76, N: -4.44, B: -0.95, R: -9.42, Q: -4.97, K: 0.61, M: 25.00
Game finished: 0-1
Win rate: 8.69%, Loss rate: 84.99%, Draw rate: 6.32%
P: -5.56, N: -4.68, B: -1.14, R: -9.05, Q: -4.78, K: 0.61, M: 25.00
Game finished: 0-1
Win rate: 8.68%, Loss rate: 84.99%, Draw rate: 6.32%
P: -5.74, N: -4.65, B: -1.01, R: -9.16, Q: -4.81, K: 0.61, M: 25.00
Game finished: 0-1
Win rate: 8.68%, Loss rate: 85.00%, Draw rate: 6.32%
P: -6.68, N: -4.51, B: -1.18, R: -9.57, Q: -4.94, K: 0.61, M: 25.00
Game finished: 0-1
Win rate: 8.68%, Loss rate: 85.00%, Draw rate: 6.32%
P: -6.53, N: -4.80, B: -1.50, R: -9.86, Q: -5.02, K: 0.61, M: 25.00
Game finished: 0-1
Win rate: 8.68%, Loss rate: 85.01%, Draw rate: 6.32%
P: -7.04, N: -4.91, B: -1.61, R: -9.98, Q: -4.95, K: 0.61, M: 25.00
Game finished: 0-1
Win rate: 8.67%, Loss rate: 85.01%, Draw rate: 6.32%
P: -6.17, N: -5.09, B: -1.59, R: -9.50, Q: -4.97, K: 0.61, M: 25.00
Game finished: 0-1
Win rate: 8.67%, Loss rate: 85.01%, Draw rate: 6.31%
P: -6.22, N: -4.91, B: -1.70, R: -9.37, Q: -4.83, K: 0.61, M: 25.00
Game finished: 0-1
Win rate: 8.67%, Loss rate: 85.02%, Draw rate: 6.31%
P: -6.93, N: -5.33, B: -2.04, R: -10.03, Q: -5.01, K: 0.61, M: 25.00
Game finished: 0-1
Win rate: 8.67%, Loss rate: 85.02%, Draw rate: 6.31%
P: -7.12, N: -5.37, B: -2.02, R: -10.02, Q: -4.93, K: 0.61, M: 25.00
Game finished: 0-1
Win rate: 8.67%, Loss rate: 85.03%, Draw rate: 6.31%
P: -7.27, N: -4.64, B: -1.06, R: -9.63, Q: -4.45, K: 0.61, M: 25.00
Game finished: 0-1
Win rate: 8.66%, Loss rate: 85.03%, Draw rate: 6.31%
P: -7.46, N: -4.65, B: -1.16, R: -9.60, Q: -4.41, K: 0.61, M: 25.00
Game finished: 0-1
Win rate: 8.66%, Loss rate: 85.03%, Draw rate: 6.31%
P: -7.75, N: -4.90, B: -1.49, R: -9.58, Q: -4.46, K: 0.61, M: 25.00
Game finished: 0-1
Win rate: 8.66%, Loss rate: 85.04%, Draw rate: 6.30%
P: -6.88, N: -4.95, B: -1.28, R: -9.23, Q: -4.83, K: 0.61, M: 25.00
Game finished: 0-1
Win rate: 8.66%, Loss rate: 85.04%, Draw rate: 6.30%
P: -7.95, N: -5.13, B: -1.50, R: -9.80, Q: -4.92, K: 0.61, M: 25.00
Game finished: 0-1
Win rate: 8.65%, Loss rate: 85.05%, Draw rate: 6.30%
P: -7.81, N: -5.03, B: -1.45, R: -9.77, Q: -4.81, K: 0.61, M: 25.00
Game finished: 0-1
Win rate: 8.65%, Loss rate: 85.05%, Draw rate: 6.30%
P: -8.12, N: -4.58, B: -0.80, R: -9.69, Q: -4.66, K: 0.61, M: 25.00
Game finished: 0-1
Win rate: 8.65%, Loss rate: 85.05%, Draw rate: 6.30%
Epsilon: 0.0940
Results saved to mf2_results/results.csv
Epsilon history saved to mf2_epsilon/epsilon.csv
Elapsed time: 0:26:54
P: -7.91, N: -4.67, B: -1.10, R: -9.85, Q: -4.74, K: 0.61, M: 25.00
Game finished: 0-1
Win rate: 8.65%, Loss rate: 85.06%, Draw rate: 6.30%
P: -7.34, N: -4.62, B: -0.91, R: -9.67, Q: -4.65, K: 0.61, M: 25.00
Game finished: 0-1
Win rate: 8.64%, Loss rate: 85.06%, Draw rate: 6.29%
P: -6.28, N: -4.51, B: -0.78, R: -9.48, Q: -4.56, K: 0.61, M: 25.00
Game finished: 1/2-1/2
Win rate: 8.64%, Loss rate: 85.04%, Draw rate: 6.32%
P: -6.65, N: -4.40, B: -0.73, R: -9.40, Q: -4.61, K: 0.61, M: 25.00
Game finished: 0-1
Win rate: 8.64%, Loss rate: 85.04%, Draw rate: 6.32%
P: -7.58, N: -4.73, B: -0.59, R: -9.85, Q: -4.69, K: 0.61, M: 25.00
Game finished: 1/2-1/2
Win rate: 8.64%, Loss rate: 85.02%, Draw rate: 6.34%
P: -7.33, N: -4.53, B: -0.28, R: -9.59, Q: -4.42, K: 0.61, M: 25.00
Game finished: 0-1
Win rate: 8.63%, Loss rate: 85.02%, Draw rate: 6.34%
P: -7.31, N: -4.68, B: -0.27, R: -9.92, Q: -4.30, K: 0.61, M: 25.00
Game finished: 0-1
Win rate: 8.63%, Loss rate: 85.03%, Draw rate: 6.34%
P: -8.20, N: -4.68, B: -0.19, R: -10.08, Q: -3.90, K: 0.61, M: 25.00
Game finished: 1-0
Win rate: 8.66%, Loss rate: 85.01%, Draw rate: 6.34%
P: -7.95, N: -4.67, B: -0.21, R: -9.97, Q: -3.79, K: 0.61, M: 25.00
Game finished: 0-1
Win rate: 8.65%, Loss rate: 85.01%, Draw rate: 6.34%
P: -8.51, N: -4.96, B: -0.45, R: -10.62, Q: -3.68, K: 0.61, M: 25.00
Game finished: 0-1
Win rate: 8.65%, Loss rate: 85.01%, Draw rate: 6.33%
P: -8.02, N: -4.89, B: -0.51, R: -10.63, Q: -3.72, K: 0.61, M: 25.00
Game finished: 0-1
Win rate: 8.65%, Loss rate: 85.02%, Draw rate: 6.33%
P: -6.80, N: -4.14, B: -0.55, R: -10.11, Q: -3.58, K: 0.61, M: 25.00
Game finished: 0-1
Win rate: 8.65%, Loss rate: 85.02%, Draw rate: 6.33%
P: -6.88, N: -4.14, B: -0.45, R: -10.15, Q: -3.44, K: 0.61, M: 25.00
Game finished: 0-1
Win rate: 8.65%, Loss rate: 85.03%, Draw rate: 6.33%
P: -6.80, N: -4.27, B: -0.19, R: -10.07, Q: -3.58, K: 0.61, M: 25.00
Game finished: 1/2-1/2
Win rate: 8.64%, Loss rate: 85.00%, Draw rate: 6.35%
P: -5.28, N: -4.01, B: 0.39, R: -9.46, Q: -3.42, K: 0.61, M: 25.00
Game finished: 0-1
Win rate: 8.64%, Loss rate: 85.01%, Draw rate: 6.35%
P: -6.38, N: -4.36, B: 0.06, R: -10.13, Q: -3.70, K: 0.61, M: 25.00
Game finished: 1/2-1/2
Win rate: 8.64%, Loss rate: 84.98%, Draw rate: 6.38%
P: -6.84, N: -4.77, B: -0.08, R: -10.46, Q: -4.00, K: 0.61, M: 25.00
Game finished: 0-1
Win rate: 8.64%, Loss rate: 84.99%, Draw rate: 6.38%
P: -6.98, N: -4.93, B: -0.33, R: -10.31, Q: -3.87, K: 0.61, M: 25.00
Game finished: 0-1
Win rate: 8.63%, Loss rate: 84.99%, Draw rate: 6.37%
P: -6.68, N: -4.76, B: -0.60, R: -10.28, Q: -3.72, K: 0.61, M: 25.00
Game finished: 0-1
Win rate: 8.63%, Loss rate: 85.00%, Draw rate: 6.37%
P: -7.09, N: -4.87, B: -0.76, R: -10.55, Q: -3.77, K: 0.61, M: 25.00
Game finished: 0-1
Win rate: 8.63%, Loss rate: 85.00%, Draw rate: 6.37%
P: -6.06, N: -4.80, B: -1.23, R: -10.58, Q: -3.64, K: 0.61, M: 25.00
Game finished: 0-1
Win rate: 8.63%, Loss rate: 85.00%, Draw rate: 6.37%
P: -5.98, N: -4.78, B: -1.26, R: -10.47, Q: -3.66, K: 0.61, M: 25.00
Game finished: 0-1
Win rate: 8.62%, Loss rate: 85.01%, Draw rate: 6.37%
P: -5.98, N: -4.73, B: -0.96, R: -10.23, Q: -3.66, K: 0.61, M: 25.00
Game finished: 0-1
Win rate: 8.62%, Loss rate: 85.01%, Draw rate: 6.37%
P: -6.03, N: -4.60, B: -0.50, R: -9.92, Q: -3.18, K: 0.61, M: 25.00
Game finished: 0-1
Win rate: 8.62%, Loss rate: 85.02%, Draw rate: 6.36%
P: -6.58, N: -4.89, B: -0.93, R: -10.41, Q: -3.24, K: 0.61, M: 25.00
Game finished: 0-1
Win rate: 8.62%, Loss rate: 85.02%, Draw rate: 6.36%
P: -5.46, N: -4.62, B: -0.21, R: -9.29, Q: -3.29, K: 0.61, M: 25.00
Game finished: 0-1
Win rate: 8.62%, Loss rate: 85.02%, Draw rate: 6.36%
P: -5.46, N: -4.61, B: -0.23, R: -9.30, Q: -3.29, K: 0.61, M: 25.00
Game finished: 0-1
Win rate: 8.61%, Loss rate: 85.03%, Draw rate: 6.36%
P: -6.06, N: -4.20, B: -0.03, R: -9.65, Q: -3.34, K: 0.61, M: 25.00
Game finished: 0-1
Win rate: 8.61%, Loss rate: 85.03%, Draw rate: 6.36%
P: -6.51, N: -4.16, B: 0.04, R: -9.58, Q: -3.42, K: 0.61, M: 25.00
Game finished: 0-1
Win rate: 8.61%, Loss rate: 85.04%, Draw rate: 6.36%
P: -7.09, N: -4.28, B: -0.16, R: -9.97, Q: -3.51, K: 0.61, M: 25.00
Game finished: 1/2-1/2
Win rate: 8.61%, Loss rate: 85.01%, Draw rate: 6.38%
P: -7.36, N: -4.13, B: -0.13, R: -9.77, Q: -3.36, K: 0.61, M: 25.00
Game finished: 0-1
Win rate: 8.60%, Loss rate: 85.02%, Draw rate: 6.38%
P: -7.57, N: -4.39, B: -0.13, R: -9.72, Q: -3.47, K: 0.61, M: 25.00
Game finished: 0-1
Win rate: 8.60%, Loss rate: 85.02%, Draw rate: 6.38%
P: -7.45, N: -4.40, B: -0.02, R: -9.52, Q: -3.53, K: 0.61, M: 25.00
Game finished: 0-1
Win rate: 8.60%, Loss rate: 85.03%, Draw rate: 6.38%
P: -7.41, N: -4.48, B: 0.13, R: -9.67, Q: -3.57, K: 0.61, M: 25.00
Game finished: 0-1
Win rate: 8.60%, Loss rate: 85.03%, Draw rate: 6.37%
P: -6.38, N: -4.65, B: 0.60, R: -9.18, Q: -3.57, K: 0.61, M: 25.00
Game finished: 0-1
Win rate: 8.59%, Loss rate: 85.03%, Draw rate: 6.37%
P: -6.37, N: -4.76, B: 0.73, R: -9.14, Q: -3.55, K: 0.61, M: 25.00
Game finished: 1/2-1/2
Win rate: 8.59%, Loss rate: 85.01%, Draw rate: 6.40%
P: -6.52, N: -5.12, B: 0.52, R: -9.26, Q: -3.67, K: 0.61, M: 25.00
Game finished: 0-1
Win rate: 8.59%, Loss rate: 85.01%, Draw rate: 6.40%
P: -6.47, N: -5.16, B: 0.38, R: -9.70, Q: -4.07, K: 0.61, M: 25.00
Game finished: 0-1
Win rate: 8.59%, Loss rate: 85.02%, Draw rate: 6.39%
P: -7.14, N: -6.06, B: 0.07, R: -10.56, Q: -4.48, K: 0.61, M: 25.00
Game finished: 0-1
Win rate: 8.59%, Loss rate: 85.02%, Draw rate: 6.39%
P: -8.15, N: -6.24, B: -0.51, R: -11.16, Q: -4.71, K: 0.61, M: 25.00
Game finished: 0-1
Win rate: 8.58%, Loss rate: 85.03%, Draw rate: 6.39%
P: -7.66, N: -6.26, B: -0.71, R: -11.02, Q: -4.38, K: 0.61, M: 25.00
Game finished: 0-1
Win rate: 8.58%, Loss rate: 85.03%, Draw rate: 6.39%
P: -7.92, N: -6.13, B: -0.56, R: -11.02, Q: -4.28, K: 0.61, M: 25.00
Game finished: 0-1
Win rate: 8.58%, Loss rate: 85.03%, Draw rate: 6.39%
P: -8.08, N: -6.13, B: -0.68, R: -11.18, Q: -4.09, K: 0.61, M: 25.00
Game finished: 0-1
Win rate: 8.58%, Loss rate: 85.04%, Draw rate: 6.39%
P: -7.70, N: -5.71, B: -0.39, R: -11.12, Q: -3.92, K: 0.61, M: 25.00
Game finished: 0-1
Win rate: 8.57%, Loss rate: 85.04%, Draw rate: 6.38%
P: -7.88, N: -5.83, B: -0.41, R: -11.22, Q: -3.99, K: 0.61, M: 25.00
Game finished: 0-1
Win rate: 8.57%, Loss rate: 85.05%, Draw rate: 6.38%
P: -7.23, N: -5.65, B: -0.25, R: -10.94, Q: -3.99, K: 0.61, M: 25.00
Game finished: 0-1
Win rate: 8.57%, Loss rate: 85.05%, Draw rate: 6.38%
P: -6.52, N: -5.64, B: -0.05, R: -10.70, Q: -4.06, K: 0.61, M: 25.00
Game finished: 0-1
Win rate: 8.57%, Loss rate: 85.05%, Draw rate: 6.38%
P: -6.07, N: -5.67, B: -0.37, R: -10.29, Q: -3.60, K: 0.61, M: 25.00
Game finished: 0-1
Win rate: 8.56%, Loss rate: 85.06%, Draw rate: 6.38%
P: -5.17, N: -5.46, B: -0.14, R: -10.00, Q: -3.64, K: 0.61, M: 25.00
Game finished: 0-1
Win rate: 8.56%, Loss rate: 85.06%, Draw rate: 6.38%
P: -6.82, N: -5.89, B: -0.96, R: -10.72, Q: -4.31, K: 0.61, M: 25.00
Game finished: 0-1
Win rate: 8.56%, Loss rate: 85.07%, Draw rate: 6.37%
P: -7.44, N: -5.87, B: -1.39, R: -11.03, Q: -4.37, K: 0.61, M: 25.00
Game finished: 0-1
Win rate: 8.56%, Loss rate: 85.07%, Draw rate: 6.37%
P: -7.15, N: -5.54, B: -1.20, R: -11.16, Q: -4.05, K: 0.61, M: 25.00
Game finished: 1/2-1/2
Win rate: 8.56%, Loss rate: 85.05%, Draw rate: 6.40%
P: -5.86, N: -5.51, B: -1.32, R: -10.39, Q: -3.44, K: 0.61, M: 25.00
Game finished: 0-1
Win rate: 8.55%, Loss rate: 85.05%, Draw rate: 6.39%
P: -5.65, N: -5.72, B: -1.41, R: -10.19, Q: -3.17, K: 0.61, M: 25.00
Game finished: 0-1
Win rate: 8.55%, Loss rate: 85.06%, Draw rate: 6.39%
P: -6.69, N: -6.00, B: -1.58, R: -10.56, Q: -3.48, K: 0.61, M: 25.00
Game finished: 0-1
Win rate: 8.55%, Loss rate: 85.06%, Draw rate: 6.39%
P: -8.71, N: -5.73, B: -2.30, R: -10.65, Q: -3.47, K: 0.61, M: 25.00
Game finished: 1-0
Win rate: 8.57%, Loss rate: 85.04%, Draw rate: 6.39%
P: -8.76, N: -5.95, B: -2.01, R: -10.66, Q: -3.19, K: 0.61, M: 25.00
Game finished: 0-1
Win rate: 8.57%, Loss rate: 85.04%, Draw rate: 6.39%
P: -8.49, N: -5.96, B: -1.78, R: -10.68, Q: -2.87, K: 0.61, M: 25.00
Game finished: 0-1
Win rate: 8.57%, Loss rate: 85.05%, Draw rate: 6.39%
P: -7.72, N: -5.42, B: -1.54, R: -10.18, Q: -2.87, K: 0.61, M: 25.00
Game finished: 0-1
Win rate: 8.57%, Loss rate: 85.05%, Draw rate: 6.38%
P: -7.41, N: -5.22, B: -1.38, R: -10.07, Q: -2.73, K: 0.61, M: 25.00
Game finished: 0-1
Win rate: 8.56%, Loss rate: 85.05%, Draw rate: 6.38%
P: -7.11, N: -5.23, B: -1.53, R: -10.02, Q: -2.83, K: 0.61, M: 25.00
Game finished: 0-1
Win rate: 8.56%, Loss rate: 85.06%, Draw rate: 6.38%
P: -6.88, N: -5.23, B: -1.77, R: -10.03, Q: -2.56, K: 0.61, M: 25.00
Game finished: 0-1
Win rate: 8.56%, Loss rate: 85.06%, Draw rate: 6.38%
P: -6.32, N: -5.05, B: -1.56, R: -9.90, Q: -2.53, K: 0.61, M: 25.00
Game finished: 0-1
Win rate: 8.56%, Loss rate: 85.07%, Draw rate: 6.38%
P: -5.98, N: -5.00, B: -1.44, R: -9.47, Q: -2.30, K: 0.61, M: 25.00
Game finished: 1/2-1/2
Win rate: 8.55%, Loss rate: 85.04%, Draw rate: 6.40%
P: -6.16, N: -5.08, B: -1.64, R: -9.79, Q: -1.85, K: 0.61, M: 25.00
Game finished: 0-1
Win rate: 8.55%, Loss rate: 85.05%, Draw rate: 6.40%
P: -6.80, N: -5.35, B: -2.06, R: -10.49, Q: -1.87, K: 0.61, M: 25.00
Game finished: 0-1
Win rate: 8.55%, Loss rate: 85.05%, Draw rate: 6.40%
P: -7.27, N: -5.71, B: -2.08, R: -10.76, Q: -1.94, K: 0.61, M: 25.00
Game finished: 0-1
Win rate: 8.55%, Loss rate: 85.05%, Draw rate: 6.40%
P: -6.21, N: -5.48, B: -1.94, R: -10.48, Q: -2.08, K: 0.61, M: 25.00
Game finished: 0-1
Win rate: 8.55%, Loss rate: 85.06%, Draw rate: 6.40%
P: -5.51, N: -5.10, B: -1.86, R: -10.39, Q: -2.03, K: 0.61, M: 25.00
Game finished: 0-1
Win rate: 8.54%, Loss rate: 85.06%, Draw rate: 6.39%
P: -7.50, N: -5.49, B: -2.23, R: -10.91, Q: -2.46, K: 0.61, M: 25.00
Game finished: 0-1
Win rate: 8.54%, Loss rate: 85.07%, Draw rate: 6.39%
P: -8.04, N: -5.71, B: -2.41, R: -11.19, Q: -2.55, K: 0.61, M: 25.00
Game finished: 0-1
Win rate: 8.54%, Loss rate: 85.07%, Draw rate: 6.39%
P: -8.02, N: -5.99, B: -2.31, R: -11.62, Q: -2.56, K: 0.61, M: 25.00
Game finished: 1/2-1/2
Win rate: 8.54%, Loss rate: 85.05%, Draw rate: 6.42%
P: -6.11, N: -5.91, B: -2.59, R: -11.33, Q: -3.13, K: 0.61, M: 25.00
Game finished: 0-1
Win rate: 8.53%, Loss rate: 85.05%, Draw rate: 6.41%
P: -6.83, N: -6.34, B: -2.69, R: -11.30, Q: -3.18, K: 0.61, M: 25.00
Game finished: 0-1
Win rate: 8.53%, Loss rate: 85.06%, Draw rate: 6.41%
P: -6.44, N: -6.12, B: -2.65, R: -11.21, Q: -3.16, K: 0.61, M: 25.00
Game finished: 0-1
Win rate: 8.53%, Loss rate: 85.06%, Draw rate: 6.41%
P: -6.63, N: -6.18, B: -2.58, R: -11.18, Q: -3.13, K: 0.61, M: 25.00
Game finished: 1-0
Win rate: 8.55%, Loss rate: 85.04%, Draw rate: 6.41%
P: -6.48, N: -6.11, B: -2.57, R: -11.21, Q: -3.33, K: 0.61, M: 25.00
Game finished: 0-1
Win rate: 8.55%, Loss rate: 85.04%, Draw rate: 6.41%
P: -6.04, N: -5.88, B: -2.53, R: -11.11, Q: -3.34, K: 0.61, M: 25.00
Game finished: 0-1
Win rate: 8.55%, Loss rate: 85.04%, Draw rate: 6.41%
P: -4.30, N: -6.01, B: -2.50, R: -10.55, Q: -3.12, K: 0.61, M: 25.00
Game finished: 0-1
Win rate: 8.55%, Loss rate: 85.05%, Draw rate: 6.40%
P: -4.77, N: -5.87, B: -2.68, R: -10.58, Q: -3.17, K: 0.61, M: 25.00
Game finished: 1/2-1/2
Win rate: 8.54%, Loss rate: 85.03%, Draw rate: 6.43%
P: -5.51, N: -6.04, B: -2.43, R: -11.45, Q: -3.52, K: 0.61, M: 25.00
Game finished: 0-1
Win rate: 8.54%, Loss rate: 85.03%, Draw rate: 6.43%
P: -5.48, N: -5.83, B: -2.33, R: -11.63, Q: -3.61, K: 0.61, M: 25.00
Game finished: 0-1
Win rate: 8.54%, Loss rate: 85.03%, Draw rate: 6.43%
P: -5.00, N: -5.94, B: -2.20, R: -11.26, Q: -3.64, K: 0.61, M: 25.00
Game finished: 0-1
Win rate: 8.54%, Loss rate: 85.04%, Draw rate: 6.42%
P: -5.88, N: -6.42, B: -2.82, R: -11.58, Q: -3.44, K: 0.61, M: 25.00
Game finished: 0-1
Win rate: 8.54%, Loss rate: 85.04%, Draw rate: 6.42%
P: -5.93, N: -6.21, B: -2.87, R: -11.31, Q: -3.42, K: 0.61, M: 25.00
Game finished: 1/2-1/2
Win rate: 8.53%, Loss rate: 85.02%, Draw rate: 6.45%
P: -6.31, N: -6.21, B: -3.01, R: -11.54, Q: -3.44, K: 0.61, M: 25.00
Game finished: 0-1
Win rate: 8.53%, Loss rate: 85.02%, Draw rate: 6.44%
P: -5.95, N: -5.89, B: -3.27, R: -11.32, Q: -3.55, K: 0.61, M: 25.00
Game finished: 0-1
Win rate: 8.53%, Loss rate: 85.03%, Draw rate: 6.44%
P: -6.22, N: -5.93, B: -3.67, R: -11.71, Q: -3.31, K: 0.61, M: 25.00
Game finished: 1/2-1/2
Win rate: 8.53%, Loss rate: 85.01%, Draw rate: 6.47%
P: -6.54, N: -6.07, B: -3.37, R: -11.42, Q: -2.94, K: 0.61, M: 25.00
Game finished: 0-1
Win rate: 8.52%, Loss rate: 85.01%, Draw rate: 6.47%
P: -4.92, N: -5.83, B: -3.12, R: -10.60, Q: -2.44, K: 0.61, M: 25.00
Game finished: 0-1
Win rate: 8.52%, Loss rate: 85.01%, Draw rate: 6.46%
P: -4.68, N: -5.46, B: -2.58, R: -10.15, Q: -2.26, K: 0.61, M: 25.00
Game finished: 0-1
Win rate: 8.52%, Loss rate: 85.02%, Draw rate: 6.46%
P: -4.95, N: -5.04, B: -2.20, R: -9.89, Q: -2.10, K: 0.61, M: 25.00
Game finished: 0-1
Win rate: 8.52%, Loss rate: 85.02%, Draw rate: 6.46%
P: -4.48, N: -4.64, B: -2.09, R: -9.54, Q: -2.04, K: 0.61, M: 25.00
Game finished: 0-1
Win rate: 8.52%, Loss rate: 85.03%, Draw rate: 6.46%
P: -5.36, N: -4.98, B: -2.30, R: -9.92, Q: -2.09, K: 0.61, M: 25.00
Game finished: 0-1
Win rate: 8.51%, Loss rate: 85.03%, Draw rate: 6.46%
P: -5.94, N: -5.23, B: -2.16, R: -10.08, Q: -1.60, K: 0.61, M: 25.00
Game finished: 0-1
Win rate: 8.51%, Loss rate: 85.03%, Draw rate: 6.46%
P: -5.76, N: -5.32, B: -2.37, R: -10.24, Q: -1.61, K: 0.61, M: 25.00
Game finished: 1/2-1/2
Win rate: 8.51%, Loss rate: 85.01%, Draw rate: 6.48%
P: -7.85, N: -5.91, B: -2.72, R: -10.82, Q: -1.75, K: 0.61, M: 25.00
Game finished: 0-1
Win rate: 8.51%, Loss rate: 85.01%, Draw rate: 6.48%
P: -7.26, N: -5.71, B: -2.33, R: -10.39, Q: -1.51, K: 0.61, M: 25.00
Game finished: 0-1
Win rate: 8.50%, Loss rate: 85.02%, Draw rate: 6.48%
P: -6.89, N: -5.43, B: -1.66, R: -9.88, Q: -1.55, K: 0.61, M: 25.00
Game finished: 0-1
Win rate: 8.50%, Loss rate: 85.02%, Draw rate: 6.48%
P: -6.74, N: -5.18, B: -1.70, R: -9.80, Q: -1.45, K: 0.61, M: 25.00
Game finished: 0-1
Win rate: 8.50%, Loss rate: 85.03%, Draw rate: 6.47%
Epsilon: 0.0940
Results saved to mf2_results/results.csv
Epsilon history saved to mf2_epsilon/epsilon.csv
Elapsed time: 0:27:42
P: -6.99, N: -5.48, B: -2.05, R: -9.99, Q: -1.89, K: 0.61, M: 25.00
Game finished: 0-1
Win rate: 8.50%, Loss rate: 85.03%, Draw rate: 6.47%
P: -7.33, N: -5.77, B: -2.06, R: -10.28, Q: -1.79, K: 0.61, M: 25.00
Game finished: 0-1
Win rate: 8.50%, Loss rate: 85.03%, Draw rate: 6.47%
P: -6.05, N: -5.50, B: -1.62, R: -9.59, Q: -1.57, K: 0.61, M: 25.00
Game finished: 0-1
Win rate: 8.49%, Loss rate: 85.04%, Draw rate: 6.47%
P: -6.08, N: -5.83, B: -1.97, R: -9.77, Q: -1.61, K: 0.61, M: 25.00
Game finished: 0-1
Win rate: 8.49%, Loss rate: 85.04%, Draw rate: 6.47%
P: -6.14, N: -5.74, B: -2.09, R: -10.00, Q: -1.59, K: 0.61, M: 25.00
Game finished: 0-1
Win rate: 8.49%, Loss rate: 85.05%, Draw rate: 6.47%
P: -6.10, N: -5.90, B: -1.89, R: -9.93, Q: -1.69, K: 0.61, M: 25.00
Game finished: 1/2-1/2
Win rate: 8.49%, Loss rate: 85.02%, Draw rate: 6.49%
P: -7.01, N: -5.89, B: -2.28, R: -10.08, Q: -1.77, K: 0.61, M: 25.00
Game finished: 0-1
Win rate: 8.48%, Loss rate: 85.03%, Draw rate: 6.49%
P: -6.72, N: -5.79, B: -1.99, R: -9.78, Q: -1.81, K: 0.61, M: 25.00
Game finished: 0-1
Win rate: 8.48%, Loss rate: 85.03%, Draw rate: 6.49%
P: -5.23, N: -5.13, B: -1.21, R: -9.16, Q: -1.64, K: 0.61, M: 25.00
Game finished: 0-1
Win rate: 8.48%, Loss rate: 85.04%, Draw rate: 6.48%
P: -6.31, N: -4.59, B: -1.09, R: -9.21, Q: -1.37, K: 0.61, M: 25.00
Game finished: 0-1
Win rate: 8.48%, Loss rate: 85.04%, Draw rate: 6.48%
P: -7.19, N: -4.75, B: -1.30, R: -9.35, Q: -1.62, K: 0.61, M: 25.00
Game finished: 0-1
Win rate: 8.48%, Loss rate: 85.04%, Draw rate: 6.48%
P: -6.35, N: -4.83, B: -1.18, R: -9.65, Q: -1.37, K: 0.61, M: 25.00
Game finished: 0-1
Win rate: 8.47%, Loss rate: 85.05%, Draw rate: 6.48%
P: -5.92, N: -4.97, B: -1.22, R: -9.59, Q: -1.56, K: 0.61, M: 25.00
Game finished: 1/2-1/2
Win rate: 8.47%, Loss rate: 85.02%, Draw rate: 6.50%
P: -6.03, N: -4.90, B: -0.71, R: -9.45, Q: -2.04, K: 0.61, M: 25.00
Game finished: 0-1
Win rate: 8.47%, Loss rate: 85.03%, Draw rate: 6.50%
P: -5.70, N: -5.13, B: -0.73, R: -9.26, Q: -2.22, K: 0.61, M: 25.00
Game finished: 0-1
Win rate: 8.47%, Loss rate: 85.03%, Draw rate: 6.50%
P: -6.20, N: -5.42, B: 0.02, R: -9.48, Q: -2.13, K: 0.61, M: 25.00
Game finished: 0-1
Win rate: 8.46%, Loss rate: 85.04%, Draw rate: 6.50%
P: -6.71, N: -4.98, B: -0.17, R: -9.44, Q: -2.56, K: 0.61, M: 25.00
Game finished: 0-1
Win rate: 8.46%, Loss rate: 85.04%, Draw rate: 6.50%
P: -6.59, N: -5.38, B: -0.48, R: -9.30, Q: -2.75, K: 0.61, M: 25.00
Game finished: 1/2-1/2
Win rate: 8.46%, Loss rate: 85.02%, Draw rate: 6.52%
P: -6.20, N: -5.33, B: -0.55, R: -9.00, Q: -2.74, K: 0.61, M: 25.00
Game finished: 0-1
Win rate: 8.46%, Loss rate: 85.02%, Draw rate: 6.52%
P: -5.92, N: -5.41, B: -0.64, R: -9.13, Q: -2.55, K: 0.61, M: 25.00
Game finished: 0-1
Win rate: 8.46%, Loss rate: 85.03%, Draw rate: 6.52%
P: -5.11, N: -5.19, B: -0.46, R: -8.87, Q: -2.76, K: 0.61, M: 25.00
Game finished: 0-1
Win rate: 8.45%, Loss rate: 85.03%, Draw rate: 6.52%
P: -5.61, N: -5.18, B: -0.81, R: -8.86, Q: -2.46, K: 0.61, M: 25.00
Game finished: 0-1
Win rate: 8.45%, Loss rate: 85.03%, Draw rate: 6.51%
P: -4.68, N: -5.28, B: -0.68, R: -8.59, Q: -2.85, K: 0.61, M: 25.00
Game finished: 1/2-1/2
Win rate: 8.45%, Loss rate: 85.01%, Draw rate: 6.54%
P: -6.52, N: -5.76, B: -0.99, R: -9.19, Q: -3.22, K: 0.61, M: 25.00
Game finished: 0-1
Win rate: 8.45%, Loss rate: 85.02%, Draw rate: 6.54%
P: -7.17, N: -5.90, B: -1.35, R: -9.38, Q: -3.26, K: 0.61, M: 25.00
Game finished: 0-1
Win rate: 8.44%, Loss rate: 85.02%, Draw rate: 6.54%
P: -8.05, N: -6.39, B: -1.41, R: -9.16, Q: -3.44, K: 0.61, M: 25.00
Game finished: 0-1
Win rate: 8.44%, Loss rate: 85.02%, Draw rate: 6.53%
P: -7.94, N: -6.93, B: -1.56, R: -9.04, Q: -3.24, K: 0.61, M: 25.00
Game finished: 0-1
Win rate: 8.44%, Loss rate: 85.03%, Draw rate: 6.53%
P: -8.18, N: -7.24, B: -1.98, R: -9.32, Q: -3.25, K: 0.61, M: 25.00
Game finished: 1-0
Win rate: 8.46%, Loss rate: 85.01%, Draw rate: 6.53%
P: -6.98, N: -6.98, B: -1.89, R: -9.00, Q: -3.11, K: 0.61, M: 25.00
Game finished: 0-1
Win rate: 8.46%, Loss rate: 85.01%, Draw rate: 6.53%
P: -7.20, N: -7.21, B: -1.82, R: -9.22, Q: -3.11, K: 0.61, M: 25.00
Game finished: 0-1
Win rate: 8.46%, Loss rate: 85.01%, Draw rate: 6.53%
P: -7.45, N: -7.86, B: -2.37, R: -9.18, Q: -3.25, K: 0.61, M: 25.00
Game finished: 0-1
Win rate: 8.46%, Loss rate: 85.02%, Draw rate: 6.53%
P: -7.26, N: -7.82, B: -2.66, R: -8.91, Q: -3.25, K: 0.61, M: 25.00
Game finished: 0-1
Win rate: 8.46%, Loss rate: 85.02%, Draw rate: 6.52%
P: -8.73, N: -8.30, B: -3.56, R: -9.22, Q: -3.18, K: 0.61, M: 25.00
Game finished: 0-1
Win rate: 8.45%, Loss rate: 85.02%, Draw rate: 6.52%
P: -8.05, N: -8.29, B: -3.30, R: -9.18, Q: -2.80, K: 0.61, M: 25.00
Game finished: 0-1
Win rate: 8.45%, Loss rate: 85.03%, Draw rate: 6.52%
P: -6.07, N: -8.17, B: -2.39, R: -8.59, Q: -2.71, K: 0.61, M: 25.00
Game finished: 0-1
Win rate: 8.45%, Loss rate: 85.03%, Draw rate: 6.52%
P: -6.63, N: -8.48, B: -2.63, R: -8.80, Q: -2.75, K: 0.61, M: 25.00
Game finished: 0-1
Win rate: 8.45%, Loss rate: 85.04%, Draw rate: 6.52%
P: -7.44, N: -8.72, B: -2.98, R: -8.94, Q: -3.24, K: 0.61, M: 25.00
Game finished: 0-1
Win rate: 8.44%, Loss rate: 85.04%, Draw rate: 6.52%
P: -7.97, N: -8.94, B: -3.39, R: -9.26, Q: -3.31, K: 0.61, M: 25.00
Game finished: 0-1
Win rate: 8.44%, Loss rate: 85.04%, Draw rate: 6.51%
P: -6.68, N: -8.63, B: -2.54, R: -8.78, Q: -2.55, K: 0.61, M: 25.00
Game finished: 0-1
Win rate: 8.44%, Loss rate: 85.05%, Draw rate: 6.51%
P: -5.83, N: -7.95, B: -2.25, R: -8.68, Q: -2.26, K: 0.61, M: 25.00
Game finished: 0-1
Win rate: 8.44%, Loss rate: 85.05%, Draw rate: 6.51%
P: -5.12, N: -7.67, B: -2.45, R: -8.89, Q: -2.83, K: 0.61, M: 25.00
Game finished: 0-1
Win rate: 8.44%, Loss rate: 85.06%, Draw rate: 6.51%
P: -5.37, N: -7.51, B: -2.64, R: -8.85, Q: -2.93, K: 0.61, M: 25.00
Game finished: 0-1
Win rate: 8.43%, Loss rate: 85.06%, Draw rate: 6.51%
P: -5.61, N: -7.31, B: -2.53, R: -8.63, Q: -2.90, K: 0.61, M: 25.00
Game finished: 0-1
Win rate: 8.43%, Loss rate: 85.06%, Draw rate: 6.51%
P: -5.15, N: -7.44, B: -1.80, R: -8.35, Q: -2.47, K: 0.61, M: 25.00
Game finished: 0-1
Win rate: 8.43%, Loss rate: 85.07%, Draw rate: 6.50%
P: -5.03, N: -6.95, B: -2.09, R: -7.81, Q: -2.69, K: 0.61, M: 25.00
Game finished: 1/2-1/2
Win rate: 8.43%, Loss rate: 85.05%, Draw rate: 6.53%
P: -6.86, N: -6.90, B: -2.35, R: -8.32, Q: -2.98, K: 0.61, M: 25.00
Game finished: 0-1
Win rate: 8.42%, Loss rate: 85.05%, Draw rate: 6.53%
P: -6.50, N: -6.65, B: -2.11, R: -8.03, Q: -2.86, K: 0.61, M: 25.00
Game finished: 0-1
Win rate: 8.42%, Loss rate: 85.05%, Draw rate: 6.52%
P: -6.48, N: -7.05, B: -2.70, R: -8.51, Q: -3.31, K: 0.61, M: 25.00
Game finished: 0-1
Win rate: 8.42%, Loss rate: 85.06%, Draw rate: 6.52%
P: -6.49, N: -7.03, B: -2.87, R: -8.52, Q: -3.39, K: 0.61, M: 25.00
Game finished: 0-1
Win rate: 8.42%, Loss rate: 85.06%, Draw rate: 6.52%
P: -6.22, N: -7.22, B: -3.00, R: -8.20, Q: -3.35, K: 0.61, M: 25.00
Game finished: 0-1
Win rate: 8.42%, Loss rate: 85.06%, Draw rate: 6.52%
P: -5.64, N: -7.18, B: -2.83, R: -7.60, Q: -3.32, K: 0.61, M: 25.00
Game finished: 0-1
Win rate: 8.41%, Loss rate: 85.07%, Draw rate: 6.52%
P: -7.04, N: -7.62, B: -3.00, R: -7.88, Q: -3.20, K: 0.61, M: 25.00
Game finished: 0-1
Win rate: 8.41%, Loss rate: 85.07%, Draw rate: 6.52%
P: -6.81, N: -7.10, B: -2.69, R: -7.45, Q: -3.54, K: 0.61, M: 25.00
Game finished: 0-1
Win rate: 8.41%, Loss rate: 85.08%, Draw rate: 6.51%
P: -7.58, N: -6.64, B: -3.02, R: -7.50, Q: -3.84, K: 0.61, M: 25.00
Game finished: No official results (e.g., max moves reached)
Win rate: 8.41%, Loss rate: 85.05%, Draw rate: 6.54%
P: -7.87, N: -6.59, B: -3.18, R: -7.60, Q: -3.79, K: 0.61, M: 25.00
Game finished: 0-1
Win rate: 8.40%, Loss rate: 85.06%, Draw rate: 6.54%
P: -7.13, N: -6.52, B: -2.53, R: -7.22, Q: -3.88, K: 0.61, M: 25.00
Game finished: 1/2-1/2
Win rate: 8.40%, Loss rate: 85.04%, Draw rate: 6.56%
P: -6.52, N: -6.15, B: -2.61, R: -6.95, Q: -4.03, K: 0.61, M: 25.00
Game finished: 0-1
Win rate: 8.40%, Loss rate: 85.04%, Draw rate: 6.56%
P: -6.83, N: -6.00, B: -2.66, R: -6.95, Q: -3.94, K: 0.61, M: 25.00
Game finished: 0-1
Win rate: 8.40%, Loss rate: 85.04%, Draw rate: 6.56%
P: -6.94, N: -6.31, B: -2.79, R: -6.85, Q: -4.18, K: 0.61, M: 25.00
Game finished: 0-1
Win rate: 8.40%, Loss rate: 85.05%, Draw rate: 6.56%
P: -7.55, N: -6.16, B: -2.43, R: -6.78, Q: -4.12, K: 0.61, M: 25.00
Game finished: 0-1
Win rate: 8.39%, Loss rate: 85.05%, Draw rate: 6.55%
P: -8.16, N: -6.54, B: -2.77, R: -7.81, Q: -4.20, K: 0.61, M: 25.00
Game finished: 0-1
Win rate: 8.39%, Loss rate: 85.06%, Draw rate: 6.55%
P: -5.87, N: -5.90, B: -2.37, R: -6.93, Q: -4.08, K: 0.61, M: 25.00
Game finished: 0-1
Win rate: 8.39%, Loss rate: 85.06%, Draw rate: 6.55%
P: -7.01, N: -6.32, B: -2.64, R: -7.36, Q: -4.22, K: 0.61, M: 25.00
Game finished: 0-1
Win rate: 8.39%, Loss rate: 85.06%, Draw rate: 6.55%
P: -6.80, N: -6.14, B: -2.61, R: -7.27, Q: -4.16, K: 0.61, M: 25.00
Game finished: 0-1
Win rate: 8.39%, Loss rate: 85.07%, Draw rate: 6.55%
P: -5.90, N: -5.51, B: -2.14, R: -6.89, Q: -4.15, K: 0.61, M: 25.00
Game finished: 0-1
Win rate: 8.38%, Loss rate: 85.07%, Draw rate: 6.55%
P: -7.56, N: -5.21, B: -2.62, R: -6.73, Q: -3.94, K: 0.61, M: 25.00
Game finished: 1/2-1/2
Win rate: 8.38%, Loss rate: 85.05%, Draw rate: 6.57%
P: -7.34, N: -4.63, B: -2.88, R: -6.76, Q: -3.66, K: 0.61, M: 25.00
Game finished: 0-1
Win rate: 8.38%, Loss rate: 85.05%, Draw rate: 6.57%
P: -8.33, N: -4.81, B: -3.26, R: -7.26, Q: -3.82, K: 0.61, M: 25.00
Game finished: 1/2-1/2
Win rate: 8.38%, Loss rate: 85.03%, Draw rate: 6.59%
P: -6.38, N: -4.38, B: -2.81, R: -6.72, Q: -3.66, K: 0.61, M: 25.00
Game finished: 0-1
Win rate: 8.37%, Loss rate: 85.03%, Draw rate: 6.59%
P: -7.17, N: -5.03, B: -2.46, R: -7.05, Q: -3.33, K: 0.61, M: 25.00
Game finished: 0-1
Win rate: 8.37%, Loss rate: 85.04%, Draw rate: 6.59%
P: -8.73, N: -5.06, B: -3.25, R: -7.22, Q: -3.18, K: 0.61, M: 25.00
Game finished: 0-1
Win rate: 8.37%, Loss rate: 85.04%, Draw rate: 6.59%
P: -8.11, N: -4.90, B: -3.41, R: -6.98, Q: -2.94, K: 0.61, M: 25.00
Game finished: 0-1
Win rate: 8.37%, Loss rate: 85.05%, Draw rate: 6.59%
P: -8.04, N: -4.81, B: -3.45, R: -6.81, Q: -3.10, K: 0.61, M: 25.00
Game finished: 0-1
Win rate: 8.37%, Loss rate: 85.05%, Draw rate: 6.58%
P: -7.99, N: -4.56, B: -3.23, R: -6.58, Q: -2.80, K: 0.61, M: 25.00
Game finished: 1/2-1/2
Win rate: 8.36%, Loss rate: 85.03%, Draw rate: 6.61%
P: -8.86, N: -4.82, B: -3.55, R: -6.95, Q: -2.65, K: 0.61, M: 25.00
Game finished: 0-1
Win rate: 8.36%, Loss rate: 85.03%, Draw rate: 6.61%
P: -8.41, N: -5.27, B: -3.47, R: -7.35, Q: -2.44, K: 0.61, M: 25.00
Game finished: 0-1
Win rate: 8.36%, Loss rate: 85.04%, Draw rate: 6.60%
P: -7.98, N: -5.14, B: -3.41, R: -6.96, Q: -2.20, K: 0.61, M: 25.00
Game finished: 0-1
Win rate: 8.36%, Loss rate: 85.04%, Draw rate: 6.60%
P: -8.32, N: -5.27, B: -3.48, R: -7.04, Q: -2.29, K: 0.61, M: 25.00
Game finished: 0-1
Win rate: 8.35%, Loss rate: 85.04%, Draw rate: 6.60%
P: -7.96, N: -5.58, B: -3.58, R: -7.12, Q: -2.33, K: 0.61, M: 25.00
Game finished: 0-1
Win rate: 8.35%, Loss rate: 85.05%, Draw rate: 6.60%
P: -8.06, N: -5.38, B: -3.58, R: -6.88, Q: -2.49, K: 0.61, M: 25.00
Game finished: 0-1
Win rate: 8.35%, Loss rate: 85.05%, Draw rate: 6.60%
P: -7.67, N: -5.32, B: -3.55, R: -6.86, Q: -2.16, K: 0.61, M: 25.00
Game finished: 1-0
Win rate: 8.37%, Loss rate: 85.03%, Draw rate: 6.60%
P: -6.60, N: -5.36, B: -3.28, R: -6.82, Q: -2.15, K: 0.61, M: 25.00
Game finished: 0-1
Win rate: 8.37%, Loss rate: 85.03%, Draw rate: 6.59%
P: -7.35, N: -5.38, B: -3.31, R: -7.12, Q: -2.37, K: 0.61, M: 25.00
Game finished: 0-1
Win rate: 8.37%, Loss rate: 85.04%, Draw rate: 6.59%
P: -7.45, N: -5.41, B: -3.34, R: -7.25, Q: -2.39, K: 0.61, M: 25.00
Game finished: 0-1
Win rate: 8.37%, Loss rate: 85.04%, Draw rate: 6.59%
P: -8.69, N: -6.13, B: -3.52, R: -7.44, Q: -2.22, K: 0.61, M: 25.00
Game finished: 0-1
Win rate: 8.37%, Loss rate: 85.05%, Draw rate: 6.59%
P: -7.58, N: -6.03, B: -3.18, R: -7.08, Q: -2.15, K: 0.61, M: 25.00
Game finished: 0-1
Win rate: 8.36%, Loss rate: 85.05%, Draw rate: 6.59%
P: -6.47, N: -5.74, B: -2.79, R: -6.70, Q: -2.10, K: 0.61, M: 25.00
Game finished: 0-1
Win rate: 8.36%, Loss rate: 85.05%, Draw rate: 6.59%
P: -6.43, N: -4.20, B: -2.70, R: -6.82, Q: -2.16, K: 0.61, M: 25.00
Game finished: 0-1
Win rate: 8.36%, Loss rate: 85.06%, Draw rate: 6.58%
P: -7.63, N: -4.27, B: -2.82, R: -7.33, Q: -2.27, K: 0.61, M: 25.00
Game finished: 0-1
Win rate: 8.36%, Loss rate: 85.06%, Draw rate: 6.58%
P: -7.74, N: -4.49, B: -2.78, R: -7.78, Q: -2.15, K: 0.61, M: 25.00
Game finished: 0-1
Win rate: 8.35%, Loss rate: 85.06%, Draw rate: 6.58%
P: -7.50, N: -4.57, B: -2.83, R: -7.50, Q: -2.19, K: 0.61, M: 25.00
Game finished: 0-1
Win rate: 8.35%, Loss rate: 85.07%, Draw rate: 6.58%
P: -8.49, N: -5.38, B: -3.17, R: -8.23, Q: -2.42, K: 0.61, M: 25.00
Game finished: 0-1
Win rate: 8.35%, Loss rate: 85.07%, Draw rate: 6.58%
P: -8.70, N: -5.72, B: -3.25, R: -7.89, Q: -2.78, K: 0.61, M: 25.00
Game finished: 0-1
Win rate: 8.35%, Loss rate: 85.08%, Draw rate: 6.58%
P: -8.00, N: -5.81, B: -3.18, R: -8.02, Q: -2.54, K: 0.61, M: 25.00
Game finished: 0-1
Win rate: 8.35%, Loss rate: 85.08%, Draw rate: 6.57%
P: -9.60, N: -6.14, B: -3.38, R: -8.43, Q: -2.32, K: 0.61, M: 25.00
Game finished: 0-1
Win rate: 8.34%, Loss rate: 85.08%, Draw rate: 6.57%
P: -8.26, N: -5.87, B: -3.17, R: -8.07, Q: -2.33, K: 0.61, M: 25.00
Game finished: 0-1
Win rate: 8.34%, Loss rate: 85.09%, Draw rate: 6.57%
P: -8.33, N: -6.06, B: -3.44, R: -8.44, Q: -2.52, K: 0.61, M: 25.00
Game finished: 0-1
Win rate: 8.34%, Loss rate: 85.09%, Draw rate: 6.57%
P: -7.89, N: -6.04, B: -3.35, R: -8.29, Q: -2.09, K: 0.61, M: 25.00
Game finished: 1-0
Win rate: 8.36%, Loss rate: 85.07%, Draw rate: 6.57%
P: -5.98, N: -5.24, B: -3.23, R: -7.78, Q: -1.78, K: 0.61, M: 25.00
Game finished: 0-1
Win rate: 8.36%, Loss rate: 85.07%, Draw rate: 6.57%
P: -5.22, N: -5.10, B: -2.75, R: -7.60, Q: -1.40, K: 0.61, M: 25.00
Game finished: 0-1
Win rate: 8.36%, Loss rate: 85.08%, Draw rate: 6.56%
Epsilon: 0.0939
Results saved to mf2_results/results.csv
Epsilon history saved to mf2_epsilon/epsilon.csv
Elapsed time: 0:28:41
P: -6.10, N: -4.98, B: -2.53, R: -7.45, Q: -1.49, K: 0.61, M: 25.00
Game finished: 0-1
Win rate: 8.36%, Loss rate: 85.08%, Draw rate: 6.56%
P: -7.72, N: -5.66, B: -3.02, R: -7.83, Q: -1.71, K: 0.61, M: 25.00
Game finished: 0-1
Win rate: 8.35%, Loss rate: 85.08%, Draw rate: 6.56%
P: -6.47, N: -5.03, B: -2.51, R: -7.08, Q: -1.50, K: 0.61, M: 25.00
Game finished: 0-1
Win rate: 8.35%, Loss rate: 85.09%, Draw rate: 6.56%
P: -4.63, N: -4.83, B: -2.45, R: -6.79, Q: -1.53, K: 0.61, M: 25.00
Game finished: 1/2-1/2
Win rate: 8.35%, Loss rate: 85.07%, Draw rate: 6.58%
P: -4.98, N: -4.79, B: -2.54, R: -7.37, Q: -1.59, K: 0.61, M: 25.00
Game finished: 0-1
Win rate: 8.35%, Loss rate: 85.07%, Draw rate: 6.58%
P: -6.66, N: -5.30, B: -3.06, R: -7.86, Q: -1.87, K: 0.61, M: 25.00
Game finished: 0-1
Win rate: 8.35%, Loss rate: 85.07%, Draw rate: 6.58%
P: -7.44, N: -5.66, B: -3.11, R: -8.14, Q: -1.79, K: 0.61, M: 25.00
Game finished: 0-1
Win rate: 8.34%, Loss rate: 85.08%, Draw rate: 6.58%
P: -7.56, N: -5.31, B: -2.90, R: -8.23, Q: -1.92, K: 0.61, M: 25.00
Game finished: 0-1
Win rate: 8.34%, Loss rate: 85.08%, Draw rate: 6.58%
P: -6.97, N: -4.91, B: -2.30, R: -7.87, Q: -2.34, K: 0.61, M: 25.00
Game finished: 0-1
Win rate: 8.34%, Loss rate: 85.09%, Draw rate: 6.57%
P: -5.49, N: -4.82, B: -2.13, R: -7.36, Q: -2.40, K: 0.61, M: 25.00
Game finished: 0-1
Win rate: 8.34%, Loss rate: 85.09%, Draw rate: 6.57%
P: -5.15, N: -4.47, B: -1.91, R: -7.02, Q: -2.51, K: 0.61, M: 25.00
Game finished: 0-1
Win rate: 8.34%, Loss rate: 85.09%, Draw rate: 6.57%
P: -6.20, N: -4.60, B: -2.12, R: -7.27, Q: -2.78, K: 0.61, M: 25.00
Game finished: 0-1
Win rate: 8.33%, Loss rate: 85.10%, Draw rate: 6.57%
P: -7.83, N: -4.95, B: -2.54, R: -7.54, Q: -2.95, K: 0.61, M: 25.00
Game finished: 0-1
Win rate: 8.33%, Loss rate: 85.10%, Draw rate: 6.57%
P: -8.59, N: -4.50, B: -2.39, R: -7.66, Q: -2.83, K: 0.61, M: 25.00
Game finished: 0-1
Win rate: 8.33%, Loss rate: 85.10%, Draw rate: 6.57%
P: -8.55, N: -4.97, B: -2.69, R: -8.07, Q: -2.42, K: 0.61, M: 25.00
Game finished: 0-1
Win rate: 8.33%, Loss rate: 85.11%, Draw rate: 6.56%
P: -8.21, N: -5.09, B: -2.59, R: -7.99, Q: -2.29, K: 0.61, M: 25.00
Game finished: 0-1
Win rate: 8.32%, Loss rate: 85.11%, Draw rate: 6.56%
P: -5.94, N: -5.41, B: -2.58, R: -7.55, Q: -2.36, K: 0.61, M: 25.00
Game finished: 0-1
Win rate: 8.32%, Loss rate: 85.12%, Draw rate: 6.56%
P: -6.12, N: -5.18, B: -2.82, R: -7.82, Q: -2.65, K: 0.61, M: 25.00
Game finished: 0-1
Win rate: 8.32%, Loss rate: 85.12%, Draw rate: 6.56%
P: -6.61, N: -5.60, B: -3.32, R: -8.00, Q: -3.06, K: 0.61, M: 25.00
Game finished: 0-1
Win rate: 8.32%, Loss rate: 85.12%, Draw rate: 6.56%
P: -7.15, N: -5.87, B: -3.46, R: -8.22, Q: -2.79, K: 0.61, M: 25.00
Game finished: 0-1
Win rate: 8.32%, Loss rate: 85.13%, Draw rate: 6.56%
P: -6.87, N: -5.54, B: -3.21, R: -7.96, Q: -2.82, K: 0.61, M: 25.00
Game finished: 0-1
Win rate: 8.31%, Loss rate: 85.13%, Draw rate: 6.55%
P: -7.98, N: -5.76, B: -3.38, R: -8.04, Q: -2.88, K: 0.61, M: 25.00
Game finished: 0-1
Win rate: 8.31%, Loss rate: 85.14%, Draw rate: 6.55%
P: -7.24, N: -5.75, B: -3.09, R: -7.99, Q: -2.81, K: 0.61, M: 25.00
Game finished: 0-1
Win rate: 8.31%, Loss rate: 85.14%, Draw rate: 6.55%
P: -6.05, N: -5.64, B: -2.76, R: -7.68, Q: -2.60, K: 0.61, M: 25.00
Game finished: 0-1
Win rate: 8.31%, Loss rate: 85.14%, Draw rate: 6.55%
P: -6.35, N: -5.85, B: -2.86, R: -7.73, Q: -2.67, K: 0.61, M: 25.00
Game finished: 0-1
Win rate: 8.31%, Loss rate: 85.15%, Draw rate: 6.55%
P: -7.71, N: -6.33, B: -3.43, R: -8.57, Q: -2.68, K: 0.61, M: 25.00
Game finished: 0-1
Win rate: 8.30%, Loss rate: 85.15%, Draw rate: 6.55%
P: -8.26, N: -6.41, B: -3.59, R: -8.70, Q: -3.38, K: 0.61, M: 25.00
Game finished: 0-1
Win rate: 8.30%, Loss rate: 85.15%, Draw rate: 6.54%
P: -6.69, N: -6.09, B: -2.58, R: -7.90, Q: -3.28, K: 0.61, M: 25.00
Game finished: 0-1
Win rate: 8.30%, Loss rate: 85.16%, Draw rate: 6.54%
P: -7.21, N: -5.85, B: -2.93, R: -8.00, Q: -3.38, K: 0.61, M: 25.00
Game finished: 0-1
Win rate: 8.30%, Loss rate: 85.16%, Draw rate: 6.54%
P: -6.50, N: -5.52, B: -2.83, R: -7.88, Q: -3.47, K: 0.61, M: 25.00
Game finished: 0-1
Win rate: 8.30%, Loss rate: 85.17%, Draw rate: 6.54%
P: -6.84, N: -5.54, B: -2.73, R: -7.83, Q: -3.48, K: 0.61, M: 25.00
Game finished: 0-1
Win rate: 8.29%, Loss rate: 85.17%, Draw rate: 6.54%
P: -7.60, N: -5.83, B: -3.01, R: -7.95, Q: -3.53, K: 0.61, M: 25.00
Game finished: 0-1
Win rate: 8.29%, Loss rate: 85.17%, Draw rate: 6.54%
P: -7.91, N: -6.09, B: -3.02, R: -8.10, Q: -3.23, K: 0.61, M: 25.00
Game finished: 0-1
Win rate: 8.29%, Loss rate: 85.18%, Draw rate: 6.53%
P: -6.94, N: -5.61, B: -2.45, R: -7.54, Q: -3.29, K: 0.61, M: 25.00
Game finished: 0-1
Win rate: 8.29%, Loss rate: 85.18%, Draw rate: 6.53%
P: -6.22, N: -4.86, B: -1.83, R: -6.94, Q: -3.39, K: 0.61, M: 25.00
Game finished: 0-1
Win rate: 8.28%, Loss rate: 85.18%, Draw rate: 6.53%
P: -6.32, N: -5.04, B: -1.75, R: -7.14, Q: -3.64, K: 0.61, M: 25.00
Game finished: 0-1
Win rate: 8.28%, Loss rate: 85.19%, Draw rate: 6.53%
P: -7.21, N: -5.72, B: -2.48, R: -7.47, Q: -3.84, K: 0.61, M: 25.00
Game finished: 0-1
Win rate: 8.28%, Loss rate: 85.19%, Draw rate: 6.53%
P: -6.44, N: -5.33, B: -2.09, R: -7.22, Q: -3.81, K: 0.61, M: 25.00
Game finished: 0-1
Win rate: 8.28%, Loss rate: 85.20%, Draw rate: 6.53%
P: -6.98, N: -5.46, B: -2.16, R: -7.25, Q: -3.98, K: 0.61, M: 25.00
Game finished: 0-1
Win rate: 8.28%, Loss rate: 85.20%, Draw rate: 6.52%
P: -6.80, N: -5.23, B: -2.00, R: -7.19, Q: -3.92, K: 0.61, M: 25.00
Game finished: 0-1
Win rate: 8.27%, Loss rate: 85.20%, Draw rate: 6.52%
P: -6.72, N: -4.96, B: -1.63, R: -6.99, Q: -4.10, K: 0.61, M: 25.00
Game finished: 0-1
Win rate: 8.27%, Loss rate: 85.21%, Draw rate: 6.52%
P: -6.39, N: -5.02, B: -1.74, R: -6.74, Q: -4.28, K: 0.61, M: 25.00
Game finished: 0-1
Win rate: 8.27%, Loss rate: 85.21%, Draw rate: 6.52%
P: -6.01, N: -4.82, B: -1.54, R: -6.65, Q: -4.06, K: 0.61, M: 25.00
Game finished: 0-1
Win rate: 8.27%, Loss rate: 85.21%, Draw rate: 6.52%
P: -6.39, N: -5.19, B: -1.20, R: -6.82, Q: -3.86, K: 0.61, M: 25.00
Game finished: 0-1
Win rate: 8.27%, Loss rate: 85.22%, Draw rate: 6.52%
P: -7.49, N: -5.12, B: -1.67, R: -7.37, Q: -3.93, K: 0.61, M: 25.00
Game finished: 0-1
Win rate: 8.26%, Loss rate: 85.22%, Draw rate: 6.51%
P: -8.61, N: -5.67, B: -1.92, R: -7.82, Q: -4.08, K: 0.61, M: 25.00
Game finished: 1/2-1/2
Win rate: 8.26%, Loss rate: 85.20%, Draw rate: 6.54%
P: -6.72, N: -5.40, B: -1.78, R: -7.40, Q: -4.16, K: 0.61, M: 25.00
Game finished: 0-1
Win rate: 8.26%, Loss rate: 85.20%, Draw rate: 6.54%
P: -7.19, N: -5.55, B: -1.80, R: -7.54, Q: -4.20, K: 0.61, M: 25.00
Game finished: 0-1
Win rate: 8.26%, Loss rate: 85.21%, Draw rate: 6.53%
P: -7.86, N: -5.80, B: -1.68, R: -7.28, Q: -4.35, K: 0.61, M: 25.00
Game finished: 0-1
Win rate: 8.26%, Loss rate: 85.21%, Draw rate: 6.53%
P: -9.03, N: -5.68, B: -1.64, R: -7.65, Q: -4.57, K: 0.61, M: 25.00
Game finished: 0-1
Win rate: 8.25%, Loss rate: 85.22%, Draw rate: 6.53%
P: -7.91, N: -5.19, B: -1.21, R: -7.25, Q: -4.29, K: 0.61, M: 25.00
Game finished: 0-1
Win rate: 8.25%, Loss rate: 85.22%, Draw rate: 6.53%
P: -7.93, N: -5.18, B: -1.12, R: -7.25, Q: -4.33, K: 0.61, M: 25.00
Game finished: 0-1
Win rate: 8.25%, Loss rate: 85.22%, Draw rate: 6.53%
P: -7.47, N: -5.35, B: -1.10, R: -7.28, Q: -4.36, K: 0.61, M: 25.00
Game finished: 0-1
Win rate: 8.25%, Loss rate: 85.23%, Draw rate: 6.53%
P: -6.46, N: -5.17, B: -0.94, R: -6.88, Q: -4.37, K: 0.61, M: 25.00
Game finished: 0-1
Win rate: 8.24%, Loss rate: 85.23%, Draw rate: 6.53%
P: -6.96, N: -5.30, B: -0.87, R: -6.94, Q: -4.36, K: 0.61, M: 25.00
Game finished: 0-1
Win rate: 8.24%, Loss rate: 85.23%, Draw rate: 6.52%
P: -6.88, N: -5.61, B: -0.76, R: -6.68, Q: -4.49, K: 0.61, M: 25.00
Game finished: 0-1
Win rate: 8.24%, Loss rate: 85.24%, Draw rate: 6.52%
P: -6.90, N: -5.96, B: -1.21, R: -6.59, Q: -4.57, K: 0.61, M: 25.00
Game finished: 0-1
Win rate: 8.24%, Loss rate: 85.24%, Draw rate: 6.52%
P: -8.00, N: -6.17, B: -1.52, R: -7.15, Q: -4.70, K: 0.61, M: 25.00
Game finished: 0-1
Win rate: 8.24%, Loss rate: 85.25%, Draw rate: 6.52%
P: -7.08, N: -6.03, B: -1.44, R: -6.92, Q: -4.39, K: 0.61, M: 25.00
Game finished: 0-1
Win rate: 8.23%, Loss rate: 85.25%, Draw rate: 6.52%
P: -7.39, N: -6.00, B: -1.36, R: -6.88, Q: -4.34, K: 0.61, M: 25.00
Game finished: 0-1
Win rate: 8.23%, Loss rate: 85.25%, Draw rate: 6.52%
P: -6.77, N: -5.71, B: -1.35, R: -6.76, Q: -4.03, K: 0.61, M: 25.00
Game finished: 1/2-1/2
Win rate: 8.23%, Loss rate: 85.23%, Draw rate: 6.54%
P: -7.97, N: -5.99, B: -1.94, R: -7.30, Q: -4.26, K: 0.61, M: 25.00
Game finished: 0-1
Win rate: 8.23%, Loss rate: 85.23%, Draw rate: 6.54%
P: -8.31, N: -5.82, B: -1.84, R: -7.29, Q: -4.05, K: 0.61, M: 25.00
Game finished: 0-1
Win rate: 8.23%, Loss rate: 85.24%, Draw rate: 6.54%
P: -7.95, N: -5.50, B: -1.81, R: -7.00, Q: -4.11, K: 0.61, M: 25.00
Game finished: 0-1
Win rate: 8.22%, Loss rate: 85.24%, Draw rate: 6.53%
P: -7.47, N: -5.25, B: -1.41, R: -6.80, Q: -3.81, K: 0.61, M: 25.00
Game finished: 0-1
Win rate: 8.22%, Loss rate: 85.25%, Draw rate: 6.53%
P: -7.53, N: -5.16, B: -1.39, R: -6.66, Q: -3.95, K: 0.61, M: 25.00
Game finished: 0-1
Win rate: 8.22%, Loss rate: 85.25%, Draw rate: 6.53%
P: -8.22, N: -5.31, B: -1.25, R: -6.72, Q: -3.70, K: 0.61, M: 25.00
Game finished: 0-1
Win rate: 8.22%, Loss rate: 85.25%, Draw rate: 6.53%
P: -8.04, N: -4.69, B: -1.39, R: -6.93, Q: -3.77, K: 0.61, M: 25.00
Game finished: 0-1
Win rate: 8.22%, Loss rate: 85.26%, Draw rate: 6.53%
P: -7.37, N: -4.26, B: -0.88, R: -7.36, Q: -3.86, K: 0.61, M: 25.00
Game finished: 0-1
Win rate: 8.21%, Loss rate: 85.26%, Draw rate: 6.53%
P: -7.03, N: -3.84, B: -0.88, R: -7.26, Q: -4.00, K: 0.61, M: 25.00
Game finished: 0-1
Win rate: 8.21%, Loss rate: 85.26%, Draw rate: 6.52%
P: -6.81, N: -3.55, B: -0.63, R: -7.27, Q: -3.94, K: 0.61, M: 25.00
Game finished: 0-1
Win rate: 8.21%, Loss rate: 85.27%, Draw rate: 6.52%
P: -7.25, N: -3.86, B: -0.65, R: -7.42, Q: -4.00, K: 0.61, M: 25.00
Game finished: 0-1
Win rate: 8.21%, Loss rate: 85.27%, Draw rate: 6.52%
P: -8.55, N: -4.40, B: -0.79, R: -8.23, Q: -4.32, K: 0.61, M: 25.00
Game finished: 0-1
Win rate: 8.21%, Loss rate: 85.28%, Draw rate: 6.52%
P: -8.93, N: -4.84, B: -1.09, R: -8.56, Q: -4.36, K: 0.61, M: 25.00
Game finished: 0-1
Win rate: 8.20%, Loss rate: 85.28%, Draw rate: 6.52%
P: -7.88, N: -4.61, B: -0.70, R: -7.80, Q: -4.49, K: 0.61, M: 25.00
Game finished: 0-1
Win rate: 8.20%, Loss rate: 85.28%, Draw rate: 6.52%
P: -7.75, N: -4.78, B: -0.77, R: -7.80, Q: -4.52, K: 0.61, M: 25.00
Game finished: 0-1
Win rate: 8.20%, Loss rate: 85.29%, Draw rate: 6.51%
P: -8.19, N: -5.28, B: -1.34, R: -8.37, Q: -5.05, K: 0.61, M: 25.00
Game finished: 0-1
Win rate: 8.20%, Loss rate: 85.29%, Draw rate: 6.51%
P: -8.11, N: -5.64, B: -1.67, R: -8.73, Q: -5.11, K: 0.61, M: 25.00
Game finished: 0-1
Win rate: 8.20%, Loss rate: 85.29%, Draw rate: 6.51%
P: -7.02, N: -5.62, B: -1.49, R: -8.23, Q: -5.37, K: 0.61, M: 25.00
Game finished: 0-1
Win rate: 8.19%, Loss rate: 85.30%, Draw rate: 6.51%
P: -6.28, N: -5.23, B: -1.36, R: -7.86, Q: -5.34, K: 0.61, M: 25.00
Game finished: 0-1
Win rate: 8.19%, Loss rate: 85.30%, Draw rate: 6.51%
P: -6.29, N: -5.17, B: -1.25, R: -7.98, Q: -5.62, K: 0.61, M: 25.00
Game finished: 0-1
Win rate: 8.19%, Loss rate: 85.31%, Draw rate: 6.51%
P: -6.69, N: -5.03, B: -1.13, R: -8.05, Q: -6.02, K: 0.61, M: 25.00
Game finished: 0-1
Win rate: 8.19%, Loss rate: 85.31%, Draw rate: 6.50%
P: -7.04, N: -5.35, B: -1.61, R: -8.36, Q: -6.24, K: 0.61, M: 25.00
Game finished: 0-1
Win rate: 8.18%, Loss rate: 85.31%, Draw rate: 6.50%
P: -6.90, N: -5.45, B: -1.75, R: -8.41, Q: -6.21, K: 0.61, M: 25.00
Game finished: 0-1
Win rate: 8.18%, Loss rate: 85.32%, Draw rate: 6.50%
P: -6.87, N: -5.69, B: -1.66, R: -8.37, Q: -6.20, K: 0.61, M: 25.00
Game finished: 1/2-1/2
Win rate: 8.18%, Loss rate: 85.29%, Draw rate: 6.52%
P: -6.92, N: -5.88, B: -1.72, R: -8.70, Q: -6.01, K: 0.61, M: 25.00
Game finished: 0-1
Win rate: 8.18%, Loss rate: 85.30%, Draw rate: 6.52%
P: -7.23, N: -6.13, B: -2.27, R: -8.74, Q: -6.05, K: 0.61, M: 25.00
Game finished: 0-1
Win rate: 8.18%, Loss rate: 85.30%, Draw rate: 6.52%
P: -7.03, N: -6.02, B: -2.11, R: -8.73, Q: -5.51, K: 0.61, M: 25.00
Game finished: 0-1
Win rate: 8.17%, Loss rate: 85.31%, Draw rate: 6.52%
P: -7.20, N: -5.90, B: -2.31, R: -8.77, Q: -5.37, K: 0.61, M: 25.00
Game finished: 0-1
Win rate: 8.17%, Loss rate: 85.31%, Draw rate: 6.52%
P: -6.99, N: -5.32, B: -2.16, R: -8.29, Q: -5.25, K: 0.61, M: 25.00
Game finished: 0-1
Win rate: 8.17%, Loss rate: 85.31%, Draw rate: 6.52%
P: -6.74, N: -5.05, B: -2.66, R: -8.30, Q: -5.50, K: 0.61, M: 25.00
Game finished: 0-1
Win rate: 8.17%, Loss rate: 85.32%, Draw rate: 6.51%
P: -6.24, N: -5.26, B: -2.65, R: -7.99, Q: -5.45, K: 0.61, M: 25.00
Game finished: 0-1
Win rate: 8.17%, Loss rate: 85.32%, Draw rate: 6.51%
P: -6.03, N: -5.02, B: -2.67, R: -7.66, Q: -5.28, K: 0.61, M: 25.00
Game finished: 0-1
Win rate: 8.16%, Loss rate: 85.32%, Draw rate: 6.51%
P: -6.31, N: -4.67, B: -2.96, R: -7.55, Q: -5.12, K: 0.61, M: 25.00
Game finished: 0-1
Win rate: 8.16%, Loss rate: 85.33%, Draw rate: 6.51%
P: -6.33, N: -4.72, B: -2.98, R: -7.57, Q: -5.00, K: 0.61, M: 25.00
Game finished: 0-1
Win rate: 8.16%, Loss rate: 85.33%, Draw rate: 6.51%
P: -6.64, N: -5.40, B: -3.33, R: -7.90, Q: -5.10, K: 0.61, M: 25.00
Game finished: 0-1
Win rate: 8.16%, Loss rate: 85.34%, Draw rate: 6.51%
P: -7.73, N: -5.76, B: -3.67, R: -8.27, Q: -5.13, K: 0.61, M: 25.00
Game finished: 0-1
Win rate: 8.16%, Loss rate: 85.34%, Draw rate: 6.50%
P: -7.67, N: -5.74, B: -3.66, R: -8.14, Q: -4.94, K: 0.61, M: 25.00
Game finished: 0-1
Win rate: 8.15%, Loss rate: 85.34%, Draw rate: 6.50%
P: -6.96, N: -5.21, B: -3.33, R: -7.78, Q: -5.17, K: 0.61, M: 25.00
Game finished: 0-1
Win rate: 8.15%, Loss rate: 85.35%, Draw rate: 6.50%
P: -7.26, N: -5.40, B: -3.64, R: -8.13, Q: -5.22, K: 0.61, M: 25.00
Game finished: 0-1
Win rate: 8.15%, Loss rate: 85.35%, Draw rate: 6.50%
Epsilon: 0.0939
Results saved to mf2_results/results.csv
Epsilon history saved to mf2_epsilon/epsilon.csv
Elapsed time: 0:29:31
Saved weights after FEN 2
Training on FEN 3/18: 8/8/8/2k5/8/5K2/8/8 w - - 0 1
